,,"Permisos Vigentes de Generación, Importación y Exportación de Energía Eléctrica",,,,,,,,,,,,,,,
,,Comisión Reguladora de Energía / Unidad de Electricidad,,,,,,,,,,,,,,,
,,Actualización: 28 de febrero de 2025,,,,,,,,,,,,,,,
Num,Permisionario,Modalidad,Fecha de Otorgamiento,Número de Permiso,Capacidad Autorizada (MW),Generación Estimada (GWh/Año),Inversion Estimada (Millones de Dólares),Fecha de Entrada en Operación,Energético Primario,Actividad Economica,Tecnología,Estado Actual,Entidad Federativa,Dirección,Empresa Líder,País de Origen,Subasta
1,"Industria del Alcalí, S. A. de C. V.",U.P.C.,22/04/1963,510,1.50,10.40,$1.80,22/04/1963,Gas Natural,Minero,Termoeléctrica Convencional,En operación,Nuevo León,"Km. 9.5 Carretera a García, C.P. 64000, García, Nuevo León",Vitro,México,
2,"Ingenio Mahuixtlán, S. A. de C. V.",U.P.C.,28/02/1969,649,2.00,4.72,$2.40,28/02/1969,Bagazo de Caña,Azucarero,Bioenergía,En operación,Veracruz,"Domicilio conocido, Congregación Mahuixtlan, C.P. 91608, Coatepec, Veracruz",Zucarmex,México,
3,"Central El Potrero, S. A. de C. V.",U.P.C.,15/08/1974,859,10.00,21.40,$12.00,15/08/1974,Bagazo de Caña y Combustóleo,Azucarero,Bioenergía,En operación,Veracruz,"Calle principal s/n, Congregación Gral. Miguel Alemán, C.P. 94963, Atoyac, Veracruz",Beta San Miguel,México,
4,"Bio Pappel Scribe, S. A. de C. V.",U.P.C.,06/04/1977,915,3.50,28.87,$4.20,06/04/1977,Combustóleo,Papelero,Bioenergía,En operación,Michoacán,"Domicilio Conocido en Ejido de Cointzio, C.P. 58341, Morelia, Michoacán",Bio Pappel,México,
5,"Tereftalatos Mexicanos, S. A. de C. V.",U.P.C.,13/01/1978,1011,21.00,107.89,$23.00,13/01/1978,Combustóleo,Químico,Termoeléctrica Convencional,En operación,Veracruz,"Km. 34 Carretera Federal 180, Col. Cosoleacaque, C.P. 96340, Cosoleacaque, Veracruz",Alpek,México,
6,"Arcelormittal Las Truchas, S. A. de C. V.",U.P.C.,13/01/1978,1016,21.60,120.00,$25.92,13/01/1978,Combustóleo,Siderúrgico,Termoeléctrica Convencional,En operación,Michoacán,"Francisco J. Mújica núm. 1B,
Col. Centro, 
60950, Lázaro Cárdenas, Michoacán",ArcelorMittal,Luxemburgo,
7,"Central La Providencia, S. A. de C. V.",U.P.C.,13/01/1978,1031,7.00,25.70,$8.40,13/01/1978,Combustóleo y Bagazo de Caña,Azucarero,Bioenergía,En operación,Veracruz,"Domicilio conocido, La Providencia, C.P. 94920, Cuichapa, Veracruz",Beta San Miguel,México,
8,"Cervecería Modelo de Guadalajara, S. de R. L. de C. V.",U.P.C.,16/02/1978,1044,6.50,43.00,$5.85,16/02/1978,Gas Natural,Alimentos,Bioenergía,En operación,Jalisco,"Av. Mariano Otero No. 663, C.P. 44900, Guadalajara, Jalisco",Grupo Modelo / ABInbev,México - Bélgica,
9,"Ingenio La Gloria, S. A.",U.P.C.,17/03/1978,1225,21.50,140.71,$25.80,17/03/1978,Bagazo de Caña,Azucarero,Bioenergía,En operación,Veracruz,"Domicilio conocido, Congregación La Gloria , C.P. 91663, Ursulo Galván, Veracruz",Grupo Azucarero del Trópico,México,
10,"Industrial Azucarera Atencingo, S. A. de C. V.",U.P.C.,14/04/1978,1258,15.00,18.12,$18.00,14/04/1978,Combustóleo y Bagazo de Caña,Azucarero,Bioenergía,En operación,Puebla,"Domicilio Conocido S/N, Atencingo, Chietla, C. P. 74583, Puebla",Zucarmex,México,
11,"Cervecería Modelo, S. de R. L. de C. V.",U.P.C.,17/04/1978,1260,19.00,133.15,$22.80,17/04/1978,Gas Natural,Alimentos,Termoeléctrica Convencional,En operación,Ciudad de México,"Lago Alberto No. 156, Col. Anahuac, C.P. 11320, Miguel Hidalgo, Ciudad de México",Grupo Modelo / ABInbev,México / Bélgica,
12,"Central Motzorongo, S. A. de C. V.",U.P.C.,12/05/1978,1290,20.00,15.95,$24.00,12/05/1978,Combustóleo y Bagazo de Caña,Azucarero,Bioenergía,En operación,Veracruz,"Domicilio conocido en Motzorongo, C.P. 95090, Tezonapa, Veracruz","Central Motzorongo, S. A. de C. V.",México,
13,"Ingenio El Refugio, S. A. de C. V.",U.P.C.,12/05/1978,1295,4.00,15.00,$4.80,12/05/1978,Bagazo de Caña y Combustóleo,Azucarero,Bioenergía,En operación,Oaxaca,"Domicilio conocido, El Refugio, C.P. 68411, Cosolapa, Oaxaca","Central Motzorongo, S. A. de C. V.",México,
14,"Ingenio San Miguel del Naranjo, S. A. de C. V.",U.P.C.,12/05/1978,1314,49.30,157.08,$59.16,12/05/1978,Bagazo de Caña,Azucarero,Bioenergía,En operación,San Luis Potosí,"Domicilio Conocido, El Naranjo, C.P. 79310, San Luis Potosí, San Luis Potosí",Beta San Miguel,México,
15,"Bio Pappel Scribe, S. A. de C. V.",U.P.C.,11/07/1978,1384,3.50,28.87,$4.20,11/07/1978,Combustóleo,Papelero,Bioenergía,En operación,Michoacán,"Domicilio conocido en Ejido de Cointzio, C.P. 58341, Morelia, Michoacán",Bio Pappel,México,
16,"Empaques Modernos San Pablo, S. A. de C. V.",U.P.C.,17/09/1980,2201,14.00,36.79,$16.80,17/09/1980,Gas Natural,Papelero,Termoeléctrica Convencional,En operación,Estado de México,"Prolongación Poniente 150 s/n, Col. San Pablo Xalpa, C.P. 54090, Tlalnepantla, Estado de México",Grupo Gondi,México,
17,"Ingenio San Nicolás, S. A. de C. V.",U.P.C.,23/10/1980,2375,11.50,37.00,$11.02,23/10/1980,Bagazo de Caña,Azucarero,Bioenergía,En operación,Veracruz,"Domicilio Conocido Cuichapa, C.P. 94920, Cuichapa, Veracruz",ASR - GROUP,Estados Unidos,
18,"Ingenio Plan de Ayala, S. A. de C. V.",U.P.C.,28/01/1981,2487,16.00,20.02,$19.20,28/01/1981,Combustóleo y Bagazo de Caña,Azucarero,Bioenergía,En operación,San Luis Potosí,"Carretera al Ingenio Km. 3.5, C.P. 79030, Ciudad Valles, San Luis Potosí",Ingenios Santos,México,
19,"Central Casasano, S. A. de C. V.",U.P.C.,30/04/1982,3242,3.40,4.43,$4.08,30/04/1982,Bagazo de Caña y Combustóleo,Azucarero,Bioenergía,En operación,Morelos,"Av. Benito Juárez 113, El Casasano, C.P. 62759, Cuautla, Morelos",Beta San Miguel,México,
20,"Ingenio Santa Clara, S. A. de C. V.",U.P.C.,22/03/1984,3474,9.10,4.93,$10.74,22/03/1984,Bagazo de Caña,Azucarero,Bioenergía,En operación,Michoacán,"Domicilio Conocido, Santa Clara, C.P. 59961, Tocumbo, Michoacán",Grupo Porres,México,
21,"Santa Rosalía de La Chontalpa, S. A. de C. V.",U.P.C.,15/06/1984,3519,25.20,32.26,$30.24,15/06/1984,Bagazo de Caña,Azucarero,Bioenergía,En operación,Tabasco,"R/A Rio Seco 2da. Sección, C.P. 86470, Cárdenas, Tabasco",Beta San Miguel,México,
22,"Ingenio Quesería, S. A. de C. V.",U.P.C.,23/10/1984,3574,5.50,13.78,$6.60,23/10/1984,Bagazo de Caña y Combustóleo,Azucarero,Bioenergía,En operación,Colima,"Juan M. Cardenas, Núm.1, Col. Queseria, C.P. 28510, Cuauhtemoc, Colima",Beta San Miguel,México,
23,"Compañía Industrial Azucarera, S. A. de C. V.",U.P.C.,06/02/1985,3591,5.50,18.43,$6.60,06/02/1985,Bagazo de Caña y Combustóleo,Azucarero,Bioenergía,En operación,Veracruz,"Principal s/n, Juan Díaz Covarrubias, C.P. 95850, Veracruz, Veracruz",Ingenios Santos,México,
24,"Ingenio Azucarero Modelo, S. A. de C. V.",U.P.C.,08/04/1985,3629,9.00,7.76,$10.80,08/04/1985,Bagazo de Caña y Combustóleo,Azucarero,Bioenergía,En operación,Veracruz,"Calle Salvador Esquer Núm. 9, Ciudad Cardel, C.P. 91680, La Antigua, Veracruz",Grupo Porres,México,
25,"Ingenio Pánuco, S. A. P. I. de C. V.",U.P.C.,13/02/1986,3730,17.60,26.51,$21.12,13/02/1986,Combustóleo y Bagazo de Caña,Azucarero,Bioenergía,En operación,Veracruz,"Domicilio conocido, Alto del Estero, C.P. 92000, Pánuco, Veracruz",Grupo Pantaleon,Guatemala,
26,"Compañía Cervecera El Trópico, S. de R. L. de C. V.",U.P.C.,16/05/1989,4123,25.00,219.00,$30.00,16/05/1989,Gas Natural y Combustóleo,Alimentos,Bioenergía,En operación,Oaxaca,"Km. 2 Carretera Tuxtepec-Oaxaca , Col. Tuxtepec, C.P. 68300, San Juan Bautista Tuxtepec, Oaxaca",Grupo Modelo / ABInbev,México - Bélgica,
27,"Compañía Occidental Mexicana, S. A. de C. V.",U.P.C.,14/09/1989,4184,8.75,5.60,$7.88,14/09/1989,Diésel,Minero,Combustión Interna,En operación,Baja California Sur,"Domicilio Conocido, Isla San Marcos, C.P. 23920, Comondú, Baja California Sur","Compañía Occidental Mexicana, S. A. de C. V.",México,
28,"Exportadora de Sal, S. A. de C. V., Planta Guerrero Negro e Isla de Cedros",U.P.C.,01/10/1991,4466,22.05,29.18,$19.85,01/10/1991,Diésel,Minero,Combustión Interna,En operación,Baja California Sur,"Domicilio Conocido, Guerrero Negro, C.P. 23940, Mulege, Baja California Sur",Gobierno Federal Mexicano a través del Fideicomiso del Fomento Minero / Mitsubishi Corporation,México - Japón,
29,"Compañía Cervecera de Zacatecas, S. de R. L. de C. V.",U.P.C.,28/08/1992,4469,50.00,68.78,$60.00,28/08/1992,Biogás y Gas Natural,Alimentos,Bioenergía,En operación,Zacatecas,"Km. 33.2 Carretera Federal 45 Zacatecas-Fresnillo, Col. Calera de Víctor Rosales, C.P. 98500, Calera, Zacatecas",Grupo Modelo,México,
30,Productora de Papel; S. A. de C. V.,COG.,20/07/1994,07/COG/94,18.00,115.86,$17.10,15/10/1994,Gas Natural,Papelero,Ciclo Combinado,En operación,Nuevo León,Km. 7; de la Vía F.F.C.C. a Matamoros; C.P. 66490; San Nicolás de los Garza; Nuevo León,"Productora de Papel, S. A. de C. V.",México,
31,"Fersinsa Gist-Brocades, S. A. de C. V.",COG.,20/07/1994,08/COG/94,6.00,42.40,$5.40,30/11/1994,Gas Natural,Alimentos,Turbogás,En operación,Coahuila,"Carretera Monterrey-Saltillo Km. 12.5, Ramos Arizpe, Coahuila.","Corporativo Benavides, S.A. de C. V.",México,
32,"Pemex-Exploración y Producción, Complejo Marino de Producción Abkatún-D",AUT.,06/09/1994,09/AUT/94,7.12,24.00,$6.41,31/12/1991,Gas Dulce,Petrolero,Turbogás,En operación,Campeche,"Complejo Abkatún-D, en la Sonda de Campeche, Cd. del Carmen, Campeche",Pemex,México,
33,"Almidones Mexicanos, S. A. de C. V.",GEN.,05/10/1994,E/12/GEN/94,38.64,166.02,$10.80,30/04/1996,Gas Natural,Alimentos,Turbogás,En operación,Jalisco,"Calle 26, Núm. 2756, Col. Zona Industrial, C.P. 44940, Guadalajara, Jalisco",A. E. Staley Manufacturing Co.,Estados Unidos,
34,"Innophos Fosfatados de México, S. de R. L. de C. V.",COG.,01/03/1995,22/COG/95,6.25,44.00,$7.50,30/03/1995,Gas Natural,Petroquímico,Termoeléctrica Convencional,En operación,Veracruz,"Complejo Industrial Pajaritos, Av. 5 y 12, Col. Pajaritos, C.P. 96400, Coatzacoalcos, Veracruz",Innophos TGI,México,
35,"Papelera Veracruzana, S. A. de C. V.",GEN.,01/03/1995,E/20/GEN/95,1.26,3.27,$1.89,25/09/1998,Agua,Papelero,Hidroeléctrica,En operación,Veracruz,"Casco Ex-hacienda San Antonio , Col. Rafael Delgado , C.P. 94390, Rafael Delgado, Veracruz",Papelera Veracruzana,México,
36,"Flextronics Technologies San Luis, S. A. de C. V.",IMP.,04/03/1996,E/31/IMP/96,5.00,4.60,$1.00,01/11/1996,Importación,Importación,Importación,En operación,Sonora,"De la Industria y Miguel de la Madrid s/n, Col. Parque Industrial, San Luis Río Colorado, Sonora",MCI (Mirror Controls International) Netherlands B.V.,Países Bajos,
37,"Termoeléctrica del Golfo, S. de R. L. de C. V.",GEN.,24/05/1996,E/35/GEN/96,290.00,1974.50,$609.00,29/04/2004,Coque,Cementero,Lecho Fluidizado,En operación,San Luis Potosí,"Fracción las Palmas, C.P. 64000, Tamuín, San Luis Potosí",Cemex,México,
38,"Enertek, S. A. de C. V.",GEN.,24/05/1996,E/36/GEN/96,168.00,1335.63,$163.20,01/02/1998,Gas Natural,Petroquímico,Turbogás,En operación,Tamaulipas,"Km. 17.5 carretera Tampico-Mante,Altamira, Tamaulipas",Mexico Infrastructure Partners (MIP),México,
39,"Pemex-Exploración y Producción, Complejo Marino de Producción Abkatún Inyección de Agua",AUT.,31/05/1996,E/38/AUT/96,35.75,33.80,$32.18,31/12/1991,Gas Dulce,Petrolero,Turbogás,En operación,Campeche,"Complejo Marino de Producción Abkatún-A, en la Sonda de Campeche, Cd. del Carmen, Campeche",Pemex,México,
40,"Pemex-Exploración y Producción, Centro Operativo Cayo Arcas",AUT.,31/05/1996,E/39/AUT/96,5.50,21.90,$4.95,31/12/1991,Diésel,Petrolero,Combustión Interna,En operación,Campeche,"Plataforma de Medición Cayo Arcas, en la Sonda de Campeche, Cd. del Carmen, Campeche",Pemex,México,
41,"Pemex-Exploración y Producción, Complejo marino de producción KU-A",AUT.,31/05/1996,E/40/AUT/96,10.19,10.59,$9.17,31/12/1991,Gas Dulce y Diésel,Petrolero,Turbogás,En operación,Campeche,"Complejo marino de producción KU-A, en la Sonda de Campeche, Cd. del Carmen, Campeche",Pemex,México,
42,"Pemex-Exploración y Producción, Complejo Marino de Producción Ku-H",AUT.,31/05/1996,E/41/AUT/96,14.85,75.38,$13.37,31/12/1991,Diésel,Petrolero,Turbogás,En operación,Campeche,"Complejo Marino De Producción KU-H, en la Sonda de Campeche, Cd. del Carmen, Campeche",Pemex,México,
43,"Pemex-Exploración y Producción, Complejo Marino de Producción NOHOCH-A",AUT.,31/05/1996,E/42/AUT/96,13.97,95.01,$12.57,31/12/1991,Gas Dulce y Diésel,Petrolero,Turbogás,En operación,Campeche,"Complejo Marino de Producción Nohoch-A, en la Sonda de Campeche, Cd. del Carmen, Campeche",Pemex,México,
44,"Pemex-Exploración y Producción, Complejo marino de producción POL-A",AUT.,31/05/1996,E/43/AUT/96,9.17,17.28,$8.26,31/12/1991,Gas Dulce,Petrolero,Turbogás,En operación,Campeche,"Complejo marino de producción Pol-A, en la Sonda de Campeche, Cd. del Carmen, Campeche",Pemex,México,
45,"Pemex-Exploración y Producción, Complejo Marino de Rebombeo",AUT.,31/05/1996,E/44/AUT/96,4.65,22.77,$4.19,31/12/1991,Gas Natural y Diésel,Petrolero,Turbogás,En operación,Campeche,"Complejo Marino De Rebombeo, en la Sonda de Campeche, Cd. del Carmen, Campeche",Pemex,México,
46,"Energía Bidarena, S. de R. L. de C. V.",COG.,21/06/1996,E/46/COG/96,6.15,22.20,$5.54,16/03/1998,Gas Natural,Papelero,Combustión Interna,En operación,Estado de México,"Antiguo Camino Real a Veracruz Km. 17.5, San Sebastián, Teotihuacan, Estado de México","Manufacturera de Papel Bidasoa, S.A. de C.V.",México,
47,"Ingredion México, S. A. de C. V.",GEN.,04/09/1996,E/049/GEN/96,29.20,195.45,$28.23,01/12/1996,Gas Natural,Alimentos,Cogeneración Eficiente,En operación,Querétaro,"Av. Constituyentes, Núm. 149, Col. Zona Industrial Valle de Oro, C.P. 07680, San Juan del Río, Querétaro","Corn Products Sales, LLC",Estados Unidos,
48,"Residuos Industriales Multiquim, S. A. de C. V.",AUT.,03/12/1996,E/53/AUT/96,1.56,0.86,$1.40,03/12/1996,Diésel,Químico,Combustión Interna,En operación,Nuevo León,"Km.86, de la Carretera Monterrey-Monclova, Mina, Nuevo León","Sarp Industries México, S. A. de C. V.",Francia,
49,"Pemex-Exploración y Producción, Sistema de bombeo electrocentrífugo para el campo Ek-Balam",AUT.,13/12/1996,E/54/AUT/96,16.74,30.35,$15.06,31/12/1991,Gas Dulce,Petrolero,Turbogás,En operación,Campeche,"A 92 Kilómetros de la Costa, en la Sonda de Campeche, Cd. del Carmen, Campeche",Pemex,México,
50,"Servicios de Agua y Drenaje de Monterrey, I. P. D. Gobierno del Estado de Nuevo León, Planta Dulces Nombres",AUT.,24/01/1997,E/56/AUT/97,9.20,40.20,$8.28,24/08/1997,Biogás,Municipal,Bioenergía,En operación,Nuevo León,"Km. 2.4, de la Carretera Pesquería-Dulces Nombres, Pesquería, Nuevo León",Gobierno del Estado de Nuevo León,México,
51,"AES Mérida III, S. de R. L. de C. V.",P.I.E.,19/02/1997,E/57/PIE/97,531.50,3400.00,$538.83,31/05/2000,Gas Natural y Diésel,Productor Independiente,Ciclo combinado,En operación,Yucatán,"Ciudad Industrial Felipe Carrillo Puerto, C.P. 97288, Mérida, Yucatán",AES,Estados Unidos,
52,"Fuerza Eólica del Istmo, S. A. de C. V.",AUT.,14/01/1998,E/70/AUT/98,80.00,350.00,$160.00,08/10/2011,Viento,Industrias Diversas,Eólica,En operación,Oaxaca,"Carretera Transismica Federal 185, Km. 59, Población de la Ventosa, Ixpantepec Nieves, Oaxaca",Grupo Peñoles,México,
53,"Pemex Transformación Industrial, Complejo Procesador de Gas Cactus",COG.,23/01/1998,E/73/COG/98,72.42,315.16,$65.45,31/12/1991,Gas Natural,Petroquímico,Turbogás,En operación,Chiapas,"Complejo Procesador Cactus, Ejido San Miguel, Segunda Sección, C.P. 29500, Reforma, Chiapas",Pemex,México,
54,"Pemex Transformación Industrial, Complejo Petroquímico Morelos",GEN.,13/02/1998,E/74/GEN/98,172.00,490.56,$198.00,31/12/1991,Gas Natural,Petroquímico,Ciclo combinado,En operación,Veracruz,"Ejido Pajaritos, s/n, Col. Gavilán de Allende, C.P. 96400, Coatzacoalcos, Veracruz",Pemex,México,
55,"Pemex Transformación Industrial, Complejo Petroquímico Cangrejera",COG.,13/02/1998,E/75/COG/98,163.50,762.00,$190.35,31/12/1991,Gas Natural,Petroquímico,Ciclo combinado,En operación,Veracruz,"kilómetro 10 de la Carretera a Villahermosa, C.P. 96400, Coatzacoalcos, Veracruz",Pemex,México,
56,"Pemex Transformación Industrial, Complejo Petroquímico Pajaritos",COG.,13/02/1998,E/76/COG/98,58.50,202.00,$52.65,31/12/1991,Gas Natural,Petroquímico,Turbogás,En operación,Veracruz,"km 7.5, de la Carretera Coatzacoalcos-Villahermosa, Población Pajaritos, C.P. 96400, Coatzacoalcos, Veracruz",Mexichem S.A.B,México,
57,"Agroindustrias del Balsas, S. A. de C. V.",GEN.,11/03/1998,E/077/GEN/98,15.00,120.50,$18.00,31/12/1991,Combustóleo,Químico,Termoeléctrica Convencional,En operación,Michoacán,"Isla de Enmedio s/n, Recinto Portuario, C.P. 60950, Lázaro Cárdenas, Michoacán","Grupo Fertinal, S. A. de C. V.",México,
58,"Piasa Ingenio Plan de San Luis, S. A. de C. V.",AUT.,11/03/1998,E/78/AUT/98,9.00,18.00,$10.80,31/12/1991,Bagazo de Caña y Combustóleo,Azucarero,Bioenergía,En operación,San Luis Potosí,"Ejido La Hincada, en Ciudad Valles, C.P. 79000, Ciudad Valles, San Luis Potosí","Promotora Industrial Azucarera, S. A. de C. V.",México,
59,"Pemex-Refinación, Gerencia de Terminal Logística Pajaritos.",AUT.,20/03/1998,E/80/AUT/98,49.69,86.00,$44.72,31/12/1991,Gas Natural,Petroquímico,Turbogás,En operación,Veracruz,"Carretera Coatzacoalcos-Villahermosa km 5.5 , Col. Complejo Industrial Pajaritos, C.P. 96740, Coatzacoalcos, Veracruz",Pemex,México,
60,"Ingenio Presidente Benito Juárez, S. A. de C. V.",AUT.,27/03/1998,E/81/AUT/98,14.00,20.00,$16.80,31/12/1991,Combustóleo y Bagazo de Caña,Azucarero,Bioenergía,En operación,Tabasco,"Poblado C-27, Col. H. Cardenas, C.P. 86500, Cárdenas, Tabasco","Grupo Azucarero México, S. A. de C. V.",México,
61,"Mexicana de Cobre, S. A. de C. V.",AUT.,17/04/1998,E/84/AUT/98,36.50,287.61,$43.80,31/12/1991,Combustóleo,Minero,Termoeléctrica Convencional,En operación,Sonora,"Km. 21, s/n, De La Carretera Nacozari-Agua Prieta, C.P. 84340, Nacozari de García, Sonora","Asarco Mexicana, S. A.",Estados Unidos,
62,"Grupo Azucarero San Pedro, S. A. de C. V.",AUT.,24/04/1998,E/85/AUT/98,10.00,10.80,$12.00,31/12/1991,Combustóleo y Bagazo de Caña,Azucarero,Bioenergía,En operación,Veracruz,"Camino Vecinal Lerdo-Saltabarranca s/n, Col. Lerdo de Tejada, C.P. 95280, Lerdo de Tejada, Veracruz","Nacional Financiera, S. N. C.",México,
63,"Corporativo Azucarero Emiliano Zapata, S. A. de C. V.",AUT.,24/04/1998,E/86/AUT/98,8.60,20.50,$10.32,31/12/1991,Combustóleo y Bagazo de Caña,Azucarero,Bioenergía,En operación,Morelos,"Calle de Salona, s/n, Col. Lazaro Cardenas, C.P. 62780, Zacatepec, Morelos",Beta San Miguel,México,
64,"Central San Miguelito, S. A. de C. V.",AUT.,22/05/1998,E/87/AUT/98,5.20,6.69,$6.24,31/12/1991,Combustóleo y Bagazo de Caña,Azucarero,Bioenergía,En operación,Veracruz,"Domicilio Conocido, Congregación Buena Vista, C.P. 94680, Córdoba, Veracruz",Beta San Miguel,México,
65,"Industrial Azucarera San Cristóbal, S. A. de C. V.",AUT.,22/05/1998,E/88/AUT/98,24.20,38.15,$28.68,31/12/1991,Combustóleo y Bagazo de Caña,Azucarero,Bioenergía,En operación,Veracruz,"Nicolas Bravo, Núm. 5, Col. Carlos A. Carrillo, C.P. 95330, Carrillo Puerto, Veracruz","Consorcio Norteamericano del Azúcar, S. A. de C. V.",México,
66,"Ingenio Lázaro Cárdenas, S. A. de C. V.",GEN.,22/05/1998,E/91/GEN/98,8.00,11.63,$9.60,31/12/1991,Combustóleo y Bagazo de Caña,Azucarero,Bioenergía,En operación,Michoacán,"Casco Ex-Hacienda, s/n, Col. Centro, C.P. 61710, Taretán, Michoacán","Financiera Nacional Azucarera, S. A.",México,
67,"Azsuremex, S. A. de C. V.",AUT.,22/05/1998,E/92/AUT/98,2.50,1.95,$3.00,31/12/1991,Combustóleo y Bagazo de Caña,Azucarero,Bioenergía,En operación,Tabasco,"Km. 2 de la Carretera a la Palma, C.P. 86901, Tenosique, Tabasco","Nacional Financiera, S. N. C.",México,
68,"Altos Hornos de México, S. A. B. de C. V.",GEN.,12/06/1998,E/094/GEN/98,260.30,1500.00,$261.41,31/12/1991,"Gas Natural, Gas de Alto Horno, Gas de Coque y Combustóleo",Siderúrgico,Ciclo combinado,En operación,Coahuila,"Juárez s/n , Col. La Loma, C.P. 25770, Monclova, Coahuila",AHMSA,México,
69,"INEOS Styrolution Mexicana, S. A. de C. V.",COG.,26/06/1998,E/96/COG/98,10.60,88.93,$9.54,01/03/1999,Gas Natural,Químico,Turbogás,En operación,Tamaulipas,"Km. 1.8 del Boulevard de los Ríos, Parque Industrial Fondeport, C.P. 89600, Altamira, Tamaulipas",INEOS Styrolution Group GmbH,Alemania,
70,"Ingenio Tala, S. A. de C. V.",AUT.,15/07/1998,E/98/AUT/98,9.00,19.17,$10.80,31/12/1991,Combustóleo y Bagazo de Caña,Azucarero,Bioenergía,En operación,Jalisco,"Km. 46, de la carretera Guadalajara-Ameca-Puerto V, C.P. 45300, Tala, Jalisco","Grupo Azucarero México, S. A. de C. V.",México,
71,"Pemex-Exploración y Producción, Centro de Proceso Akal-C",AUT.,12/08/1998,E/103/AUT/98,27.77,140.16,$24.99,31/12/1991,Gas Natural y Diésel,Petrolero,Turbogás,En operación,Campeche,"Complejo Marino de Producción Akal-C, en la Sonda de Campeche, Campeche",Pemex,México,
72,"Pemex-Exploración y Producción, Complejo Marino de Producción Akal-J",AUT.,12/08/1998,E/104/AUT/98,16.93,111.26,$15.24,31/12/1991,Gas Natural y Diésel,Petrolero,Turbogás,En operación,Campeche,"Complejo Marino de Producción Akal-J, en la Sonda de Campeche, Campeche",Pemex,México,
73,"Pemex-Exploración y Producción, Complejo Marino de Producción Abkatun-A",AUT.,12/08/1998,E/106/AUT/98,14.52,61.00,$13.07,31/12/1991,Gas Dulce,Petrolero,Turbogás,En operación,Campeche,"Complejo Marino de Producción Abkatún-A, en la Sonda de Campeche, Campeche",Pemex,México,
74,"Pemex-Logística, Centro de Proceso y Transporte de Gas Atasta",AUT.,13/08/1998,E/107/AUT/98,8.10,21.35,$7.29,31/12/1991,Gas Natural,Petrolero,Turbogás,En operación,Campeche,"Carretera Federal 180 Ciudad del Carmen - Villahermosa, Km. 33, C.P. 24180, Carmen, Campeche",Pemex,México,
75,"Ingenio El Molino, S. A. de C. V.",AUT.,11/09/1998,E/108/AUT/98,10.00,8.70,$12.00,31/12/1991,Combustóleo y Bagazo de Caña,Azucarero,Bioenergía,En operación,Nayarit,"12 de Octubre Sur, Núm. 195, Col. Menchaca, C.P. 63150, Tepic, Nayarit",Sr. José M. Menchaca,México,
76,"Papelera Industrial Potosina, S. de R. L. de C. V.",GEN.,09/10/1998,E/113/GEN/98,6.53,35.37,$6.04,12/02/1999,Gas Natural,Papelero,Ciclo combinado,En operación,San Luis Potosí,"Eje Número 114, s/n , Col. Zona Industrial, C.P. 78090, San Luis Potosí, San Luis Potosí",Grupo Gondi,México,
77,"Cervecería Cuauhtémoc-Moctezuma, S. A. de C. V., Planta Orizaba",AUT.,16/10/1998,E/114/AUT/98,8.23,29.16,$11.74,31/12/1991,Agua y Gas Natural,Alimentos,Hidroeléctrica,En operación,Veracruz,"Sur 10 y Poniente 9 s/n, Col. Orizaba, C.P. 94300, Orizaba, Veracruz","FEMSA Cerveza, S. A. de C. V.",México,
78,"Ingenio Tamazula, S. A. de C. V.",AUT.,26/10/1998,E/116/AUT/98,20.60,23.38,$24.72,31/12/1991,Bagazo de Caña y Combustóleo,Azucarero,Bioenergía,En operación,Jalisco,"Boulevard Ramón Corona, Núm. 1126, Col. Centro, C.P. 49650, Tamazula de Gordiano, Jalisco","Grupo Industrial Azucarero de Occidente, S. A. de C. V.",México,
79,"Ingenio Alianza Popular, S. A. de C. V.",AUT.,03/11/1998,E/119/AUT/98,6.40,13.20,$7.56,31/12/1991,Combustóleo y Bagazo de Caña,Azucarero,Bioenergía,En operación,San Luis Potosí,"Domicilio conocido, Col. Tambaca, C.P. 79730, Tamasopo, San Luis Potosí","Financiera Nacional Azucarera, S. A.",México,
80,"Generadora Eléctrica San Rafael, S. A. P. I. de C. V.",AUT.,11/11/1998,E/121/AUT/98,28.80,150.00,$43.20,01/02/2016,Agua,Generación,Hidroeléctrica,En operación,Nayarit,"a 16 km aguas abajo de la Central Aguamilpa, en la Presa Reguladora San Rafael, Municipio de Tepic, Nayarit.",Wal-Mart,Estados Unidos,
81,"Fuerza y Energía de Hermosillo, S. A. de C. V.",P.I.E.,23/11/1998,E/124/PIE/98,270.00,1800.00,$256.19,01/10/2001,Gas Natural,Productor Independiente,Ciclo combinado,En operación,Sonora,"Ejido de la Manga, Hermosillo, Sonora",Naturgy,España,
82,"Ingenio El Dorado, S. A. de C. V.",AUT.,03/12/1998,E/125/AUT/98,9.60,9.60,$11.34,31/12/1991,Combustóleo y Bagazo de Caña,Azucarero,Bioenergía,En operación,Sinaloa,"Calle Primera Núm. 1, Col. Centro, El Dorado, C.P. 80450, Culiacán, Sinaloa","Controladora de Negocios Azucareros, S. A. de C. V.",México,
83,"Central Anáhuac, S. A. de C. V.",P.I.E.,16/12/1998,E/128/PIE/98,528.70,3705.00,$536.00,18/01/2002,Gas Natural,Productor Independiente,Ciclo combinado,En operación,Tamaulipas,"Predio Núm. 463, Col. Agrícola Anáhuac, Valle Hermoso, Tamaulipas","MT Falcon Holdings Company, S. A. de C. V.",Reino Unido,
84,"Mexicana de Hidroelectricidad Mexhidro, S. de R. L. de C. V.",GEN.,15/01/1999,E/130/GEN/99,30.00,146.20,$45.00,01/12/2006,Agua,Siderúrgico,Hidroeléctrica,En operación,Guerrero,"Presa ""El Gallo"", sobre el río Cutzamala, Ejido la Cañada y el Pinzán, Muncipio de Cutzamala de Pinzón, Guerrero.",Enel Green Power,Italia,
85,"Enviroquip, S. de R. L. de C. V.",IMP.,08/02/1999,E/132/IMP/99,1.60,11.50,$0.38,17/05/1999,Importación,Importación,Importación,En operación,Sonora,"Avenida Dr. Samuel Ocaña, Lotes 4, 5, 6, 7, 8 y Lote s/n, Manzana 5, Parque Industrial de San Luis Río Colorado, Municipio de San Luis Río Colorado, 83455, Sonora",Enviroquip,Estados Unidos,
86,"Central Saltillo, S. A. de C. V.",P.I.E.,19/03/1999,E/133/PIE/99,232.47,1731.00,$235.68,10/11/2001,Gas Natural,Productor Independiente,Ciclo combinado,En operación,Coahuila,"Municipio de Ramos Arizpe, Coahuila","MT Falcon Holdings Company, S. A. P. I. de C. V.",Reino Unido,
87,"Minera la Encantada, S. A. de C. V.",GEN.,09/04/1999,E/134/GEN/99,13.20,55.00,$11.88,31/12/1991,Diésel,Minero,Combustión Interna,En operación,Coahuila,"Casa De Fuerza s/n , Zona Industrial, Población de la Encantada, C.P. 27500, Ocampo, Coahuila",Grupo Peñoles,México,
88,"Energía Azteca VIII, S. de R. L. de C. V.",P.I.E.,02/06/1999,E/135/PIE/99,597.00,4399.00,$605.24,15/01/2002,Gas Natural,Productor Independiente,Ciclo combinado,En operación,Guanajuato,"Km. 82, Carretera Federal 57, Las Delicias, San Luis de la Paz, Guanajuato",Saavi,Reino Unido,
89,"Ingenio El Higo, S. A. de C. V.",AUT.,02/06/1999,E/136/AUT/99,21.80,26.40,$26.16,31/12/1991,Bagazo de Caña,Azucarero,Bioenergía,En operación,Veracruz,"Calle Ribera 39, El Higo Centro, El Higo, Veracruz, C. P. 92400","Impulsora Azucarera del Noroeste, S. A. de C. V.",México,
90,"Electricidad Águila de Tuxpan, S. de R. L. de C. V. ",P.I.E.,25/06/1999,E/139/PIE/99,535.56,3707.45,$542.95,16/12/2001,Gas Natural y Diésel,Productor Independiente,Ciclo combinado,En operación,Veracruz,"Fracción de terreno 220, del predio rústico denominado ""Asunción y Santiago de la Peña"", Tuxpan, Veracruz",Mitsubishi Corporation,Japón,
91,"Ternium México, S. A. de C. V., Planta Monterrey",AUT.,12/07/1999,E/140/AUT/99,50.00,28.00,$45.00,31/12/1991,Gas Natural,Siderúrgico,Turbogás,En operación,Nuevo León,"Avenida los Angeles, Núm. 325 Oriente, C.P. 66452, San Nicolás de los Garza, Nuevo León",Termium,Luxemburgo,
92,"ArcelorMittal México, S. A. de C. V.",AUT.,20/07/1999,E/141/AUT/99,40.00,180.40,$48.00,31/12/1991,Gas Natural,Siderúrgico,Termoeléctrica Convencional,En operación,Michoacán,"Francisco J. Mujica, Núm. 1-B, Col. Centro, C.P. 60950, Lázaro Cárdenas, Michoacán",ArcelorMittal,Luxemburgo,
93,"Ingenio Adolfo López Mateos, S. A. de C. V.",AUT.,09/08/1999,E/142/AUT/99,13.50,21.60,$16.20,31/12/1991,Combustóleo y Bagazo de Caña,Azucarero,Bioenergía,En operación,Oaxaca,"Domicilio conocido, Col. Congregación San Antonio El Encinal, C.P. 68360, San Juan Bautista Tuxtepec, Oaxaca","Financiera Nacional Azucarera, S. A.",México,
94,"Compañía de Nitrógeno de Cantarell, S. A. de C. V.",COG.,03/09/1999,E/148/COG/99,362.60,2452.80,$326.34,31/05/2000,Gas Natural y Diésel,Petrolero,Turbogás,En operación,Campeche,"Carretera Federal 1 Villahermosa - Cd. del Carmen 800 mts al sur, entre Nuevo Progreso y San Antonio Cárdenas, Nuevo Progreso, Carmen, Campeche, C. P. 24325",Boc Holdings,Reino Unido,
95,"Termoeléctrica Peñoles, S. de R. L. de C. V.",GEN.,03/09/1999,E/149/GEN/99,290.00,1850.00,$609.00,30/04/2004,Coque,Minero,Lecho Fluidizado,En operación,San Luis Potosí,"Fracción las Palmas, Tamuín, San Luis Potosí",Grupo Peñoles,México,
96,"Iberdrola Energía Monterrey, S. A. de C. V.",P.I.E.,08/10/1999,E/152/PIE/99,530.10,4061.00,$537.42,26/03/2002,Gas Natural,Productor Independiente,Ciclo combinado,En operación,Nuevo León,"Sitio denominado ""La Camisa"", Pesquería, Nuevo León",Mexico Infrastructure Partners (MIP),México,
97,"Celulosa de Fibras Mexicanas, S. A. de C. V.",GEN.,05/11/1999,E/154/GEN/99,5.00,33.25,$4.50,15/12/1999,Gas Natural,Papelero,Cogeneración,En operación,Tlaxcala,"Camino a la colonia Morelos Km. A 1 , Col. , C.P. 90300, Apizaco, Tlaxcala",Grupo Mosa,México,
98,"Mexichem Resinas Vinílicas, S. A. de C. V.",GEN.,07/01/2000,E/157/GEN/2000,18.73,149.60,$18.23,28/02/2000,Gas Natural,Químico,Ciclo combinado,En operación,Tamaulipas,"Km. 4.5 de la autopista Altamira-Nuevo Puerto Industrial, C.P. 89600, Altamira, Tamaulipas",Mexichem,México,
99,"Compañía Azucarera La Fé, S. A. de C. V.",AUT.,25/01/2000,E/158/AUT/2000,13.06,21.50,$15.67,31/12/1991,Bagazo de Caña,Azucarero,Bioenergía,En operación,Chiapas,"Principal s/n., Col. San Francisco Pujiltic, C.P. 30310, Venustiano Carranza, Chiapas","Impulsora Azucarera del Noroeste, S. A. de C. V.",México,
100,"Compañía Minera Autlán, S. A. de C. V., Unidad Molango",AUT.,25/01/2000,E/159/AUT/2000,10.88,24.70,$9.79,31/12/1991,Gas Natural y Diésel,Minero,Combustión Interna,En operación,Hidalgo,"Km. 10 de la carretera Federal Casetas-Otongo, Ayotetla , C.P. 43130, Lolotla, Hidalgo",Compañía Minera Autlán,México,
101,"Ingenio Melchor Ocampo, S. A. de C. V.",AUT.,17/02/2000,E/161/AUT/2000,6.10,9.10,$7.32,31/12/1991,Bagazo de Caña,Azucarero,Bioenergía,En operación,Jalisco,"Predio de Zacapala, C.P. 48900, Autlán de Navarro, Jalisco","Impulsora Azucarera del Noroeste, S. A. de C. V.",México,
102,"Energía Campeche, S. A. de C. V.",P.I.E.,06/04/2000,E/164/PIE/2000,275.00,2102.97,$278.80,28/05/2003,Gas Natural,Productor Independiente,Ciclo Combinado,En operación,Campeche,"Km. 186 de la Carretera 186 Villharmosa - Escárcega, Palizada, Campeche",Saavi,Reino Unido,
103,"Electricidad Águila de Altamira, S. de R. L. de C. V.",P.I.E.,28/04/2000,E/165/PIE/2000,515.90,3841.00,$523.02,01/05/2002,Gas Natural,Productor Independiente,Ciclo combinado,En operación,Tamaulipas,"Lomas del Real a 30 Km. de la Cd. de Tampico, Altamira, Tamaulipas","MT Falcon Holdings Company, S. A. P. I. de C. V.",Reino Unido,
104,"Tractebel Energía de Monterrey, S. de R. L. de C. V.",GEN.,02/06/2000,E/167/GEN/2000,284.02,2265.00,$287.94,28/03/2003,Gas Natural,Generador,Cogeneración Eficiente,En operación,Nuevo León,"Km. 9.66 de la carretera estatal Núm. 16 García-Monterrey, C.P. 66000, García, Nuevo León","Enron Energía Industrial de México, S. de R. L. de C. V.",Estados Unidos,
105,"Vidrio Plano de México, S. A. de C. V.",AUT.,19/06/2000,E/170/AUT/2000,11.40,10.69,$10.26,31/12/1991,Diésel,Químico,Turbogás,En operación,Nuevo León,"Km. 10 de la Carretera a García, C.P. 66000, García, Nuevo León",Andrés Garza Sada,México,
106,"Fuerza y Energía de Naco-Nogales, S. A. de C. V.",P.I.E.,14/07/2000,E/171/PIE/2000,289.30,2383.95,$293.29,04/10/2003,Gas Natural,Productor Independiente,Ciclo Combinado,En operación,Sonora,"""El Fresnal"", 14 kilómetros al suroeste de la población de Agua Prieta, Agua Prieta, Sonora.",Naturgy,España,
107,"Ternium México, S. A. de C. V., Planta Puebla",AUT.,21/07/2000,E/172/AUT/2000,5.60,30.24,$6.72,31/12/1991,Gas Natural,Siderúrgico,Termoeléctrica Convencional,En operación,Puebla,"Km. 20 de la autopista México-Puebla, San Miguel Xoxtla, Puebla",Termium,Luxemburgo,
108,"Energía Azteca X, S. A. de C. V.",P.I.E.,07/08/2000,E/174/PIE/2000,597.25,4850.00,$605.49,20/07/2003,Gas Natural,Productor Independiente,Ciclo combinado,En operación,Baja California,"Predio denominado ""Las Palmas"", lote 45, Colonia Progreso, Sección Cuarta del Municipio de Mexical,carretera Mexicali-Tijuana, Mexicalí, Baja California",Saavi,Reino Unido,
109,"Agroenergía, S. A. de C. V.",GEN.,14/08/2000,E/175/GEN/2000,19.20,140.00,$20.88,31/12/1991,Gas Natural,Químico,Turbogás,En operación,Querétaro,"Km. 5.5-1 de la carretera a Tlacote El Bajo, Col. Centro, C.P. 76000, Querétaro, Querétaro",Agrogen SA de CV,México,
110,"Ingenio San Rafael de Pucté, S. A. de C. V.",AUT.,15/09/2000,E/176/AUT/2000,49.00,157.08,$58.80,31/12/1991,Bagazo de Caña,Azucarero,Bioenergía,En operación,Quintana Roo,"Domicilio Conocido, Población de Javier Rojo Gómez, C.P. 77984, Othon P. Blanco, Quintana Roo",Beta San Miguel,México,
111,"Pemex-Exploración y Producción, Plataforma Marina Complejo Ixtoc-A",AUT.,23/10/2000,E/178/AUT/2000,0.83,1.56,$0.74,30/10/2000,Diésel,Petrolero,Combustión Interna,En operación,Campeche,"Plataforma Marina Complejo Ixtoc-A, Sonda de Campeche, Campeche",Pemex,México,
112,"Italaise, S. A. de C. V.",GEN.,31/10/2000,E/179/GEN/2000,5.20,32.86,$4.68,01/08/2001,Gas Natural,Manufacturero,Turbogás,En operación,Querétaro,"Avenida San Diego Núm. 1, Col. Carrillo Puerto, C.P. 76200, Querétaro, Querétaro","Porcelanite Lamosa, S. A. de C. V.",México,
113,"Gresaise, S. A. de C. V.",GEN.,31/10/2000,E/180/GEN/2000,5.20,33.34,$4.68,01/09/2001,Gas Natural,Manufacturero,Turbogás,En operación,Tlaxcala,"km 27 de la carretera Puebla-Santa Ana, colonia La Magdalena Tlaltelulco, Santa Ana Chiuautempan, Tlaxcala, CP. 90830","Porcelanite Lamosa, S. A. de C. V.",México,
114,"Fuerza y Energía de Tuxpan, S. A. de C. V.",P.I.E.,15/12/2000,E/181/PIE/2000,1059.00,7545.90,"$1,073.61",23/05/2003,Gas Natural,Productor Independiente,Ciclo combinado,En operación,Veracruz,"En el predio denominado Tres Estrellas, A 25 Km. al Sur de la Ciudad de Tuxpan, Tuxpan, Veracruz",Naturgy,España,
115,"Becton Dickinson de México, S. A. de C. V.",COG.,09/02/2001,E/184/COG/2001,6.54,40.87,$5.89,30/06/2001,Gas Natural,Farmacéutica,Cogeneración,En operación,Estado de México,"Km. 37.5 de la Autopista México-Queretaro, Col. Fraccionamiento Industrial Cuamatla, C.P. 54730, Cuautitlán Izcalli, Estado de México","Becton, Dickinson and Company",Estados Unidos,
116,"Iberdrola Energía Altamira, S. A. de C. V.",P.I.E.,14/02/2001,E/185/PIE/2001,1153.70,7797.00,"$1,169.62",24/12/2003,Gas Natural,Productor Independiente,Ciclo combinado,En operación,Tamaulipas,"Sitio ""Lomas del Real"", a 30 km de la Ciudad de Tampico, Altamira, Tamaulipas",Mexico Infrastructure Partners (MIP),México,
117,"Industrias Químicas Falcón de México, S. A. de C. V.",GEN.,12/03/2001,E/187/GEN/2001,5.00,31.50,$4.50,23/11/2001,Diésel,Químico,Turbogás,En operación,Morelos,"Km. 4.5, de la Carretera Federal a Cuautla, Civac, C.P. 62500, Jiutepec, Morelos","Syntex, S. A. de C. V.",Suiza,
118,"Energía Chihuahua, S. A. de C. V.",P.I.E.,27/04/2001,E/191/PIE/2001,277.64,2332.96,$281.47,08/09/2003,Gas Natural,Productor Independiente,Ciclo combinado,En operación,Chihuahua,"Km. 166 de la Carretera Panamericana tramo Sueco - Juárez, Juárez, Chihuahua",Saavi,Reino Unido,
119,"Mission Hills, S. A. de C. V.",GEN.,10/05/2001,E/192/GEN/2001,7.52,43.80,$6.77,10/07/2001,Gas Natural,Maquilador,Turbogás,En operación,Guanajuato,"Km. 47 de la Carretera Federal Queretaro-San Luis, Col. La Cantera, C.P. 37980, San José Iturbide, Guanajuato","Inmobiliaria Hills, S. A. de C. V.",Estados Unidos,
120,"Papeles Ultra, S. A. de C. V.",AUT.,28/05/2001,E/194/AUT/2001,10.00,43.80,$12.00,31/12/1991,Combustóleo,Papelero,Termoeléctrica Convencional,En operación,Estado de México,"Km. 24.4 de la carretera Federal México-Puebla , Col. Población de Tlapizahuac, C.P. 56560, Ixtapaluca, Estado de México",Jorge Alberto Gonzalez Calderon,México,
121,"Termoeléctrica de Mexicali, S. de R. L. de C. V.",IMP.,01/06/2001,E/195/IMP/2001,12.00,2.00,$4.80,02/05/2003,Importación,Importación,Importación,En operación,Baja California,"Km. 14 de la carretera número 2 de Mexicali-Tijuana, Delegación Progreso, Mexicali, Baja California",IENOVA,Estados Unidos,
122,"Termoeléctrica de Mexicali, S. de R. L. de C. V.",EXP.,09/08/2001,E/197/EXP/2001,679.70,5835.00,$689.08,02/05/2003,Gas Natural,Exportación,Ciclo combinado,En operación,Baja California,"km 14 de la carretera número 2 de Mexicali-Tijuana, Delegación Progreso, Mexicali, Baja California",IENOVA,Estados Unidos,
123,"Central Lomas de Real, S. A. de C. V.",P.I.E.,16/08/2001,E/198/PIE/2001,522.00,4115.00,$529.20,01/04/2004,Gas Natural,Productor Independiente,Ciclo combinado,En operación,Tamaulipas,"Calle S/67-000-200 núm. 463, Col. Agrícola-Anáhuac, Valle Hermoso, Tamaulipas, C.P. 87500","Mitsui & Co., Ltd.",Japón,
124,"Energía Azteca VIII, S. de R. L. de C. V.",GEN.,16/08/2001,E/199/GEN/2001,131.10,969.00,$132.91,15/01/2002,Gas Natural,Industrias Diversas,Ciclo combinado,En operación,Guanajuato,"Km. 82, Carretera Federal 57, Las Delicias, San Luis de la Paz, Guanajuato",Saavi,Inglaterra,
125,"Energía de Baja California, S. de R. L. de C. V.",GEN.,25/09/2001,E/200/GEN/2001,337.05,2952.12,$341.70,26/07/2003,Gas Natural,Exportación,Ciclo combinado,En operación,Baja California,"Lote No. 46, km 11.5 de la carretera Mexicali-Tijuana, Colonia Progreso, Sección IV, Mexicalí, Baja California",Sempra Energy,Estados Unidos,
126,"Eléctrica del Valle de México, S. de R. L. de C. V.",AUT.,25/09/2001,E/201/AUT/2001,67.50,365.16,$135.00,01/04/2010,Viento,Municipal,Eólica,En operación,Oaxaca,"Ejido de Aguascalientes-La Mata y la Ventosa, en la región del Istmo de Tehuantepec, Asunción Ixtaltepec y Juchitán de Zaragoza, Oaxaca",Wal-Mart,Estados Unidos,
127,"Pemex-Exploración y Producción, Plataforma Akal-C, Compresión CA-AC-2",AUT.,18/01/2002,E/206/AUT/2002,12.84,101.97,$11.56,18/01/2002,Gas Natural y Diésel,Petrolero,Turbogás,En operación,Campeche,"Plataforma Akal C, Compresión CA-AC-2, en la Sonda de Campeche, Campeche",Pemex,México,
128,"Central Valle Hermoso, S. A. de C. V.",P.I.E.,22/04/2002,E/208/PIE/2002,518.63,3862.00,$525.79,01/04/2005,Gas Natural,Productor Independiente,Ciclo combinado,En operación,Tamaulipas,"sitio Anáhuac Sur 2, colonia Agrícola-Anáhuac, municipio de Valle Hermoso, Tamaulipas, C.P. 87500.","MT Falcon Holdings Company, S. A. P. I. de C. V.",Reino Unido,
129,"Energía de Baja California, S. de R. L. de C. V.",IMP.,22/04/2002,E/212/IMP/2002,20.00,6.00,$5.00,21/05/2002,Importación,Importación,Importación,En operación,Baja California,"Lote No. 46, km 11.5 de la carretera Mexicali-Tijuana, Colonia Progreso, Sección IV, Mexicalí, Baja California",Sempra Energy,Estados Unidos,
130,"Pemex-Exploración y Producción, Centro de Proceso Akal-B",AUT.,22/04/2002,E/213/AUT/2002,23.30,173.49,$20.97,15/08/2002,Gas Natural y Diésel,Petrolero,Turbogás,En operación,Campeche,"Centro de Proceso Akal B, en la Sonda de Campeche, Campeche",Pemex,México,
131,"Parques Ecológicos de México, S. A. de C. V.",AUT.,19/09/2002,E/215/AUT/2002,101.90,312.00,$203.80,31/01/2009,Viento,Industrias Diversas,Eólica,En operación,Oaxaca,"En diversas parcelas y terrenos rústicos del Municipio de Juchitán, Distrito de Juchitán y del Municipio de El Espinal, Oaxaca",Iberdrola,España,
132,"Iberdrola Energía La Laguna, S. A. de C. V.",P.I.E.,26/09/2002,E/216/PIE/2002,513.81,4057.00,$520.90,15/03/2005,Gas Natural,Productor Independiente,Ciclo combinado,En operación,Durango,"Sitio denominado “Francke” en el km 3 de la carretera estatal 138, Gómez Palacio-Francisco I. Madero, Gómez Palacio, Durango.",Mexico Infrastructure Partners (MIP),México,
133,"SSNL SERVICIOS SUSTENTABLES NL, S. A. DE C. V.",COG.,24/10/2002,E/217/COG/2002,16.96,133.71,$15.26,07/04/2003,Biogás,Municipal,Bioenergía,En operación,Nuevo León,"Km. 10.5 de la carretera Monterrey-Colombia, Municipio de Salinas Victoria, Nuevo León","Municipio de Monterrey, Nuevo León",México,
134,"Molymex, S. A. de C. V.",AUT.,24/10/2002,E/218/AUT/2002,2.00,0.60,$1.80,05/11/2002,Diésel,Químico,Combustión Interna,En operación,Sonora,"km 29 de la carretera Moctezuma-Nacozari, C.P. 84500, Cumpas, Sonora","Frisco, S. A. de C. V.",México,
135,"AES Mérida III, S. de R. L. de C. V.",EXP.,24/10/2002,E/219/EXP/2002,15.00,39.40,$15.21,15/11/2002,Gas Natural,Exportación,Ciclo combinado,En operación,Yucatán,"Ciudad Industrial Felipe Carrillo Puerto, C.P. 97288, Mérida, Yucatán",AES,Estados Unidos,
136,"Proveedora de Electricidad de Occidente, S. A. de C. V.",GEN.,27/01/2003,E/241/GEN/2003,19.00,76.29,$28.50,01/11/2005,Agua,Municipal,Hidroeléctrica,En operación,Jalisco,"Presa Constitución de Apatzingán (Chilatán), Municipio de Jilotlán de Dolores, Jalisco",Enel Green Power,Italia,
137,"Pemex-Exploración y Producción, Centro de Proceso Akal-L",AUT.,12/03/2003,E/243/AUT/2003,24.73,169.87,$22.26,07/07/2004,Gas Natural y Diésel,Petrolero,Turbogás,En operación,Campeche,"Centro de Proceso Akal L, en la Sonda de Campeche, Campeche",Pemex,México,
138,"Impulsora Mexicana de Energía, S. A. de C. V.",AUT.,29/05/2003,E/254/AUT/2003,24.00,13.00,$21.60,29/05/2003,Diésel,Industrias Diversas,Combustión Interna,En operación,Nuevo León,"Libramiento Apodaca-Santa Rosa número 111, Col. Futuro Apodaca, Apodaca, Nuevo León, C.P. 66600",Grupo Carso,México,
139,"Energía Azteca X, S. A. de C. V.",IMP.,05/06/2003,E/255/IMP/2003,20.00,5.00,$5.00,20/07/2003,Importación,Importación,Importación,En operación,Baja California,"Ubicada en el predio denominado “Las Palmas”,lote 45, Colonia Progreso, Sección Cuarta del Municipio de Mexical,carretera Mexicali-Tijuana, Mexicalí, Baja California",Saavi,Inglaterra,
140,"DDCAM México, S. A. de C. V.",IMP.,10/07/2003,E/257/IMP/2003,3.00,13.30,$1.13,11/09/2003,Importación,Importación,Importación,En operación,Sonora,"Samuel Ocaña García s/n esq. Av. Revolución en el Parque Industrial, San Luis Río Colorado, Sonora, C.P. 83455",DDCAM Inc,Estados Unidos,
141,"Nestlé México, S. A. de C. V.",AUT.,14/08/2003,E/263/AUT/2003,2.45,20.41,$2.21,15/03/2004,Gas Natural,Alimentos,Combustión Interna,En operación,Estado de México,"Carretera México–Toluca, km 62.5, Toluca, Estado de México, C.P. 50140","Compañía Nestle, S. A. de C. V.",Suiza,
142,"Tractebel Energía de Pánuco, S. A. de C. V.",GEN.,11/09/2003,E/267/GEN/2003,60.73,470.00,$54.66,09/05/2005,Gas Natural,Químico,Cogeneración,En operación,Tamaulipas,"Carretera Tampico-Cd. Mante, Km. 14.5, Laguna de la Puerta, Altamira, Tamaulipas, C.P. 89000","Tractebel Energía de Pánuco, S. A. de C. V.",México,
143,"Continental Automotive Guadalajara México, S. A. de C. V.",AUT.,25/09/2003,E/268/AUT/2003,3.65,30.30,$3.29,01/11/2003,Diésel,Industrias Diversas,Combustión Interna,En operación,Jalisco,"km 3.5 de la carretera Guadalajara-Morelia número 3, camino a la Tijera, población de La Tijera, Municipio de Tlajomulco de Zúñiga, Jalisco, C.P. 45640",Siemens VDO Automotive AG,Alemania,
144,"Kenworth Mexicana, S. A. de C. V.",IMP.,30/10/2003,E/270/IMP/2003,10.00,80.00,$0.00,12/11/2003,Importación,Importación,Importación,En operación,Baja California,"km. 10.5 de la Carretera a San Luis Río Colorado, Col. satélite, Mexicali, Baja California, C.P. 21100",Paccar Inc,Estados Unidos,
145,"Industrias Zahori, S. A. de C. V.",IMP.,30/10/2003,E/275/IMP/2003,3.00,26.28,,12/11/2003,Importación,Importación,Importación,En operación,Baja California,"Calz. Hector Teran Teran km 2.5 s/n, Col. Wisteria, Mexicali, Baja California, C.P. 21600",Industrias Zahori,México,
146,"Rheem Mexicali, S. de R. L. de C. V.",IMP.,18/11/2003,E/281/IMP/2003,2.21,10.50,$0.00,02/12/2003,Importación,Importación,Importación,En operación,Baja California,"Calz. Robledo Industrial núm. 398, Parque Industrial El Colorado, Municipio de Mexicali, Baja California, CP. 21740",Rheem Manufacturing Company ,Estados Unidos,
147,"Iberdrola Energía del Golfo, S. A. de C. V.",P.I.E.,11/12/2003,E/288/PIE/2003,1143.00,10012.68,"$1,158.78",22/10/2006,Gas Natural,Productor Independiente,Ciclo combinado,En operación,Tamaulipas,"“Lomas de Real” a 30 km de la Cd. de Tampico, en la carretera Puerto Industrial-Tampico, Municipio de Altamira, Tamaulipas",Mexico Infrastructure Partners (MIP),México,
148,"Compañía de Generación Valladolid, S. de R. L. de C. V.",P.I.E.,09/01/2004,E/289/PIE/2004,563.40,3849.36,$571.17,01/06/2006,Gas Natural,Productor Independiente,Ciclo combinado,En operación,Yucatán,"Finca Rústica Chan Pasekal, en la Población de Pixoy, Municipio de Valladolid, Yucatán",Mitsui & Co. Power Americas,Japón,
149,"Cargill de México, S. A. de C. V.",AUT.,19/02/2004,E/291/AUT/2004,7.52,48.04,$6.77,01/01/2005,Gas Natural,Industrias Diversas,Turbogás,En operación,Hidalgo,"km 24 de la Carretera Jorobas–Tula, lote 55, Parque Industrial Atitalaquia, Municipio de Atitalaquia, Hidalgo, CP. 42970",Cargill Incorporated,Estados Unidos,
150,"Electricidad Sol de Tuxpan, S. de R. L. de C. V.",P.I.E.,26/02/2004,E/292/PIE/2004,548.40,3787.32,$555.97,01/09/2006,Gas Natural,Productor Independiente,Ciclo Combinado,En operación,Veracruz,"sitio denominado “Tres Estrellas”, en el litoral del Golfo de México, en la parte norte del Estado de Veracruz, en el Municipio de Tuxpan, a 48 km al noroeste de la ciudad de Poza Rica",Mitsubishi Corporation,Japón,
151,"Prup, S. A. de C. V.",COG.,18/03/2004,E/293/COG/2004,5.22,35.31,$4.69,31/03/2004,Gas Natural,Industrias Diversas,Combustión Interna,En operación,Hidalgo,"Calle Oriente-Poniente Lote 1 Manzana 7, Parque Industrial Tizayuca, Municipio de Tizayuca, Hidalgo, CP. 43800","Industrial de Espumas Plásticas, S. A. de C. V.",México,
152,"TCP Energy, S. A. P. I. de C. V.",AUT.,25/03/2004,E/295/AUT/2004,158.15,310.03,$142.34,01/06/2008,Gas Natural y Diésel,Servicios,Combustión Interna,En operación parcial,Estado de México,"Domicilio conocido como parcelas 191 y 196 del Ex Ejido de San Cristóbal Texcalucan, Estado de México","American Clinic, S. A. de C. V.",México,
153,"Conservas La Costeña, S. A. de C. V. y Jugomex, S. A. de C. V.",COG.,03/06/2004,E/297/COG/2004,0.97,8.11,$0.87,12/07/2004,Biogás y Gas Natural,Alimentos,Bioenergía,En operación,Estado de México,"Vía Morelos números 270 y 278, Col. Tulpetlac, Ecatepec de Morelos, Estado de México, CP. 55400","Conservas La Costeña, S. A. de C. V.",México,
154,"Omya México, S. A. de C. V.",AUT.,14/06/2004,E/299/AUT/2004,6.00,6.24,$5.40,01/11/2004,Gas Natural y Diésel,Minero,Combustión Interna,En operación,Querétaro,"km 7.5 de la Carretera San Juan del Río–Tequisquiapan, C.P. 76800, Municipio de San Juan del Río, Querétaro",Rene Rivial León,México,
155,"Promotores Inmobiliarios El Caracol, S. A. de C. V.",AUT.,14/06/2004,E/300/AUT/2004,0.65,0.45,$0.59,28/06/2004,Diésel,Turismo,Combustión Interna,En operación,Quintana Roo,"Blvd. Kukulkán lote 48, mz. 53, Zona Hotelera 2ª sección, C.P. 77500, Municipio de Benito Juárez, Quintana Roo",Francisco Gómez Guemez,México,
156,"Laboratorios Pisa, S. A. de C. V.",AUT.,09/09/2004,E/306/AUT/2004,9.83,73.19,$8.85,23/09/2004,Diésel,Farmacéutica,Combustión Interna,En operación,Jalisco,"Calle 4 número 2675, Zona Industrial, Guadalajara, Jalisco","Laboratorios Pisa, S. A. de C. V.",México,
157,"Iberdrola Energía Tamazunchale, S. A. de C. V.",P.I.E.,26/11/2004,E/308/PIE/2004,1161.00,9153.32,"$1,177.02",21/06/2007,Gas Natural,Productor Independiente,Ciclo combinado,En operación,San Luis Potosí,"Sitio denominado “El Tepetate”, en Tamazunchale, San Luis Potosí",Mexico Infrastructure Partners (MIP),México,
158,"CMT de La Laguna, S. A. de C. V.",AUT.,01/12/2004,E/310/AUT/2004,1.60,1.15,$1.44,15/12/2004,Diésel,Textil,Combustión Interna,En operación,Durango,"Calzada del Tecnológico número 1055 Pte., C.P. 35150, Ciudad Lerdo, Durango",José Juan Marcos Issa,México,
159,"Cordaflex, S. A. de C. V.",AUT.,16/12/2004,E/312/AUT/2004,2.50,2.04,$2.25,13/01/2005,Diésel,Industrias Diversas,Combustión Interna,En operación,Querétaro,"Carretera Panamericana km 230.6, Fraccionamiento Complejo Agroindustrial Balvanera, C.P. 76900, Municipio de Corregidora, Querétaro",Grupo Carso,México,
160,"Inmobiliaria Puerta Maya, S. A. de C. V.",AUT.,20/01/2005,E/315/AUT/2005,1.50,1.56,$1.35,03/02/2005,Diésel,Turismo,Combustión Interna,En operación,Tabasco,"Carretera Federal Villahermosa–Macuspana km 12.094, Ranchería Coronel Tranconis, Municipio del Centro, Tabasco",Holiday Inn,Estados Unidos de América,
161,"Energía Costa Azul, S. de R. L. de C. V.",GEN.,02/02/2005,E/316/GEN/2005,67.70,40.50,$60.93,30/01/2008,Gas Natural y Diésel,Industrias Diversas,Turbogás,En operación,Baja California,"km 80.6 de la Carretera Tijuana–Ensenada, Colonia Costa Azul, Municipio de Ensenada, Baja California","Sempra Energy Mexico, S. A. de C. V.",Estados Unidos,
162,"Eoliatec del Istmo, S. A. P. I. de C. V.",AUT.,31/03/2005,E/322/AUT/2005,164.00,642.00,$328.00,01/07/2013,Viento,Industrias Diversas,Eólica,En operación,Oaxaca,"Polígono de Santa Rita, Municipio de Juchitán, Oaxaca","Eoliatec de México, S. A. de C. V.",México,
163,"Cartones Ponderosa, S. A. de C. V.",COG.,19/05/2005,E/325/COG/2005,19.99,154.41,$17.99,06/07/2005,Gas Natural y Diésel,Papelero,Combustión Interna,En operación,Querétaro,"km 4 del libramiento a Tequisquiapan, Zona Industrial, C.P. 76802, San Juan del Río, Querétaro","Ecofibras Ponderosa, S. A. de C. V.",México,
164,"Loma Textil, S. A. de C. V.",AUT.,09/06/2005,E/328/AUT/2005,2.72,2.82,$2.45,01/07/2005,Diésel,Textil,Combustión Interna,En operación,Jalisco,"Anastasio Bustamante número 321, Colonia El Bajío, C.P. 47140, San Miguel El Alto, Jalisco","Loma Textial, S. A. de C. V.",México,
165,"Pavisa Luxe, S.A. de C.V.",AUT.,09/06/2005,E/329/AUT/2005,6.00,4.08,$5.40,01/10/2006,Diésel,Industrias Diversas,Combustión Interna,En operación,Estado de México,"Agustín Millán número 10, Colonia San Andrés Atoto, Fraccionamiento Industrial Alce Blanco, C.P. 53500, Naucalpan de Juárez, Estado de México","Promociones Pago, S. A. de C. V.",México,
166,"Productora Nacional de Papel, S. A. de C. V.",COG.,09/06/2005,E/331/COG/2005,17.09,115.94,$16.58,23/06/2005,"Gas Natural, Diésel y Combustóleo",Papelero,Combustión Interna,En operación,San Luis Potosí,"domicilio conocido, Ejido San Miguel, C.P. 79500, Villa de Reyes, San Luis Potosí","Productora e Importadora de Papel, S. A. de C. V.",México,
167,"Teléfonos de México, S. A. de C. V., Centro Administrativo Lada",AUT.,07/07/2005,E/334/AUT/2005,1.25,0.97,$1.13,21/07/2005,Diésel,Servicios,Combustión Interna,En operación,Ciudad de México,"Lago Cairel y Norte 4 número 6113, Colonia Popo, Delegación Miguel Hidalgo, C.P. 11480, México, D.F.",Grupo Carso,México,
168,"Tablex Miller, S. de R. L. de C. V.",AUT.,21/07/2005,E/337/AUT/2005,1.26,0.60,$1.13,08/08/2005,Diésel,Alimentos,Combustión Interna,En operación,Sonora,"km 173+175 de la Carretera Federal Los Mochis–Ciudad Obregón, C.P. 85236, Municipio de Navojoa, Sonora","Tablex, S. A. de C. V.",México,
169,"Piasa Cogeneración, S. A. de C. V.",COG.,04/08/2005,E/338/COG/2005,40.00,145.08,$48.00,18/05/2011,Bagazo de Caña,Azucarero,Bioenergía,En operación,Veracruz,"km 68 de la Carretera La Tinaja–Cd. Alemán, C.P. 95300, Municipio de Tres Valles, Veracruz","Promotora Industrial Azucarera, S. A. de C. V.",México,
170,"Cobielec, S. A. de C. V.",COG.,04/08/2005,E/339/COG/2005,2.80,20.10,$2.52,16/08/2005,Gas Natural,Industrias Diversas,Combustión Interna,En operación,Puebla,"Calle “D” número 7, Fraccionamiento Industrial Puebla 2000, C.P. 72220, Municipio de Puebla, Puebla","Cobielec, S. A. de C. V.",México,
171,"BSM Energía de Veracruz, S. A. de C. V.",AUT.,11/08/2005,E/340/AUT/2005,12.75,25.12,$15.30,24/08/2005,Bagazo de Caña,Industrias Diversas,Bioenergía,En operación,Veracruz,"Boulevard Emiliano Zapata y la Calle Dehesa, Colonia Centro, C.P. 95096, Municipio de Tezonapa, Veracruz","Ingenio Constancia, S. A. de C. V.",México,
172,"Alimentos Kowi, S. A. de C. V.",AUT.,11/08/2005,E/343/AUT/2005,1.78,1.03,$1.60,25/08/2005,Diésel,Alimentos,Combustión Interna,En operación,Sonora,"km 1788 de la Carretera México–Nogales, Colonia Guaymitas, C.P. 85800, Municipio de Navojoa, Sonora","Alimentos Kowi, S. A. de C. V.",México,
173,"Teléfonos de México, S. A. de C. V., Central Bandera",AUT.,25/08/2005,E/345/AUT/2005,0.90,0.63,$0.81,08/09/2005,Diésel,Servicios,Combustión Interna,En operación,Jalisco,"Gigantes número 574, Sector Reforma, C.P. 44400, Guadalajara, Jalisco",Grupo Carso,México,
174,"Teléfonos de México, S. A. B. de C. V., Centro Administrativo Nextengo",AUT.,25/08/2005,E/346/AUT/2005,4.85,3.39,$4.37,08/09/2005,Diésel,Servicios,Combustión Interna,En operación,Ciudad de México,"Nextengo núm. 78, Colonia Barrio Santa Apolonia, Azcapotzalco, C.P. 02790, México, D.F.",Grupo Carso,México,
175,"Teléfonos de México, S. A. de C. V., Central Popotla",AUT.,14/09/2005,E/364/AUT/2005,0.75,0.53,$0.68,28/09/2005,Diésel,Servicios,Combustión Interna,En operación,Ciudad de México,"José Sánchez Trujillo número 271, Colonia San Álvaro, Delegación Azcapotzalco, C.P. 02090, México, D.F",Grupo Carso,México,
176,"Teléfonos de México, S. A. de C. V., Central Vallejo",AUT.,14/09/2005,E/369/AUT/2005,2.20,1.54,$1.98,28/09/2005,Diésel,Servicios,Combustión Interna,En operación,Ciudad de México,"Poniente 122 número 514, Colonia Industrial Vallejo, Delegación Gustavo A. Madero, C.P. 02300, México, D.F",Grupo Carso,México,
177,"Teléfonos de México, S. A. de C. V., Centro Administrativo Cuautitlán Izcalli",AUT.,14/09/2005,E/373/AUT/2005,0.75,0.53,$0.68,28/09/2005,Diésel,Servicios,Combustión Interna,En operación,Estado de México,"Avenida de las Musas s/n, Colonia Valle de los Ensueños, C.P. 54740, Municipio de Cuautitlán Izcalli, Estado de México",Grupo Carso,México,
178,"Teléfonos de México, S. A. de C. V., Central Estrella",AUT.,22/09/2005,E/376/AUT/2005,2.33,0.35,$2.09,06/10/2005,Diésel,Servicios,Combustión Interna,En operación,Ciudad de México,"Hidalgo número 170, Colonia Barrio de San Pablo, Delegación Iztapalapa, C.P. 09000, México, D.F",Grupo Carso,México,
179,"Teléfonos de México, S. A. de C. V., Central Bosques del Lago",AUT.,22/09/2005,E/377/AUT/2005,0.75,0.53,$0.68,06/10/2005,Diésel,Servicios,Combustión Interna,En operación,Estado de México,"Circuito Bosques de Bolognia número 185-D, Colonia Bosques del Lago, C.P. 54026, Municipio de Atizapán de Zaragoza, Estado de México",Grupo Carso,México,
180,"Teléfonos de México, S. A. de C. V., Central Culhuacán",AUT.,22/09/2005,E/380/AUT/2005,2.40,1.68,$2.16,06/10/2005,Diésel,Servicios,Combustión Interna,En operación,Ciudad de México,"Avenida Canal Nacional número 400, Colonia Unidad Habitacional San Francisco Culhuacán, Delegación Coyoacán, C.P. 04430, México, D.F",Grupo Carso,México,
181,"Teléfonos de México, S. A. de C. V., Central Satélite",AUT.,22/09/2005,E/383/AUT/2005,0.60,0.42,$0.54,06/10/2005,Diésel,Servicios,Combustión Interna,En operación,Estado de México,"Enrique Sada Murgueza número 12, Ciudad Satélite, C.P. 53100, Municipio de Naucalpan de Juárez, Estado de México",Grupo Carso,México,
182,"Teléfonos de México, S. A. de C. V., Central Malinche ",AUT.,22/09/2005,E/388/AUT/2005,0.75,0.53,$0.68,06/10/2005,Diésel,Servicios,Combustión Interna,En operación,Ciudad de México,"Imprenta número 154, Colonia Morelos, Delegación Venustiano Carranza, C.P. 15270, México, D.F",Grupo Carso,México,
183,"Teléfonos de México, S. A. de C. V., Central Carrasco",AUT.,22/09/2005,E/391/AUT/2005,0.90,0.63,$0.81,06/10/2005,Diésel,Servicios,Combustión Interna,En operación,Ciudad de México,"Cefiro número 14, Colonia Insurgentes Cuicuilco, Delegación Coyoacán, C.P. 04530, México, D.F",Grupo Carso,México,
184,"Teléfonos de México, S. A. de C. V., Central Zaragoza",AUT.,06/10/2005,E/392/AUT/2005,1.25,0.87,$1.13,20/10/2005,Diésel,Servicios,Combustión Interna,En operación,Ciudad de México,"Calle 1 número 13, Colonia Pantitlán, Delegación Iztacalco, C.P. 08100, México, D.F.",Grupo Carso,México,
185,"Teléfonos de México, S. A. de C. V., Central Plaza Mérida",AUT.,06/10/2005,E/393/AUT/2005,1.25,0.86,$1.13,20/10/2005,Diésel,Servicios,Combustión Interna,En operación,Yucatán,"Calle 59 esq. Calle 64 número 492, 492-A y 516, Colonia Centro, C.P. 97000 , Municipio de Mérida, Yucatán",Grupo Carso,México,
186,"Teléfonos de México, S.A.B. de C.V., Central Tuxtla Gutiérrez",AUT.,06/10/2005,E/394/AUT/2005,0.90,0.22,$0.81,20/10/2005,Diésel,Servicios,Combustión Interna,En operación,Chiapas,"Segunda Sur Oriente número 367, Colonia Centro, C.P. 29000, Municipio de Tuxtla Gutiérrez, Chiapas",Grupo Carso,México,
187,"Teléfonos de México, S. A. de C. V., Central Corregidora",AUT.,06/10/2005,E/397/AUT/2005,0.60,0.42,$0.54,20/10/2005,Diésel,Servicios,Combustión Interna,En operación,Guanajuato,"Corregidora número 114, Colonia Centro, C.P. 38000, Municipio de Celaya, Guanajuato",Grupo Carso,México,
188,"Teléfonos de México, S.A.B. de C.V., Central Tlaquepaque",AUT.,06/10/2005,E/400/AUT/2005,1.65,0.53,$1.49,20/10/2005,Diésel,Servicios,Combustión Interna,En operación,Jalisco,"Constitución número 329, Colonia Centro, Municipio de Tlaquepaque, Jalisco",Grupo Carso,México,
189,"Teléfonos de México, S. A. de C. V., Central Fuentes",AUT.,06/10/2005,E/401/AUT/2005,0.95,0.66,$0.86,20/10/2005,Diésel,Servicios,Combustión Interna,En operación,Coahuila,"Morelos número 539, Colonia Centro, C.P. 27000, Municipio de Torreón, Coahuila",Grupo Carso,México,
190,"Teléfonos de México, S. A. de C. V., Central Vallarta",AUT.,06/10/2005,E/403/AUT/2005,1.25,0.87,$1.13,20/10/2005,Diésel,Servicios,Combustión Interna,En operación,Jalisco,"Morelos número 2146, Colonia Ladrón de Guevara, C.P. 44600, Guadalajara, Jalisco",Grupo Carso,México,
191,"Teléfonos de México, S. A. de C. V., Central Popocatépetl 1",AUT.,06/10/2005,E/404/AUT/2005,1.80,1.26,$1.62,20/10/2005,Diésel,Servicios,Combustión Interna,En operación,Ciudad de México,"Paz Montes de Oca número 72, Colonia General Pedro María Anaya, Delegación Benito Juárez, C.P. 03340, México, D.F",Grupo Carso,México,
192,"Teléfonos de México, S. A. de C. V., Central Santa Fe",AUT.,06/10/2005,E/405/AUT/2005,0.80,0.28,$0.72,20/10/2005,Diésel,Servicios,Combustión Interna,En operación,Nuevo León,"Nemesio García Naranjo número 408, Colonia Adolfo Prieto, C.P. 67120, Municipio de Guadalupe, Nuevo León",Grupo Carso,México,
193,"Teléfonos de México, S. A. de C. V., Central Roma I",AUT.,11/10/2005,E/412/AUT/2005,3.23,1.87,$2.91,25/10/2005,Diésel,Servicios,Combustión Interna,En operación,Ciudad de México,"Puebla número 203, Colonia Roma Norte, Delegación Cuauhtémoc, C.P. 06700, México, D.F.",Grupo Carso,México,
194,"Teléfonos de México, S. A. de C. V., Central Aragón",AUT.,11/10/2005,E/414/AUT/2005,0.60,0.42,$0.54,25/10/2005,Diésel,Servicios,Combustión Interna,En operación,Ciudad de México,"Norte 94 número 5229, Colonia Gertrudis Sánchez, Delegación Gustavo A. Madero, C.P. 07839, México, D.F",Grupo Carso,México,
195,"Teléfonos de México, S. A. de C. V., Central Atzacoalco",AUT.,21/10/2005,E/417/AUT/2005,0.73,0.09,$0.66,04/11/2005,Diésel,Servicios,Combustión Interna,En operación,Ciudad de México,"Ferrocarril Hidalgo número 851, Colonia Constitución de la República, Delegación Gustavo A. Madero, C.P. 07469, México, D.F",Grupo Carso,México,
196,"Teléfonos de México, S. A. de C. V., Central Ejército de Oriente",AUT.,21/10/2005,E/424/AUT/2005,0.60,0.42,$0.54,04/11/2005,Diésel,Servicios,Combustión Interna,En operación,Ciudad de México,"Calzada Ignacio Zaragoza número 1709, Colonia Ejército de Oriente, Delegación Iztapalapa, C.P. 09230, México, D.F",Grupo Carso,México,
197,"Teléfonos de México, S. A. de C. V., Central San Jerónimo",AUT.,21/10/2005,E/427/AUT/2005,0.60,0.42,$0.54,04/11/2005,Diésel,Servicios,Combustión Interna,En operación,Ciudad de México,"Los Pinos número 9, Colonia Unidad Independencia, Delegación Magdalena Contreras, C.P. 10100, México, D.F",Grupo Carso,México,
198,"Jumex Mexicali, S. A. de C. V.",IMP.,21/10/2005,E/429/IMP/2005,1.74,0.01,$0.00,04/11/2005,Importación,Importación,Importación,En operación,Baja California,"Boulevard Lazaro Cardenas numero 4098, Col. Diez Division Dos C. P. 21600, Mexicallí, Baja California",Jumex,México,
199,"Teléfonos de México, S. A. de C. V., Central Montejo",AUT.,31/10/2005,E/434/AUT/2005,0.60,0.43,$0.54,14/11/2005,Diésel,Servicios,Combustión Interna,En operación,Yucatán,"Calle 37 número 354-C, Colonia Emiliano Zapata Norte, C.P. 97129, Municipio de Mérida, Yucatán",Grupo Carso,México,
200,"Fundilag Hierro, S. A. de C. V.",AUT.,31/10/2005,E/439/AUT/2005,2.03,1.46,$1.82,14/11/2005,Diésel,Servicios,Combustión Interna,En operación,Coahuila,"San Pablo número 100, Colonia Industrial Mieleras, C.P. 27400, Municipio de Torreón, Coahuila","Vimax International, S. A. de C. V.",Estados Unidos,
201,"Teléfonos de México, S.A.B. de C.V., Central Aztecas",AUT.,11/11/2005,E/440/AUT/2005,1.28,0.44,$1.15,25/11/2005,Diésel,Servicios,Combustión Interna,En operación,Guanajuato,"Albino García número 501, Colonia Las Fuentes, C.P. 38040, Municipio de Celaya, Guanajuato",Grupo Carso,México,
202,"Teléfonos de México, S. A. de C. V., Central La Paz",AUT.,11/11/2005,E/442/AUT/2005,0.65,0.45,$0.59,25/11/2005,Diésel,Servicios,Combustión Interna,En operación,Puebla,"Avenida Reforma número 4112, Colonia Aquiles Serdán, C.P. 72130, Municipio de Puebla, Puebla",Grupo Carso,México,
203,"Teléfonos de México, S. A. de C. V., Central Coatzacoalcos",AUT.,11/11/2005,E/443/AUT/2005,0.60,0.42,$0.54,25/11/2005,Diésel,Servicios,Combustión Interna,En operación,Veracruz,"5a Avenida Ignacio de la Llave número 502, Colonia Centro, C.P. 96400, Municipio de Coatzacoalcos, Veracruz",Grupo Carso,México,
204,"Teléfonos de México, S. A. de C. V., Centro Telefónico Puebla",AUT.,11/11/2005,E/445/AUT/2005,2.20,1.54,$1.98,25/11/2005,Diésel,Servicios,Combustión Interna,En operación,Puebla,"Boulevard Atlixco número 2501, Colonia Belisario Domínguez, C.P. 72180, Puebla, Pue.",Grupo Carso,México,
205,"Teléfonos de México, S. A. de C. V., Central Lerdo Tops",AUT.,11/11/2005,E/446/AUT/2005,0.60,0.42,$0.54,25/11/2005,Diésel,Servicios,Combustión Interna,En operación,Veracruz,"Avenida Victoria número 2722, Colonia Centro, C.P. 91700, Municipio de Veracruz, Veracruz",Grupo Carso,México,
206,"Teléfonos de México, S. A. de C. V., Central Colima",AUT.,24/11/2005,E/449/AUT/2005,0.60,0.42,$0.54,08/12/2005,Diésel,Servicios,Combustión Interna,En operación,Colima,"Constitución número 109, Colonia Centro, C.P. 28000, Municipio de Colima, Colima",Grupo Carso,México,
207,"Teléfonos de México, S. A. de C. V., Central Chapalita",AUT.,24/11/2005,E/451/AUT/2005,0.90,0.63,$0.81,08/12/2005,Diésel,Servicios,Combustión Interna,En operación,Jalisco,"Lázaro Cárdenas número 3275, Colonia Chapalita, C.P. 45040, Municipio de Guadalajara, Jalisco",Grupo Carso,México,
208,"Teléfonos de México, S. A. B. de C. V., Central Yáñez",AUT.,24/11/2005,E/452/AUT/2005,0.90,0.25,$0.81,08/12/2005,Diésel,Servicios,Combustión Interna,En operación,Sonora,"General Yánez número 210, Colonia San Benito, C.P. 83190, Municipio de Hermosillo, Sonora",Grupo Carso,México,
209,"Teléfonos de México, S. A. de C. V., Centro de Trabajo Lindavista",AUT.,24/11/2005,E/456/AUT/2005,1.20,0.84,$1.08,08/12/2005,Diésel,Servicios,Combustión Interna,En operación,Ciudad de México,"Avenida Instituto Politécnico Nacional número 5245, Colonia Magdalena de las Salinas, Delegación Gustavo A. Madero, C.P. 07760, México, D.F",Grupo Carso,México,
210,"Teléfonos de México, S. A. de C. V., Central Cuautitlán de Romero Rubio",AUT.,30/11/2005,E/460/AUT/2005,1.25,0.87,$1.13,14/12/2005,Diésel,Servicios,Combustión Interna,En operación,Estado de México,"20 de noviembre número 206, Colonia Centro, C.P. 54804, Municipio de Cuautitlán, Estado de México",Grupo Carso,México,
211,"Teléfonos de México, S. A. de C. V., Central Fuertes",AUT.,30/11/2005,E/463/AUT/2005,0.60,0.42,$0.54,14/12/2005,Diésel,Servicios,Combustión Interna,En operación,Puebla,"Calle 26 Norte número 1013, Colonia Humboldt, C.P. 72270, Puebla, Puebla",Grupo Carso,México,
212,"Teléfonos de México, S. A. de C. V., Central Revolución",AUT.,30/11/2005,E/466/AUT/2005,0.60,0.42,$0.54,14/12/2005,Diésel,Servicios,Combustión Interna,En operación,Hidalgo,"Calle 12 de octubre número 12, Colonia Periodistas, C.P. 42060, Municipio de Pachuca, Hidalgo",Grupo Carso,México,
213,"Teléfonos de México, S. A. de C. V., Central Azteca Metro",AUT.,30/11/2005,E/468/AUT/2005,0.60,0.42,$0.54,14/12/2005,Diésel,Servicios,Combustión Interna,En operación,Estado de México,"Boulevard de los Aztecas número 152 Lotes 6, 7, 8 Manzana 503, 1ra Sección Ciudad Azteca, C.P. 55120, Municipio de Metepec, Estado de México",Grupo Carso,México,
214,"Teléfonos de México, S. A. de C. V., Centro Administrativo San Juan",AUT.,30/11/2005,E/469/AUT/2005,6.25,4.37,$5.63,14/12/2005,Diésel,Servicios,Combustión Interna,En operación,Ciudad de México,"Ernesto Pugibet número 12, Colonia Centro, Delegación Cuauhtemoc, C.P. 06070, México, D.F",Grupo Carso,México,
215,"Teléfonos de México, S. A. de C.V., Centro Administrativo Verónica",AUT.,30/11/2005,E/471/AUT/2005,2.48,0.53,$2.23,14/12/2005,Diésel,Servicios,Combustión Interna,En operación,Ciudad de México,"Avenida Marina Nacional número 365, Colonia Verónica Anzures, Delegación Miguel Hidalgo, C.P. 11300, México, D.F.",Grupo Carso,México,
216,"Teléfonos de México, S. A. de C. V., Central C.T. Mixcoac",AUT.,30/11/2005,E/473/AUT/2005,0.77,0.18,$0.69,14/12/2005,Diésel,Servicios,Combustión Interna,En operación,Ciudad de México,"Avenida Patriotismo número 790, Colonia Mixcoac, Delegación Benito Juárez, C.P. 03910, México, D.F",Grupo Carso,México,
217,"Teléfonos de México, S. A. de C. V., Central Pedro Moreno",AUT.,19/12/2005,E/474/AUT/2005,0.70,0.20,$0.63,13/01/2006,Diésel,Servicios,Combustión Interna,En operación,Guanajuato,"Pedro Moreno Lts. 115, 117 y 119, Col. Centro, C.P. 37000, Municipio de León, Guanajuato",Grupo Carso,México,
218,"Teléfonos de México, S. A. de C. V., Central Copérnico",AUT.,19/12/2005,E/476/AUT/2005,1.00,0.31,$0.90,13/01/2006,Diésel,Servicios,Combustión Interna,En operación,Chihuahua,"Calle de la Labor número 13, Colonia Tecnológico, C.P. 32506, Municipio de Ciudad Juárez, Chihuahua",Grupo Carso,México,
219,"Teléfonos de México, S. A. de C. V., Central Hidalgo II",AUT.,19/12/2005,E/478/AUT/2005,0.77,0.21,$0.69,13/01/2006,Diésel,Servicios,Combustión Interna,En operación,Guerrero,"Avenida Hidalgo números 28 y 30, Colonia Centro, C.P. 39300, Municipio de Acapulco de Juárez, Guerrero",Grupo Carso,México,
220,"Marindustrias, S. A. de C. V.",AUT.,19/12/2005,E/481/AUT/2005,2.00,2.08,$1.80,13/01/2006,Diésel,Alimentos,Combustión Interna,En operación,Colima,"Central Oriente número 5, Parque Industrial Fondeport, C.P. 28219, Manzanillo, Colima.",Grupomar,México,
221,"Generadora La Paz, S. A. de C. V.",GEN.,16/02/2006,E/497/GEN/2006,13.00,13.52,$11.70,02/03/2006,Diésel,Industrias Diversas,Combustión Interna,En operación,San Luis Potosí,"Álvaro Obregón número 2, Colonia Centro, C.P. 78830, Municipio de Villa de la Paz, Estado de San Luis Potosí",Nemisa,México,
222,"Teléfonos de México, S. A. de C. V., Central Mirador",AUT.,16/02/2006,E/503/AUT/2006,0.65,0.45,$0.59,02/03/2006,Diésel,Servicios,Combustión Interna,En operación,Morelos,"Río Pánuco s/n, Colonia Vistahermosa, C.P. 62290, Municipio de Cuernavaca, Estado de Morelos.",Grupo Carso,México,
223,"Teléfonos de México, S. A. de C. V., Central Paseo",AUT.,16/02/2006,E/506/AUT/2006,0.60,0.42,$0.54,02/03/2006,Diésel,Servicios,Combustión Interna,En operación,Tabasco,"Prolongación 27 de Febrero número 238, Colonia Tabasco 2000, C.P. 86030, Municipio de Villahermosa, Estado de Tabasco",Grupo Carso,México,
224,"Hidroeléctrica Cajón de Peña, S. A. de C. V.",AUT.,16/03/2006,E/509/AUT/2006,1.90,13.73,$2.85,01/09/2008,Agua,Servicios,Hidroeléctrica,En operación,Jalisco,"sobre el Río Tomatlán en la margen izquierda de la Presa Cajón de Peña, Municipio de Tomatlán, Estado de Jalisco.",Grupo Posadas,México,
225,"Grupo Posadas, S. A. B. de C. V. Fiesta Americana Villas Acapulco",AUT.,20/04/2006,E/513/AUT/2006,0.81,0.57,$0.73,01/02/2007,Diésel,Turismo,Combustión Interna,En operación,Guerrero,"Avenida Costera Miguel Alemán número 97, C.P. 39690, Municipio de Acapulco, Estado de Guerrero",Grupo Posadas,México,
226,"Inmobiliaria del Sudeste, S. A. de C. V., Planta Fiesta Americana Mérida",AUT.,23/05/2006,E/516/AUT/2006,1.51,1.07,$1.36,18/07/2006,Diésel,Turismo,Combustión Interna,En operación,Yucatán,"Calle 56-A número 451, C.P. 97000, Mérida, Estado de Yucatán.",Grupo Posadas,México,
227,"Grupo Posadas, S. A. B. de C. V., Planta Fiesta Americana Cancún",AUT.,23/05/2006,E/518/AUT/2006,0.77,0.54,$0.69,01/03/2007,Diésel,Turismo,Combustión Interna,En operación,Quintana Roo,"Boulevard Kukulkán km 8.5, C.P. 77500, Municipio de Benito Juárez, Estado de Quintana Roo",Grupo Posadas,México,
228,"Grupo Posadas, S. A. B. de C. V., Planta Fiesta Americana Grand Los Cabos",AUT.,23/05/2006,E/519/AUT/2006,2.09,3.02,$1.88,01/02/2007,Diésel,Turismo,Combustión Interna,En operación,Baja California Sur,"km 10.3 de la Carretera Transpeninsular, C.P. 23410, Municipio de Cabo San Lucas, Estado de Baja California Sur",Grupo Posadas,México,
229,"Cervecería Cuauhtémoc Moctezuma, S. A. de C. V., Planta Puebla",AUT.,23/05/2006,E/520/AUT/2006,2.50,2.07,$2.25,09/06/2006,Diésel,Alimentos,Combustión Interna,En operación,Puebla,"Calle 3 Norte número 63 Colonia Centro, C.P. 75000, Municipio Rafael Lara Grajales, Estado de Puebla",Heineken,Holanda,
230,"Kellogg de México, S. de R. L. de C. V.",AUT.,23/05/2006,E/521/AUT/2006,6.17,6.41,$5.55,22/02/2007,Gas Natural,Alimentos,Combustión Interna,En operación,Querétaro,"Campo Militar  km1 Num. Ext. S/N Colonia San Antonio de la Punta C.P 76135 Delegación Santiago de la Punta, Querétaro",Kellogg,Estados Unidos,
231,"Grupo Posadas, S. A. B. de C. V., Planta Fiesta Americana Grand Agua",AUT.,23/05/2006,E/526/AUT/2006,0.81,0.63,$0.73,17/10/2006,Diésel,Turismo,Combustión Interna,En operación,Quintana Roo,"km 12.5 del Boulevard Kukulkán Zona Hotelera, Cancún, C.P. 77500, Municipio de Benito Juárez, Estado de Quintana Roo.",Grupo Posadas,México,
232,"Teléfonos de México, S. A. B. de C. V., Central Petrolera",AUT.,25/05/2006,E/522/AUT/2006,0.80,0.24,$0.72,08/06/2006,Diésel,Servicios,Combustión Interna,En operación,Veracruz,"Avenida Hidalgo, número 1526, Colonia Palma Sola, 96579, Coatzacoalcos, Veracruz",Grupo Carso,México,
233,"Teléfonos de México, S. A. de C. V., Central Cultura",AUT.,25/05/2006,E/524/AUT/2006,0.80,0.56,$0.72,08/06/2006,Diésel,Servicios,Combustión Interna,En operación,Nayarit,"Colima sur número 229, Colonia San Antonio, C.P. 63159, Municipio de Tepic, Estado de Nayarit",Grupo Carso,México,
234,"Ganadería Integral SK, S. A. de C. V.",AUT.,25/05/2006,E/525/AUT/2006,2.98,1.89,$2.68,08/06/2006,Diésel,Alimentos,Combustión Interna,En operación,Nuevo León,"Libramiento Noroeste km 25C, C.P. 66050, Municipio de General Escobedo, 
Estado de Nuevo León.",Sukarne,México,
235,"Eurus, S. A. P. I. de C. V.",AUT.,06/07/2006,E/531/AUT/2006,250.50,883.73,$501.00,30/06/2009,Viento,Cementero,Eólica,En operación,Oaxaca,"Municipio de Juchitán de Zaragoza, Oaxaca",Acciona,España,
236,"Teléfonos de México, S. A. de C. V., Central Chamizal",AUT.,20/07/2006,E/534/AUT/2006,0.60,0.19,$0.54,10/08/2006,Diésel,Servicios,Combustión Interna,En operación,Estado de México,"Valle del Yang-Tze s/n, Colonia Valle de Aragón 1ra sección, C.P. 57100, Municipio de Nezahualcoyotl, Estado de México.",Grupo Carso,México,
237,"Teléfonos de México, S. A. de C. V., Central Tollocan",AUT.,20/07/2006,E/535/AUT/2006,0.60,0.42,$0.54,10/08/2006,Diésel,Servicios,Combustión Interna,En operación,Estado de México,"Antonio Rosales s/n, Colonia Pilares, C.P. 52179, Municipio de Metepec, Estado de México",Grupo Carso,México,
238,"Mueblex de Baja California, S. A. de C. V.",IMP.,03/08/2006,E/536/IMP/2006,2.00,5.00,$0.00,17/08/2006,Importación,Importación,Importación,En operación,Baja California,"Carretera libre Tijuana-Tecate km 153-756, Colonia Rancho El Florido, C.P. 22597, Municipio de Tijuana, Estado de Baja California","Mueblex de Baja California, S. A. de C. V.",México,
239,"Destiladora del Valle, S. A. de C. V.",AUT.,10/08/2006,E/541/AUT/2006,1.50,10.80,$1.80,16/07/2007,Combustóleo,Químico,Termoeléctrica Convencional,En operación,Veracruz,"km 271 de la autopista Veracruz-México, Colonia Jalapilla, C.P. 94410, Municipio de Rafael Delgado, Estado de Veracruz",Destiladora del Valle,México,
240,"Agropecuaria La Norteñita, S. de R. L. de C. V.",AUT.,17/08/2006,E/542/AUT/2006,2.00,1.66,$1.80,17/09/2006,Diésel,Alimentos,Combustión Interna,En operación,Chihuahua,"el km 98.5 de la carretera Cuauhtémoc-Chihuahua, Colonia Real del Monte, C.P.31552, Cuauhtémoc, Estado de Chihuahua.",Agropecuaria La Norteñita,México,
241,"Energía de Apizaco, S. A. P. I. de C. V.",COG.,31/08/2006,E/543/COG/2006,41.80,279.73,$40.01,01/03/2009,Gas Natural,Manufacturero,Cogeneración Eficiente,En operación,Tlaxcala,"km 115 de la Carretera Los Reyes-Zacatepec, C.P. 90300, Población Santa Úrsula Zimatec, Municipio de Yauhquemehcan, Estado de Tlaxcala.","Troy T&D, S. A. de C. V.",México,
242,"Teléfonos de México, S. A. de C. V., Central Guadalupe Metropolitana",AUT.,07/09/2006,E/546/AUT/2006,0.60,0.42,$0.54,21/09/2006,Diésel,Servicios,Combustión Interna,En operación,Ciudad de México,"Ricarte, número 86, Colonia Tepeyac Insurgentes, Delegación Gustavo A. Madero, C.P. 07020, México, Ciudad de México.",Grupo Carso,México,
243,"BII Nee Stipa Energía Eólica, S. A. de C. V.",AUT.,28/09/2006,E/548/AUT/2006,26.35,100.13,$52.70,01/04/2010,Viento,Alimentos,Eólica,En operación,Oaxaca,"en los terrenos de la Población de La Ventosa, Municipio El Espinal, Estado de Oaxaca",Iberdrola,España,
244,"Teléfonos del Noroeste, S. A. de C. V., Central Árbol III",AUT.,05/10/2006,E/550/AUT/2006,1.55,0.87,$1.40,19/10/2006,Diésel,Servicios,Combustión Interna,En operación,Baja California,"Avenida Reforma, número 758, Primera Sección, Municipio de Mexicali, Estado de Baja California, C.P. 21100",Grupo Carso,México,
245,"Teléfonos del Noroeste, S. A. de C. V., Central Principal",AUT.,05/10/2006,E/552/AUT/2006,0.60,0.42,$0.54,19/10/2006,Diésel,Servicios,Combustión Interna,En operación,Baja California,"Calle Emiliano Zapata, número 8081, Colonia Zona Centro, Municipio de Tijuana, Estado de Baja California, C.P. 22000",Grupo Carso,México,
246,"Teléfonos del Noroeste, S. A. de C. V., Central Lomas",AUT.,05/10/2006,E/553/AUT/2006,0.75,0.42,$0.68,19/10/2006,Diésel,Servicios,Combustión Interna,En operación,Baja California,"Avenida Guadalupe Victoria, número 5224, Colonia Adolfo López Mateos, Municipio de Tijuana, Estado de Baja California, C.P. 22480",Grupo Carso,México,
247,"Akra Polyester, S. A. de C. V.",GEN.,27/10/2006,E/565/GEN/2006,13.90,115.67,$12.51,01/01/2008,Gas Natural,Industrias Diversas,Turbogás,En operación,Tamaulipas,"Boulevard Petrocel km 1, Colonia Puerto Industrial, Municipio Altamira, Estado de Tamaulipas, C.P. 89608",Alfa,México,
248,"Plásticos y Materias Primas, S. A. de C. V.",AUT.,07/12/2006,E/572/AUT/2006,4.50,4.68,$4.05,20/12/2006,Diésel,Industrias Diversas,Combustión Interna,En operación,Jalisco,"Calle Alambiques s/n, Colonia Álamo Industrial, Municipio de Guadalajara, Estado de Jalisco, C.P. 44470.",Grupo PISA,México,
249,"Nacional de Conductores Eléctricos, S. A. de C. V.",AUT.,19/12/2006,E/573/AUT/2006,3.00,2.44,$2.70,25/12/2006,Diésel,Industrias Diversas,Combustión Interna,En operación,Jalisco,"Calle 7, número 872, Colonia Zona Industrial, Municipio de Guadalajara, Estado de Jalisco, C.P. 44940",Grupo Carso,México,
250,Compañía de Energía Mexicana S. A. de C. V.,AUT.,16/01/2007,E/574/AUT/2007,36.00,240.00,$54.00,01/08/2011,Agua,Industrias Diversas,Hidroeléctrica,En operación,Puebla,"Carretera Aire Libre-Hueyapan dirección a Tetelilla, entronque km 3, Municipio de Hueyapan, Estado de Puebla, C.P. 73927.",Compañía Minera Autlán,México,
251,Instituto Nacional de Electricidad y Energías Limpias,P.P.,16/01/2007,E/575/PP/2007,5.00,21.90,$10.00,01/07/2010,Viento,Pequeño Productor,Eólica,En operación,Oaxaca,"Carretera Federal No.185, km 243 + 300 (tramo entre el poblado La Ventosa y la ciudad de Juchitán, en el estado de Oaxaca). Población La Ventosa, Municipio de Juchitán de Zaragoza, Estado de Oaxaca.",Instituto Nacional de Electricidad y Energías Limpias,México,
252,"Sistema de Agua y Saneamiento Metropolitano de Veracruz, Boca del Río y Medellín",AUT.,01/02/2007,E/576/AUT/2007,2.80,1.77,$2.52,01/08/2007,Diésel,Municipal,Combustión Interna,En operación,Veracruz,"Calle Campo Redondo, s/n, Población El Tejar, Municipio de Medellín de Bravo, Estado de Veracruz, C.P. 94273",Gobierno del estado de Veracruz,México,
253,"Sílices de Veracrúz, S. A. de C. V.",AUT.,07/02/2007,E/584/AUT/2007,7.30,9.40,$6.57,21/02/2007,Diésel,Minero,Combustión Interna,En operación,Veracruz,"Poniente 9, número 888, Colonia Centro, Municipio de Orizaba, Estado de Veracruz, C. P. 94300.",SIVESA,México,
254,"Pemex Transformación Industrial, Complejo Procesador de Gas Cd. Pemex",GEN.,22/02/2007,E/587/GEN/2007,59.00,495.60,$53.10,08/03/2007,Gas Natural,Petroquímico,Turbogás,En operación,Tabasco,"Carretera Mascuspana-Jonuta Km 32, Ciudad Pemex, Municipio de Macuspana, Estado de Tabasco, C.P.86721",Pemex,México,
255,"Procesamiento Energético Mexicano, S. A. de C. V.",AUT.,22/02/2007,E/588/AUT/2007,11.30,61.85,$16.95,01/07/2007,Agua,Industrias Diversas,Hidroeléctrica,En operación,Veracruz,"Zoquitlán Viejo, C.P. 94456, Municipio de Ixtaczoquitlán, Estado de Veracruz, C.P. 94456",Grupo Denim,México,
256,"Industrias Derivadas del Etileno, S. A. de C. V.",COG.,08/03/2007,E/602/COG/2007,1.50,11.52,$1.80,23/01/2008,Gas Natural,Químico,Termoeléctrica Convencional,En operación,Veracruz,"Calle Boulevard a Morelos, km 4.2, Complejo Petroquímico Morelos, Municipio de Coatzacoalcos, Estado de Veracruz, C.P. 96400",Phillip T. Sharpies,México,
257,"Pemex Transformación Industrial, Complejo Procesador de Gas La Venta",COG.,08/03/2007,E/603/COG/2007,22.25,194.86,$20.02,23/03/2007,Gas Natural,Petroquímico,Turbogás,En operación,Tabasco,"Avenida Juárez s/n, Colonia Centro, Población Villa La Venta, Municipio de Huimanguillo, Estado de Tabasco, C.P. 86410.",Pemex,México,
258,"Pemex Transformación Industrial, Complejo Petroquímico Independencia",GEN.,26/03/2007,E/605/GEN/2007,60.00,404.42,$72.00,11/04/2007,"Gas Natural, Aceite Residual y Combustóleo",Petrolero,Termoeléctrica Convencional,En operación,Puebla,"Carretera Federal México-Puebla km 76.5, Colonia Santa María Moyotzingo, C.P. 74000, Población San Martín Texmelucan, Huejotzingo, Puebla.",Pemex,México,
259,"Pemex Transformación Industrial, Complejo Petroquímico Cosoleacaque",GEN.,26/03/2007,E/606/GEN/2007,59.60,454.00,$53.64,11/04/2007,Gas Natural y Gas Residual,Petrolero,Turbogás,En operación,Veracruz,"Carretera Costera del Golfo km 39 + 400, Colonia Rosalinda, C.P. 96730, Población Cosoleacaque, Municipio de Cosoleacaque, Estado de Veracruz.",Pemex,México,
260,"Pemex Transformación Industrial, Refinería General Lázaro Cárdenas",GEN.,26/04/2007,E/608/GEN/2007,64.00,297.84,$76.80,15/05/2007,Gas Natural y Combustóleo,Petrolero,Termoeléctrica Convencional,En operación,Veracruz,"Avenida Díaz Mirón, número 119, Colonia Obrera, Municipio de Minatitlán, Estado de Veracruz, C. P. 96740.",Pemex,México,
261,"Pemex Transformación Industrial, Ing. Antonio M. Amor",GEN.,26/04/2007,E/609/GEN/2007,142.75,524.00,$171.30,15/05/2007,Gas Natural y Combustóleo,Petrolero,Termoeléctrica Convencional,En operación,Guanajuato,"Calle Tierra Blanca, número 400, Colonia Bella Vista, Municipio de Salamanca, Estado de Guanajuato, C. P. 36730.",Pemex,México,
262,"Pemex-Exploración y Producción, Centro de Proceso  ZAAP-C",AUT.,26/04/2007,E/610/AUT/2007,7.20,63.07,$12.24,12/06/2007,Gas Natural y Diésel,Petrolero,Turbogás,En operación,Campeche,"Golfo de México, Sonda de Campeche, Campeche, Latitud N 19°01’47.35’’ Longitud W 92°01’3.18’’ ",Pemex,México,
263,"Pemex Transformación Industrial, Refinería Francisco I. Madero",GEN.,26/04/2007,E/611/GEN/2007,129.00,667.00,$154.80,11/05/2007,Gas Natural y Combustóleo,Petrolero,Termoeléctrica Convencional,En operación,Tamaulipas,"Calle Álvaro Obregón, Número 3020, Colonia Emiliano Zapata, Población Ciudad Madero, Estado de Tamaulipas, C. P. 89530.",PEMEX,México,
264,"Pemex Transformación Industrial, Refinería Ing. Héctor Lara Sosa",GEN.,26/04/2007,E/612/GEN/2007,79.00,368.84,$91.80,11/05/2007,Gas Natural y Combustóleo,Petrolero,Termoeléctrica Convencional,En operación,Nuevo León,"Carretera Monterrey Reynosa, km 36.5, Refinería “Ing. Héctor Lara Sosa”, Municipio de Cadereyta Jiménez, Estado de Nuevo León, C.P.67483.",Pemex,México,
265,"Pemex-Exploración y Producción, Barco de proceso, almacenamiento y descarga, YÙUM K’AK’NAAB",AUT.,26/04/2007,E/614/AUT/2007,62.00,261.31,$55.80,16/06/2007,Gas Natural y Diésel,Petrolero,Turbogás,En operación,Campeche,"Golfo de México, Sonda de Campeche, Latitud N 19°01’47.35”, Longitud W 92°01’3.18”, a 120 km al norte de ciudad del Carmen, Estado de Campeche.",Pemex,México,
266,"Fuerza y Energía de Norte Durango, S. A. de C. V.",P.I.E.,17/05/2007,E/625/PIE/2007,465.00,2711.70,$471.42,07/08/2010,Gas Natural,Productor Independiente,Ciclo combinado,En operación,Durango,"Carretera Federal No. 40 Durango-Torreón km 30 + 115.2, Municipio de Durango, Estado de Durango, C. P. 34200.",Naturgy,España,
267,"Generadora Pondercel, S. A. de C. V.",AUT.,24/05/2007,E/626/AUT/2007,65.00,254.00,$78.00,07/06/2007,"Carbón, Combustóleo y Gas Natural",Industrias Diversas,Termoeléctrica Convencional,En operación,Chihuahua,"Domicilio conocido, Centro Agroindustrial, s/n, Colonia Anáhuac, Municipio de Cuauhtémoc, Estado de Chihuahua, C. P. 31600.",COPAMEX,México,
268,"Saint – Gobain América, S. A. de C. V.",AUT.,24/05/2007,E/628/AUT/2007,3.50,2.28,$3.15,01/10/2007,Diésel,Industrias Diversas,Combustión Interna,En operación,Tlaxcala,"Calle Prolongación Zacatepec, Manzana 42, Lote 3, Colonia Ciudad Industrial Xicohténcatl, Municipio de Tetla, Estado de Tlaxcala, C. P. 90431.",Saint – Gobain,Francia,
269,"Hidrorizaba II, S. A. de C. V.",AUT.,24/05/2007,E/629/AUT/2007,4.44,37.97,$6.66,08/08/2008,Agua,Industrias Diversas,Hidroeléctrica,En operación,Veracruz,"Autopista Córdoba – México, Desviación a Jalapilla + 300 m, a 2 km del cruce de la Autopista, Población de Jalapilla, Municipio de Rafael Delgado, Estado de Veracruz, C. P. 94410.",Gobierno del estado de Veracruz,México,
270,"Pemex-Exploración y Producción, Planta Eléctrica Cárdenas",COG.,14/06/2007,E/638/COG/2007,42.00,338.68,$37.80,28/06/2007,Gas Residual,Petrolero,Turbogás,En operación,Tabasco,"Carretera Coatzacoalcos- Villahermosa km 131, Colonia Ranchería Habanero, Municipio de H. Cárdenas, Estado de Tabasco, C.P. 86500",Pemex,México,
271,Pemex Logística,COG.,14/06/2007,E/639/COG/2007,71.00,248.10,$63.90,28/06/2007,Gas Residual,Petrolero,Turbogás,En operación,Tabasco,"Carretera a Puerto Dos Bocas, S/N, Colonia Ranchería el Limón, Municipio Paraíso, Estado de Tabasco, C.P. 86600.",Pemex,México,
272,"Pemex Transformación Industrial, Refinería Ing. Antonio Dovalí Jaime",GEN.,14/06/2007,E/641/GEN/2007,115.20,581.90,$138.24,28/06/2007,Gas Natural y Combustóleo,Petrolero,Termoeléctrica Convencional,En operación,Oaxaca,"Carretera Transismica km. 3, Población de Salina Cruz, Municipio de Salina Cruz, Estado de Oaxaca, C.P. 70620",Pemex,México,
273,"Nacional de Conductores Eléctricos, S. A. de C. V.",AUT.,05/07/2007,E/651/AUT/2007,3.75,3.06,$3.38,06/08/2007,Diésel,Industrias Diversas,Combustión Interna,En operación,San Luis Potosí,"Avenida Industrial, Manzana 34, 1ra. Sección, Colonia Zona Industrial, Municipio de San Luis Potosí, Estado de San Luis Potosí, C.P. 78395",Grupo Carso,México,
274,"Grupo Telvista, S. A. de C. V.",AUT.,05/07/2007,E/652/AUT/2007,1.60,1.30,$1.44,19/07/2007,Diésel,Industrias Diversas,Combustión Interna,En operación,Baja California,"Calle Gobernador Maldonado, número 957, Colonia Ex Ejido de Coahuila, Delegación de González Ortega, Municipio de Mexicalli, Estado de Baja California, C. P. 21360.",Telvista,México,
275,"Innophos Fosfatados de México, S. de R. L. de C. V.",AUT.,05/07/2007,E/655/AUT/2007,15.70,115.30,$14.13,04/03/2008,Gas Natural,Químico,Combustión Interna,En operación,Veracruz,"Carretera Coatzacoalcos-Villahermosa km 5.5, Colonia Complejo Industrial Pajaritos, Población Coatzacoalcos, Municipio de Coatzacoalcos, Estado de Veracruz, C. P. 96380.",Innophos,Estados Unidos,
276,"Hidrorizaba, S. A. de C. V.",AUT.,05/07/2007,E/656/AUT/2007,1.60,13.81,$2.40,03/11/2008,Agua,Industrias Diversas,Hidroeléctrica,En operación,Veracruz,"Autopista Córdoba – México, Desviación a Jalapilla + 300 m, a 1 km del cruce de la Autopista, Población de Jalapilla, Municipio de Rafael Delgado, Estado de Veracruz, C. P. 94410 ",Gobierno del estado de Veracruz,México,
277,"Pemex-Exploración y Producción, Centro de Proceso KU-S",AUT.,19/07/2007,E/650/AUT/2007,14.30,73.42,$12.87,30/07/2007,Gas Natural y Diésel,Petrolero,Turbogás,En operación,Campeche,"Latitud N 19°30’56.18”, Longitud W 92°9’ 15.89”, Población Sonda de Campeche, Golfo de México, Estado de Campeche.",Pemex,México,
278,"Pemex Transformación Industrial, Refinería Miguel Hidalgo",GEN.,19/07/2007,E/662/GEN/2007,133.70,670.40,$160.44,09/08/2007,Gas Natural y Combustóleo,Petrolero,Termoeléctrica Convencional,En operación,Hidalgo,"Carretera Jorobas-Tula km 26.5, Colonia 2da Sección del Llano, Municipio de Tula de Allende, Estado de Hidalgo, C. P. 42800.",Pemex,México,
279,"Pemex-Exploración y Producción, Centro de Proceso  KU-M",AUT.,19/07/2007,E/664/AUT/2007,14.85,78.17,$13.37,15/08/2007,Gas Natural y Diésel,Petrolero,Turbogás,En operación,Campeche,"Latitud Norte 19o33’51’’, Longitud Oeste 92o11’2.32’’, Sonda de Campeche, Golfo de México, frente a la Costa del Estado de Campeche.",Pemex,México,
280,"Azinsa Aluminio, S. A. de C. V.",AUT.,19/07/2007,E/666/AUT/2007,1.00,0.63,$0.90,09/08/2007,Diésel,Siderúrgico,Combustión Interna,En operación,Estado de México,"Avenida 2, Lote 4, Colonia Parque Industrial Cartagena, Municipio de Tultitlán, Estado de México, C. P. 54900.",Grupo Azinsa,México,
281,"Ternium México, S. A. de C. V., Planta APM",AUT.,19/07/2007,E/667/AUT/2007,4.50,2.87,$4.05,09/08/2007,Diésel,Siderúrgico,Combustión Interna,En operación,Nuevo León,"Avenida Churubusco Norte, número 1000, Colonia Santa Fe, Municipio de Monterrey, Estado de Nuevo León, C. P. 64560.",Termium,Luxemburgo,
282,"Grupo Arco Iris Plásticos, S. A. de C. V.",AUT.,16/08/2007,E/669/AUT/2007,3.65,3.80,$3.29,03/09/2007,Diésel,Industrias Diversas,Combustión Interna,En operación,Jalisco,"Calle Camino Empedrado a Buenavista, número 28, Municipio de Tlajomulco de Zúñiga, Estado de Jalisco, C. P. 45640",Grupo Arcoiris,México,
283,"Plastibolsa, S. A. de C. V.",AUT.,16/08/2007,E/674/AUT/2007,1.60,0.70,$1.44,17/09/2007,Diésel,Industrias Diversas,Combustión Interna,En operación,Ciudad de México,"Avenida Javier Rojo Gómez, número 468, interior A, Colonia Unidad Industrial, Delegación Iztapalapa, Ciudad de México, C. P. 09850",Plastibolsa,México,
284,"Parque de Tecnología Electrónica, S. A. de C. V.",AUT.,19/09/2007,E/683/AUT/2007,7.00,7.28,$6.30,01/11/2007,Gas Natural,Industrias Diversas,Combustión Interna,En operación,Jalisco,"Calle Carretera a la Base Aérea, número 5850, interior 4, Colonia La Mora, Municipio de Zapopan, Estado de Jalisco,    C. P. 45100",Flex,Estados Unidos,
285,"Dafmex, S. de R. L. de C. V.",AUT.,19/09/2007,E/684/AUT/2007,0.80,2.75,$0.72,03/10/2007,Diésel,Industrias Diversas,Combustión Interna,En operación,Baja California,"Calle Galaxia y Calle Júpiter, número 72, Colonia Parque Industrial Mexicali 1, Municipio de Mexicali, Estado de Baja California, C. P. 21210.",Dameron Alloy Foundries,Estados Unidos,
286,"Eoliatec del Pacífico, S. A. P. I. de C. V.",AUT.,19/09/2007,E/685/AUT/2007,160.00,600.00,$320.00,28/02/2014,Viento,Industrias Diversas,Eólica,En operación,Oaxaca,"Ejido de Santo Domingo Ingenio, Municipio de Santo Domingo Ingenio, Estado de Oaxaca.",Mitsui - EDF,Japón - Francia,
287,"Yoggo de México, S. A. de C. V.",AUT.,17/10/2007,E/691/AUT/2007,1.00,0.79,$0.90,01/06/2008,Diésel,Industrias Diversas,Combustión Interna,En operación,San Luis Potosí,"Periféricos Norte km 30, s/n, Colonia las flores, Población San Luis Potosí, Municipio de San Luis Potosí, Estado de San Luis Potosí, C. P. 78110.",Yoggo,México,
288,"Sánchez y Martín, S. A. de C. V.",AUT.,22/11/2007,E/704/AUT/2007,1.83,1.90,$1.64,02/01/2008,Diésel,Industrias Diversas,Combustión Interna,En operación,Jalisco,"Avenida 8 de Julio, número 2011, Colonia Zona Industrial, Municipio Guadalajara, Estado de Jalisco, C. P. 44940.",Sánchez y Martín,México,
289,"México Carbon Manufacturing, S. A. de C. V. ",AUT.,22/11/2007,E/708/AUT/2007,4.00,35.04,$4.80,01/03/2009,Gas Residual,Industrias Diversas,Termoeléctrica Convencional,En operación,Tamaulipas,"Boulevard de Los Ríos, número 9600, Cololia Lomas del Real, Municipio de Altamira, Estado de Tamaulipas, C. P. 89600.","Asahi Carbon Co., LTD",Japón,
290,"Pemex-Exploración y Producción, Plataforma  ECO-1",AUT.,28/11/2007,E/722/AUT/2007,0.81,2.37,$0.73,31/05/2008,Diésel,Petrolero,Combustión Interna,En operación,Campeche,"Golfo de México, Sonda de Campeche, Campeche.",Pemex,México,
291,"Productos Farmacéuticos, S. A. de C. V., Planta Aguascalientes",AUT.,13/12/2007,E/724/AUT/2007,4.00,3.20,$3.60,01/04/2008,Diésel,Farmacéutica,Combustión Interna,En operación,Aguascalientes,"En el km 4.2 de la Carretera a Pabellón de Hidalgo, Municipio de Rincón de Romos, Estado de Aguascalientes, C. P. 20420.",Chinoin,Hungría,
292,"Pemex-Exploración y Producción, Centro de Proceso Akal-GC",AUT.,24/01/2008,E/736/AUT/2008,10.50,55.78,$9.45,07/02/2008,Gas Natural y Diésel,Petrolero,Turbogás,En operación,Campeche,"Sonda de Campeche, Campeche, en el Golfo de México.",Pemex,México,
293,"Novatec Pagani, S. A. de C. V.",AUT.,24/01/2008,E/737/AUT/2008,2.00,1.30,$1.80,07/02/2008,Diésel,Industrias Diversas,Combustión Interna,En operación,Guanajuato,"Prolongación Oleoducto, número 111, Colonia Ciudad Industrial, Municipio León, Estado de Guanajuato, C. P. 37490.",Novatec Pagani,México,
294,"Vidrio Formas, S. A. de C. V.",AUT.,25/02/2008,E/746/AUT/2008,2.52,2.10,$2.27,10/03/2008,Diésel,Industrias Diversas,Combustión Interna,En operación,Estado de México,"Avenida San Rafael, número 37, Colonia Parque Industrial San Rafael, Municipio de Lerma, Estado de México, C. P. 52000.",Vidrio Formas,México,
295,"Hidroeléctrica de Tacotán, S. A. de C. V.",P.P.,03/04/2008,E/757/PP/2008,6.00,21.80,$9.00,05/12/2017,Agua,Pequeño Productor,Hidroeléctrica,En operación,Jalisco,"Presa Tacotán sobre el río Ayuquila, Municipio de Unión de Tula, Estado de Jalisco.","Energy Resources, S. A.",España,
296,"Hidroeléctrica Trigomil, S. A. de C. V.",P.P.,03/04/2008,E/758/PP/2008,8.00,28.70,$12.00,01/11/2016,Agua,Pequeño Productor,Hidroeléctrica,En operación,Jalisco,"Presa Trigomil sobre el río Ayuquila, Municipio de Unión de Tula, Estado de Jalisco.","Energy Resources, S. A.",España,
297,"Ganadería Integral Vizur, S. A. de C. V.",AUT.,07/05/2008,E/777/AUT/2008,2.98,1.92,$2.68,21/05/2008,Diésel,Agricultura y Ganadería,Combustión Interna,En operación,Sinaloa,"Carretera Culiacán Vitaruto km 14.5, número 303, Colonia Culiacancito, Municipio Culiacán, Estado de Sinaloa, C. P. 80300.",Sukarne,México,
298,"Bio Pappel, S. A. de C. V., Planta de Papel Tizayuca",AUT.,10/07/2008,E/761/AUT/2008,35.19,133.00,$42.23,24/07/2008,Gas Natural,Papelero,Termoeléctrica Convencional,En operación,Hidalgo,"Camino Tizayuca-Tezontepec, número 5, Colonia El Chopo, Municipio Tizayuca, 43800, Estado de Hidalgo",Kimberly Clark,Estados Unidos,
299,"Controladora Mabe, S.A. de C. V., Planta Saltillo",AUT.,10/07/2008,E/781/AUT/2008,8.50,74.46,$7.65,03/11/2008,Gas Natural,Industrias Diversas,Combustión Interna,En operación,Coahuila,"Avenida Productividad, número 125, Colonia Corredor Industrial, Municipio Saltillo, 25169, Estado de Coahuila",Mabe,México,
300,"Avomex Internacional, S. A. de C. V.",AUT.,10/07/2008,E/783/AUT/2008,4.00,2.90,$3.60,01/08/2008,Diésel,Alimentos,Combustión Interna,En operación,Coahuila,"Calle Andrés Flores, s/n, Colonia Los Pinos, Municipio Sabinas, 26737, Estado de Coahuila",Avomex,México,
301,"Tecnologías Para El Cuidado Ambiental, S. A. de C. V.",AUT.,17/07/2008,E/784/AUT/2008,1.73,1.80,$1.56,31/07/2008,Gas Natural,Industrias Diversas,Combustión Interna,En operación,San Luis Potosí,"Calle Manzana 8, s/n, Colonia Zona Industrial, San Luis Potosí, 78090, San Luis Potosí",Grupo Martex,México,
302,"Primero Empresa Minera, S. A. de C. V.",AUT.,17/07/2008,E/785/AUT/2008,19.73,78.00,$26.58,31/07/2008,Agua y Diésel,Minero,Hidroeléctrica,En operación,Durango,"Domicilio conocido, Las Truchas, Ejido de Huahuapan, San Dimas, Durango; Y Calle 16 de Septiembre, Col. San Pedro Totoltepec, Tayoltita, San Dimas, 34690, Durango",Goldcorp,Canadá,
303,Embotelladoras Bepensa. S. A. de C. V.,AUT.,24/07/2008,E/786/AUT/2008,2.00,1.26,$1.80,15/08/2008,Diésel,Alimentos,Combustión Interna,En operación,Yucatán,"Anillo Periférico Tablaje Catastral 18569, Colonia Pacabtún, Municipio Mérida, 97160, Estado de Yucatán",Coca-cola company,Estados Unidos,
304,"Bepensa Bebidas, S. A. de C. V.",AUT.,24/07/2008,E/787/AUT/2008,2.00,1.26,$1.80,15/08/2008,Diésel,Alimentos,Combustión Interna,En operación,Quintana Roo,"Carretera Valladolid-Puerto Juárez km 305-306, Cancún, Municipio Benito Juárez, 77500, Estado de Quintana Roo",Coca-cola company,Estados Unidos,
305,"Abbott Laboratories de México, S. A. de C. V.",AUT.,04/09/2008,E/796/AUT/2008,6.30,46.41,$5.67,03/08/2009,Gas Natural,Farmacéutica,Turbogás,En operación,Ciudad de México,"Calzada de Tlalpan, número 3092, Colonia Ex Hacienda Coapa, Coyoacán, 04980, México, Ciudad de México",Abbott,Estados Unidos,
306,"Nemak, S. A.",AUT.,16/10/2008,E/800/AUT/2008,7.00,4.81,$6.30,10/11/2008,Diésel,Manufacturero,Combustión Interna,En operación,Nuevo León,"Libramiento Arco Vial, km 3.8, García, 66000, Nuevo León",Nemak,México,
307,"Eólica Santa Catarina, S. de R. L. de C. V.",AUT.,23/10/2008,E/802/AUT/2008,22.00,45.00,$44.00,01/06/2013,Viento,Industrias Diversas,Eólica,En operación,Nuevo León,"Camino Vecinal al Jonuco, al norte del fraccionamiento del Jonuco, Población Jonuco, Santa Catarina, Nuevo León",Gobierno del estado de Nuevo León,México,
308,"La Torre del Vigía, A. R.",AUT.,23/10/2008,E/803/AUT/2008,3.75,2.50,$3.38,19/11/2008,Diésel,Servicios,Combustión Interna,En operación,Estado de México,"Avenida Jardín, número 10, Colonia Fraccionamiento El Tejocote, Cuautlalpan, Texcoco, 56239, Estado de México",La Torre del Vigía,México,
309,"Fuerza y Energía BII Hioxo, S. A. de C. V.",AUT.,23/10/2008,E/806/AUT/2008,234.00,700.68,$468.00,01/10/2014,Viento,Industrias Diversas,Eólica,En operación,Oaxaca,"entre la carretera a Unión Hidalgo y el Río de Perros, Juchitán de Zaragoza, 07000, Oaxaca",Naturgy,España,
310,"Industrial Papelera Mexicana, S. A. de C. V., Planta Uruapan",AUT.,23/10/2008,E/807/AUT/2008,8.32,62.16,$7.49,28/04/2010,Gas Natural,Papelero,Turbogás,En operación,Michoacán,"Boulevard Industrial, número 3201, Colonia La Cofradía, Uruapan, 60221, Michoacán",Industrial Papelera Mexicana,México,
311,"Energía EP, S. de R. L. de C. V.",AUT.,05/02/2009,E/808/AUT/2009,0.41,2.88,$0.62,10/07/2010,Agua,Industrias Diversas,Hidroeléctrica,En operación,Puebla,"San Juan Tetla, Chiautzingo, Puebla","Fabrica de San Martin, S.A.",México,
312,"Pemex Transformación Industrial, Complejo Procesador de Gas Nuevo Pemex",COG.,23/04/2009,E/811/COG/2009,347.40,2628.00,$330.66,15/05/2009,Gas Natural,Petrolero,Cogeneración Eficiente,En operación,Tabasco,"Carretera Luis Gil Pérez, s/n, Centro, 86000, Tabasco.",Pemex,México,
313,"Hotel Gran Caribe Real, S. de R. L. de C. V.",AUT.,07/05/2009,E/813/AUT/2009,1.35,0.89,$1.22,25/05/2009,Diésel,Turismo,Combustión Interna,En operación,Quintana Roo,"Boulevard Kukulcán km 11.5, Colonia Zona Hotelera, Cancún, Benito Juárez, 77500, Quintana Roo","Playa H&R Holdings, BV",Países Bajos,
314,"Agnico Eagle México, S. A. de C. V.",AUT.,07/05/2009,E/818/AUT/2009,14.60,15.18,$13.14,21/05/2009,Diésel,Minero,Combustión Interna,En operación,Chihuahua,"Carretera Chihuahua-Hermosillo, km 283, Pinos Altos, Ocampo, Chihuahua",Agnico-Eagle Mines Limites,Canadá,
315,"Inmobiliaria y Proyectos TRPlaya, S. de R. L. de C. V.",AUT.,07/05/2009,E/819/AUT/2009,1.00,8.50,$0.90,25/05/2009,Gas L.P.,Turismo,Turbogás,En operación,Quintana Roo,"Avenida Constituyentes, número 2, Colonia Centro, Solidaridad, 77780, Quintana Roo","Hotel Royal del Carmen, BV",Países Bajos,
316,"Bioeléctrica de Occidente, S. A. de C. V.",COG.,04/06/2009,E/822/COG/2009,35.36,117.34,$42.43,01/09/2016,Bagazo de Caña,Azucarero,Bioenergía,En operación,Nayarit,"Veracruz, s/n, Colonia Centro, Francisco I. Madero, 63500, Nayarit.","Ingenio de Puga, S. A. de C. V.",México,
317,"Desarrollos Eólicos Mexicanos de Oaxaca 1, S. A. P. I. de C. V.",AUT.,04/06/2009,E/823/AUT/2009,90.00,333.02,$180.00,01/11/2012,Viento,Industrias Diversas,Eólica,En operación,Oaxaca,"Polígono I, localizado en terrenos del Municipio Unión Hidalgo y Polígono II, localizado en terrenos del Municipio Juchitán de Zaragoza, ambos en Oaxaca",Renovalia Wind International,España,
318,"Transformadora de Energía Eléctrica de Juárez, S. A. de C. V.",AUT.,11/06/2009,E/825/AUT/2009,6.40,39.24,$5.76,15/06/2011,Biogás,Industrias Diversas,Bioenergía,En operación,Chihuahua,"km 27.5 de la Carretera Panamericana, Juárez, Chihuahua","Maquinaria, S. A. de C. V.",México,
319,"Energías Ambientales de Oaxaca, S. A. de C. V.",P.I.E.,23/07/2009,E/828/PIE/2009,102.00,410.00,$204.00,26/09/2012,Viento,Productor Independiente,Eólica,En operación,Oaxaca,"Carretera Federal 190, entre los poblados de Juchitán, Santo Domingo Ingenio y Cazadero, Municipio Santo Domingo Ingenio, Oaxaca",Grupo COBRA,España,
320,"Energías Renovables Venta III, S. A. de C. V.",P.I.E.,23/07/2009,E/829/PIE/2009,102.85,288.00,$205.70,03/10/2012,Viento,Productor Independiente,Eólica,En operación,Oaxaca,"Ejido Santo Domingo, Santo Domingo Ingenio, Oaxaca",Mexico Infrastructure Partners (MIP),España,
321,"Productos Urólogos de México, S. A. de C. V.",AUT.,03/09/2009,E/831/AUT/2009,3.00,1.35,$2.70,01/10/2009,Diésel,Farmacéutica,Combustión Interna,En operación,Baja California,"Calle Cerrada Vía de la Producción, número 85, Colonia Parque Industrial Mexicali III, Mexicali, 21397, Baja California",American Hospital Supply Corporation,Estados Unidos,
322,Municipio de Mexicali,AUT.,15/10/2009,E/832/AUT/2009,10.00,27.00,$20.00,29/10/2009,Viento,Municipal,Eólica,En operación,Baja California,"Carretera libre Mexicali-Tijuana, km 74+950,
Ejido Dr. Gustavo Aubanel Vallejo, La Rumorosa, Tecate, Baja California",Municipio de Mexicali,México,
323,"Laboratorios Pisa, S. A. de C. V., Planta Tlajomulco",AUT.,04/03/2010,E/844/AUT/2010,5.48,5.69,$4.93,19/03/2010,Diésel,Farmacéutica,Combustión Interna,En operación,Jalisco,"Carretera San Isidro Mazatepec, número 7000, Tlajomulco de Zúñiga, 45645, Jalisco","Laboratorios Pisa, S. A. de C. V.",México,
324,"Empacadora Celaya, S. A. de C. V.",GEN.,25/03/2010,E/845/GEN/2010,2.40,15.26,$2.16,08/04/2010,Gas Natural,Alimentos,Combustión Interna,En operación,Guanajuato,"Avenida México-Japón, número 116, Colonia Ciudad Industrial, Celaya, 38010, Guanajuato",Grupo Capistrano,México,
325,"Continental Automotive Mexicana, S. A. de C. V., Planta Cuautla",AUT.,25/03/2010,E/846/AUT/2010,2.59,1.39,$2.33,08/04/2010,Diésel,Industrias Diversas,Combustión Interna,En operación,Morelos,"Avenida Ignacio Allende, Lote 20, Colonia Parque Industrial Cuautla, Xalostoc, Ayala, 62743, Morelos",Continental AG,Alemania,
326,"Sociedad Autoabastecedora de Energía Verde de Aguascalientes, S. de R. L. de C. V.",AUT.,25/03/2010,E/847/AUT/2010,2.62,20.92,$2.35,19/12/2011,Biogás,Industrias Diversas,Bioenergía,En operación,Aguascalientes,"km. 9.3 de la Carretera José María Morelos y Pavón, Aguascalientes, Aguascalientes","Biogas Technology, S.A. de C.V.",Inglaterra,
327,"Posco México, S. A. de C. V.",AUT.,15/04/2010,E/848/AUT/2010,21.00,166.03,$18.90,02/09/2010,Gas Natural,Siderúrgico,Combustión Interna,En operación,Tamaulipas,"Boulevard de los Ríos s/n, Colonia Puerto Industrial de Altamira, Altamira, 89603, Tamaulipas",Posco,Corea,
328,"Compañía Eléctrica Carolina, S. A. de C. V.",AUT.,22/04/2010,E/849/AUT/2010,2.49,21.80,$3.74,07/05/2010,Agua,Industrias Diversas,Hidroeléctrica,En operación,Guanajuato,"Mariano Matamoros, número 101, Salvatierra, 38900, Guanajuato","Fábrica de Textiles de México, S. A. de C. V.",México,
329,"CE Oaxaca Dos, S. de R. L. de C. V.",P.I.E.,13/05/2010,E/850/PIE/2010,102.00,326.40,$204.00,06/02/2012,Viento,Productor Independiente,Eólica,En operación,Oaxaca,"Ejido Santo Domingo Ingenio, Santo Domingo Ingenio, Oaxaca",Acciona,España,
330,"CE Oaxaca Cuatro, S. de R. L. de C. V.",P.I.E.,13/05/2010,E/851/PIE/2010,102.00,326.40,$204.00,05/03/2012,Viento,Productor Independiente,Eólica,En operación,Oaxaca,"Ejidos La Venta y Santo Domingo Ingenio, Juchitán de Zaragoza y Santo Domingo Ingenio respectivamente, Oaxaca",Acciona,España,
331,"CE Oaxaca Tres, S. de R. L. de C. V.",P.I.E.,13/05/2010,E/852/PIE/2010,102.00,326.40,$204.00,30/01/2012,Viento,Productor Independiente,Eólica,En operación,Oaxaca,"Ejido La Venta, Juchitán de Zaragoza, Oaxaca",Acciona,España,
332,"Electricidad del Golfo, S. de R. L. de C. V.",AUT.,03/06/2010,E/853/AUT/2010,35.00,100.00,$52.50,01/01/2014,Agua,Industrias Diversas,Hidroeléctrica,En operación,Veracruz,"Río Apatlahuaya afluente del Río Tonto, Zongolica, Veracruz",Impulsora de Proyectos Hidroeléctricos,Estados Unidos,
333,"Mitsui & CO. Infrastructure Solutions, S. A. de C. V.",COG.,03/06/2010,E/854/COG/2010,1.05,8.41,$0.94,25/11/2010,Biogás y Gas Natural,Servicios,Bioenergía,En operación,Querétaro,"intersección del Río Querétaro y Dren el Arenal, Ejido Santa María Magdalena, Delegación Felipe Carrillo Puerto, Santiago Querétaro, 76137, Querétaro","CYDSA, S. A.",México,
334,"Compañía Cervecera de Coahuila, S. de R. L. de C. V.",COG.,03/06/2010,E/855/COG/2010,16.00,126.14,$19.20,17/06/2010,Combustóleo,Alimentos,Termoeléctrica Convencional,En operación,Coahuila,"km 233+200 de la Carretera 57, número 85, Nava, 26170, Coahuila","Diblo, S. A. de C. V.",México,
335,"Seal For Life Industries México, S. de R. L. de C. V.",AUT.,10/06/2010,E/856/AUT/2010,1.50,0.72,$1.35,24/06/2010,Diésel,Manufacturero,Combustión Interna,En operación,Baja California,"Calle Once Norte número 11002, Ciudad Industrial Nueva Tijuana, Mesa de Otay, Tijuana, 22500, Baja California",Seal For Life Industries México,Estados Unidos,
336,"Ingenio El Mante, S. A. de C. V.",AUT.,30/06/2010,E/858/AUT/2010,5.75,25.24,$6.90,01/11/2010,Combustóleo y Bagazo de Caña,Azucarero,Bioenergía,En operación,Tamaulipas,"Calle Sur de la Colonia Obrera 1, Colonia Obrera 1, Ciudad Mante, El Mante, 89870, Tamaulipas",Grupo Saenz,México,
337,"Auma, S. A. de C. V.",AUT.,12/08/2010,E/860/AUT/2010,2.06,2.06,$1.85,30/11/2010,Gas Natural,Manufacturero,Combustión Interna,En operación,Chihuahua,"Carretera a Tabalaopa número 7700, Colonia La Concordia, Chihuahua, C. P. 31380, Chihuahua",Grupo Bocar,México,
338,"Compañía Eólica de Tamaulipas, S. A. de C. V.",AUT.,26/08/2010,E/863/AUT/2010,54.00,213.00,$108.00,01/03/2014,Viento,Industrias Diversas,Eólica,En operación,Tamaulipas,"Ejido El Porvenir, Reynosa, Tamaulipas",Soriana,México,
339,"Ingenio Tamazula, S. A. de C. V., Planta Santa Cruz",AUT.,26/08/2010,E/866/AUT/2010,0.64,0.70,$0.96,01/10/2010,Agua,Azucarero,Hidroeléctrica,En operación,Jalisco,"región hidrológica Río Armería Coahuayana, Vista Hermosa, Tamazula de Gordiano, Jalisco",Grupo Saenz,México,
340,"Nusantara de México, S. A. de C. V., Mina Santa Elena",GEN.,26/08/2010,E/867/GEN/2010,12.10,104.40,$10.89,29/10/2010,Diésel,Minero,Combustión Interna,En operación,Sonora,"7 km al Noroeste del poblado de Banámichi, Sonora",Norcrest Silver,Canadá,
341,"Tala Electric, S. A. de C. V.",COG.,28/10/2010,E/871/COG/2010,25.00,99.70,$30.00,01/04/2012,Bagazo de Caña,Azucarero,Bioenergía,En operación,Jalisco,"km 46 de la Carretera Guadalajara-Ameca-Puerto Vallarta, Tala, 45300, Jalisco","Bret del Sureste, S. A. de C. V.",México,
342,"KST Electric Power Company, S. A. de C. V.",P.I.E.,28/10/2010,E/872/PIE/2010,533.36,4508.24,$540.72,19/12/2013,Gas Natural,Productor Independiente,Ciclo combinado,En operación,Chihuahua,"predio denominado “El Encino”, a 7.8 kilómetros al suroeste de la ciudad de Chihuahua, a la altura del km 196 + 724 de la carretera federal número 45, Chihuahua-Delicias, Chihuahua, Chihuahua.",KST Electric Power Company,Corea,
343,"Polioles, S. A. de C. V.",COG.,16/12/2010,E/875/COG/2010,2.50,16.75,$3.00,31/01/2011,Gas Natural,Petroquímico,Termoeléctrica Convencional,En operación,Estado de México,"km 52.5 de la Carretera México-Toluca, Lote A, Colonia Valle de Lerma, Rancho San Carlos, Lerma, 52000, Estado de México",Alfa,México,
344,"Proteína Animal, S. A. de C. V.",AUT.,27/01/2011,E/876/AUT/2011,4.46,4.63,$4.01,11/02/2011,Diésel,Agricultura y Ganadería,Combustión Interna,En operación,Jalisco,"kilómetro 1.8 del Libramiento Carretero San Juan, San Juan de los Lagos, 47000, Jalisco",Manuel Romo Muñoz,México,
345,"Basf Mexicana, S. A. de C. V.",AUT.,03/02/2011,E/879/AUT/2011,1.25,10.00,$1.13,30/08/2011,Gas Natural,Industrias Diversas,Combustión Interna,En operación,Estado de México,"Avenida Licenciado Ángel Otero Rivero número 8, Colonia Industrias Tulpetlac, 55107, Ecatepec, Estado de México",Basf The Chemical Company,Alemania,
346,"Bio Pappel, S. A. de C. V.",COG.,03/03/2011,E/882/COG/2011,22.86,133.29,$20.57,08/06/2012,Gas Natural,Papelero,Cogeneración Eficiente,En operación,Durango,"km 26 de la Carretera Durango-México, Colonia Cuesta el Registro, Durango, 34348, Durango",Miguel Rincón Arrendondo,México,
347,Pemex-Exploración Y Producción Plataforma Habitacional Litoral Tabasco HA-LT-01,AUT.,11/03/2011,E/883/AUT/2011,4.50,19.71,$4.05,17/03/2011,Diésel,Petrolero,Combustión Interna,En operación,Tabasco,"Sonda de Campeche, frente a la Costa de Tabasco",Pemex,México,
348,"Agnico Eagle México, S. A. de C. V., Proyecto Mascota",AUT.,31/03/2011,E/884/AUT/2011,3.65,30.29,$3.29,01/04/2011,Diésel,Minero,Combustión Interna,En operación,Chihuahua,"Domicilio Conocido sin número, en la Población P.P. Anexo El Potrero, Ocampo, Chihuahua",Agnico-Eagle Mines Limites,Canadá,
349,"Mitsui & CO. Infrastructure Solutions, S. A. de C. V., Planta El Ahogado",GEN.,14/04/2011,E/885/GEN/2011,2.83,10.11,$2.55,05/05/2012,Biogás,Servicios,Bioenergía,En operación,Jalisco,"Calle Antiguo Camino a los Laureles número 1000, Colonia Las Chivas, Tlajomulco de Zúñiga, 45679, Jalisco","Cydsa, S. A.",México,
350,"Ecosys III, S. A. de C. V.",AUT.,12/05/2011,E/887/AUT/2011,1.75,12.14,$1.57,01/07/2011,Biogás,Servicios,Bioenergía,En operación,Guanajuato,"km 2.5 de la Carretera León-San Francisco del Rincón, Colonia Arroyo Hondo, Santa Rosa o Plan de Ayala, León, 37460, Guanajuato","Intensa, S. A. de C. V.",México,
351,"Iberdrola Energía La Laguna, S. A. de C. V.",GEN.,16/06/2011,E/889/GEN/2011,101.27,391.00,$102.67,30/06/2011,Gas Natural,Industrias Diversas,Ciclo combinado,En operación,Durango,"Sitio denominado “Francke” en el km 3 de la carretera estatal 138, Gómez Palacio-Francisco I. Madero, Gómez Palacio, Durango.",Mexico Infrastructure Partners (MIP),México,
352,"Minera y Metalúrgica del Boleo, S. A. P. I. de C. V.",AUT.,23/06/2011,E/890/AUT/2011,30.85,143.00,$27.77,01/02/2011,Diésel,Minero,Combustión Interna,En operación,Baja California Sur,"kilómetro 5.5 de la Carretera Federal número 1, Tramo Santa Rosalía-Guerrero Negro, Santa Rosalía, Mulegé, 23920, Baja California Sur","Boleo International, S. á. r. l.",Luxemburgo,
353,"Dominica Energía Limpia,  S. A. de C. V.",AUT.,04/08/2011,E/894/AUT/2011,200.00,620.00,$400.00,01/11/2014,Viento,Industrias Diversas,Eólica,En operación,San Luis Potosí,"Predio Rústico ""El Palmar"", San Miguel, Charcas, San Luis Potosí",Enel Green Power,Italia,
354,"Pemex-Exploración y Producción, Plataforma de Generación Eléctrica PG-ZAAP-C",AUT.,18/08/2011,E/895/AUT/2011,73.36,642.63,$90.32,27/08/2011,Diésel y Gas Residual,Petrolero,Turbogás,En operación,Campeche,"Sonda de Campeche, frente a la Costa de Campeche",Pemex,México,
355,"Sigma Alimentos Centro, S. A. de C. V., Planta Atitalaquia",COG.,24/08/2011,E/896/COG/2011,3.18,19.72,$2.86,19/09/2011,Gas Natural,Alimentos,Combustión Interna,En operación,Hidalgo,"Carretera Atitalaquia-Refinería 127, colonia Cardonal, Atitalaquia, 42970, Hidalgo.","Pablo Brener Brener,",México,
356,"Energía del Agua de Baja California, S. A. de C. V., Comisión Estatal del Agua de Baja California y Comisión Estatal de Servicios Públicos de Tijuana",AUT.,01/09/2011,E/897/AUT/2011,27.60,210.24,$41.40,28/02/2017,Agua,Gobierno,Hidroeléctrica,En construcción,Baja California,"kilómetro 10 de la Carretera Libre Tecate-Ensenada, Tecate, Baja California",Estado de Baja California,México,
357,"TKR de México, S.A. de C.V.",AUT.,08/09/2011,E/899/AUT/2011,2.06,16.44,$1.85,27/10/2011,Gas Natural,Manufacturero,Combustión Interna,En operación,Tamaulipas,"kilómetro 0.200 Sur del Boulevard Luis Donaldo Colosio, Nuevo Laredo, 88277, Tamaulipas.","Construcciones y Auxiliar de Ferrocarriles, S. A.",España,
358,"Bio Pappel, S. A. de C. V., Planta Atenquique",COG.,08/09/2011,E/900/COG/2011,15.50,42.02,$18.60,27/10/2011,Licor Negro y Combustóleo,Papelero,Bioenergía,En operación,Jalisco,"kilómetro 160 de la Carretera libre Guadalajara-Colima, Atenquique, Tuxpan, 49820, Jalisco",Miguel Rincón Arrendondo,México,
359,"Pemex Transformación Industrial, Complejo Procesador de Gas Burgos",COG.,14/09/2011,E/901/COG/2011,19.50,135.90,$17.55,29/09/2011,Gas Residual,Petrolero,Turbogás,En operación,Tamaulipas,"kilómetro 190+182 de la Carretera Federal Monterrey-Reynosa, Reynosa, 76800, Tamaulipas",Pemex,México,
360,"Energía San Luis de La Paz, S. A. de C. V.",AUT.,14/09/2011,E/902/AUT/2011,182.00,1466.75,$222.00,01/08/2015,Gas Natural,Industrias Diversas,Ciclo Combinado,En operación,Guanajuato,"kilómetro 82 de la Carretera Federal número 57, Las Delicias, San Luis de la Paz, Guanajuato",Sony Electronics,Japón,
361,"Ferrocarriles Suburbanos, S. A. P. I. de C. V.",AUT.,22/09/2011,E/905/AUT/2011,6.61,19.26,$0.00,06/10/2011,Energía Cinética,Servicios,Energía Cinética,En operación,Estado de México,"Permisionaria en la Línea
Buenavista-Cuautitlán del Ferrocarril Suburbano, con una longitud de 27 km,","Eoliatec de México, S. A. de C. V.",México,
362,"Stipa Nayaa, S. A. de C. V.",AUT.,06/10/2011,E/907/AUT/2011,74.00,292.00,$148.00,01/07/2012,Viento,Industrias Diversas,Eólica,En operación,Oaxaca,"calle Canal Principal de Riego, Colonia Paraje Zopiloapan, El Espinal, 70117, Oaxaca",Stipa Nayaa,Países Bajos,
363,"Vitro, S. A. B. de C. V.",IMP.,16/11/2011,E/909/IMP/2011,10.00,87.50,$0.00,01/10/2012,Importación,Importación,Importación,En operación,Baja California,"Calzada Industrial Palaco número 2150, Colonia Dos División Dos, Mexicali, 21399, Baja California",Vitro,México,
364,"Minera y Metalúrgica del Boleo, S. A. P. I. de C. V.",COG.,08/12/2011,E/910/COG/2011,46.00,378.00,$55.20,10/04/2015,Vapor,Minero,Termoeléctrica Convencional,En operación,Baja California Sur,"kilómetro 5.5 de la Carretera Federal número 1, Tramo Santa Rosalía-Guerrero Negro, Santa Rosalía, Mulegé, 23920, Baja California Sur.","Boleo International, S. á. r. l.",Luxemburgo,
365,"México Generadora de Energía, S. de R. L.",AUT.,08/12/2011,E/911/AUT/2011,400.00,2827.00,$405.52,01/12/2013,Gas Natural,Minero,Ciclo combinado,En operación,Sonora,"km 21 de la Carretera Federal número 17 (Agua Prieta-Nacozari de García), Nacozari de García, Sonora.","Mexicana de Cobre, S. A. de C. V.",México,
366,"Ventika, S. A. P. I. de C. V.",AUT.,08/12/2011,E/912/AUT/2011,126.00,330.00,$252.00,01/04/2016,Viento,Industrias Diversas,Eólica,En operación,Nuevo León,"km 167+400 de la Carretera Libre Monterrey-Reynosa, General Bravo, Nuevo León",Cemex,México,
367,"Alcoholera de Zapopan, S. A. de C. V.",COG.,12/01/2012,E/913/COG/2012,8.00,34.56,$9.60,01/04/2013,Bagazo de Caña,Químico,Bioenergía,En operación,Veracruz,"kilómetro 8 de la Carretera Estatal Córdoba-Atoyac, Colonia Buenos Aires, General Miguel Alemán, Atoyac, 94965, Veracruz",Salvador Romero Valencia,México,
368,"Tlalnepantla Cogeneración, S. A. P. I. de C. V.",COG.,12/01/2012,E/914/COG/2012,15.00,124.83,$13.50,01/07/2012,Gas Natural,Industrias Diversas,Cogeneración Eficiente,En operación,Estado de México,"San Nicolás 18-A, colonia Fraccionamiento Industrial Tlaxcolpan, Tlalnepantla, 54030, Estado de México.","CPIngredientes, S. A. de C. V.",México,
369,"Interiores Aéreos, S. A. de C. V.",IMP.,12/01/2012,E/916/IMP/2012,6.00,52.50,$0.00,01/05/2013,Importación,Importación,Importación,En operación,Baja California,"Boulevard Lázaro Cárdenas número 2385, Colonia Plutarco Elías Calles, Mexicali, 21376, Baja California",Gulfstream Delawere,Estados Unidos,
370,"Huixtla Energía, S. A. de C. V.",COG.,26/01/2012,E/918/COG/2012,12.00,34.91,$14.40,01/03/2013,Bagazo de Caña,Industrias Diversas,Bioenergía,En operación,Chiapas,"km 8 de la Carretera al Arenal, Huixtla, 30640, Chiapas","Ingenio de Huixtla, S. A de C. V.",México,
371,"Eólica de Arriaga, S. A. P. I. de C. V.",AUT.,16/02/2012,E/920/AUT/2012,32.00,98.00,$64.00,05/06/2012,Viento,Industrias Diversas,Eólica,En operación,Chiapas,"kilómetro 9 de la Carretera Arriaga-Villa del Mar, Arriaga, Chiapas.","Galectra, S.A. de C.V.",México,
372,"Energía MK KF, S. A. de C. V.",COG.,10/05/2012,E/926/COG/2012,35.93,270.28,$32.34,31/05/2014,Gas Natural,Textil,Cogeneración Eficiente,En operación,Tamaulipas,"Boulevard de los Ríos 4390, Colonia Zona Industrial, 89600, Altamira, Tamaulipas","Manufacturas Kaltex, S. A. de C. V., Carga II",México,
373,Gobierno del Estado de Michoacán de Ocampo,AUT.,31/05/2012,E/929/AUT/2012,4.05,21.28,$6.08,22/10/2012,Agua,Gobierno,Hidroeléctrica,En operación,Michoacán,"kilómetro 148+900 de la Autopista Patzcuaro-Lázaro Cárdenas, Tramo Uruapan-Nueva Italia, Múgica, Nueva Italia, Michoacán",Gobierno del Estado de Michoacán de Ocampo,México,
374,"Ecopur, S. A. de C. V.",AUT.,31/05/2012,E/930/AUT/2012,3.00,6.70,$4.50,01/09/2018,Sol,Industrias Diversas,Fotovoltaica,En operación,Guanajuato,"kilómetro 160+600 de la Carretera Panamericana México-Cd. Juárez, Tramo León-Silao, Colonia Guanajuato Puerto Interior, Silao, 36275, Guanajuato","Bienes Raices Samex, S. A. de C. V.",Alemania,
375,"Energía Sierra Juárez, S. de R. L. de C. V.",EXP.,14/06/2012,E/932/EXP/2012,156.00,457.00,$312.00,30/04/2015,Viento,Exportación,Eólica,En operación,Baja California,"km 62+868 de la carretera de cuota Mexicali-Tijuana, Ejido Cajume, Tecate, Baja California",IENOVA,Estados Unidos,
376,"Energía Sierra Juárez, S. de R. L. de C. V.",IMP.,14/06/2012,E/933/IMP/2012,6.00,3.00,$0.00,30/04/2015,Importación,Importación,Importación,En operación,Baja California,"Ejido Cajume, Tecate, Baja California",IENOVA,Estados Unidos,
377,"Ventika II, S. A. P. I. de C. V.",AUT.,05/07/2012,E/936/AUT/2012,126.00,330.00,$252.00,01/04/2016,Viento,Industrias Diversas,Eólica,En operación,Nuevo León,"km 167+400 de la Carretera Libre Monterrey-Reynosa lado Sur, General Bravo, Nuevo León",Cemex,México,
378,"Servicios Comerciales de Energía, S. A. de C. V.",P.P.,19/07/2012,E/938/PP/2012,30.00,86.00,$45.00,01/11/2013,Sol,Pequeño Productor,Fotovoltaica,En operación,Baja California Sur,"Lote 4, Predio Olas Altas, La Paz, 23089, Baja California Sur",Héctor Alonso Olea Hernández,México,
379,"Desarrollos Eólicos Mexicanos de Oaxaca 2, S. A. P. I. de C. V., Parque Eólico Piedra Larga Fase 2",AUT.,27/07/2012,E/939/AUT/2012,137.50,508.75,$275.00,01/09/2014,Viento,Industrias Diversas,Eólica,En operación,Oaxaca,"Carretera Unión Hidalgo-La Venta s/n, en el sitio denominado Polígono Fase II, ubicado en terrenos del Municipio Unión Hidalgo, Oaxaca",GAMESA,España,
380,"Pemex Transformación Industrial, Complejo Procesador de Gas Poza Rica",COG.,27/07/2012,E/940/COG/2012,16.00,56.40,$19.20,10/08/2012,Gas Natural,Petrolero,Termoeléctrica Convencional,En operación,Veracruz,"Blvd. Lázaro Cárdenas s/n, Col. Morelos, Poza Rica de Hidalgo, Poza Rica, 93340, Veracruz",Pemex,México,
381,"Energía Chihuahua, S. A. de C. V.",GEN.,16/08/2012,E/942/GEN/2012,50.00,350.40,$50.69,28/08/2012,Gas Natural,Industrias Diversas,Ciclo combinado,En operación,Chihuahua,"km 166 de la carretera Panamericana tramo Sueco-Juárez, Samalayuca, Ciudad Juárez, 32730, Chihuahua",INVEX Grupo Financiero,México,
382,"Compañía Eoloeléctrica de Ciudad Victoria, S. A. de C. V.",AUT.,30/08/2012,E/945/AUT/2012,50.00,254.00,$100.00,26/12/2016,Viento,Industrias Diversas,Eólica,En operación,Tamaulipas,"Rancho San Ramón, Güemez, 87233, Tamaulipas","Promoción y Desarrollo de Proyectos Eléctricos, S. A. de C. V.",España,
383,"Iberdrola Energía Tamazunchale, S. A. de C. V.",GEN.,30/08/2012,E/947/GEN/2012,100.00,788.40,$101.38,27/03/2014,Gas Natural,Industrias Diversas,Ciclo combinado,En operación,San Luis Potosí,"sitio denominado “El  Tepetate”, Tamazunchale, San Luis Potosí, con acceso por la carretera Tampacan-Tamazunchale",Mexico infrastructure Partners (MIP),México,
384,"Fuerza y Energía de Naco-Nogales, S. A. de C. V.",AUT.,06/09/2012,E/948/AUT/2012,50.00,351.30,$50.69,01/03/2013,Gas Natural,Industrias Diversas,Ciclo combinado,En operación,Sonora,"“El Fresnal”, 14 kilómetros al suroeste de la población de Agua Prieta, Agua Prieta, Sonora.",Naturgy,España,
385,"CE G. Sanborns 2, S. A. de C. V.",COG.,27/09/2012,E/951/COG/2012,1.15,8.71,$1.04,01/09/2013,Gas Natural,Comercio,Cogeneración Eficiente,En operación,Ciudad de México,"Eje 1 Mosqueta número 259, Colonia Buenavista, Delegación Cuauhtémoc, 06350, México, Ciudad de México",Grupo Carso,México,
386,"Eólica Zopiloapan, S. A. de C. V.",AUT.,04/10/2012,E/953/AUT/2012,70.00,254.45,$140.00,01/01/2013,Viento,Industrias Diversas,Eólica,En operación,Oaxaca,"km 49 del Canal principal de riego, Paraje Zopiloapan, El Espinal, 70117, Oaxaca",GAMESA,España,
387,"Coppel, S. A. de C. V.",AUT.,11/10/2012,E/954/AUT/2012,0.99,2.30,$1.48,01/04/2014,Sol,Comercio,Fotovoltaica,En operación,Sonora,"km 7.7 de la carretera 12 Sur, Col. Distrito de Colonización Miguel Alemán, 83345, Miguel Alemán, Sonora",Coppel,México,
388,"Lorean Energy Group, S. A. P. I. de C. V.",AUT.,01/11/2012,E/958/AUT/2012,2.12,16.73,$1.91,01/08/2013,Biogás,Industrias Diversas,Bioenergía,En operación,Coahuila,"km 3.5 de la carretera Saltillo-Torreón, Saltillo, 25115, Coahuila","Colibri Capital, S. A. P. I. de C. V.",Estados Unidos,
389,"Energía Renovable de Cuautla, S. A. de C. V.",COG.,01/11/2012,E/959/COG/2012,1.07,6.50,$0.96,01/11/2014,Biogás,Industrias Diversas,Bioenergía,En operación,Morelos,"Calle 30 de septiembre s/n, Colonia Ampliación Hermenegildo Galeana, Cuautla, 62743, Morelos","Energía Renovable de Cuautla, S. A. de C. V.",México,
390,"Laproba El Águila, S. A. de C. V.",AUT.,08/11/2012,E/960/AUT/2012,1.50,1.56,$1.35,01/01/2013,Diésel,Manufacturero,Combustión Interna,En operación,Guanajuato,"Calle Estación de FFCC La Trinidad s/n, Camino a Santa Ana del Conde, León, 37680, Guanajuato",Graciela Orozco Pacheco,México,
391,"Fuerza y Energía de Norte Durango, S. A. de C. V.",GEN.,15/11/2012,E/961/GEN/2012,131.50,766.90,$133.31,27/11/2012,Gas Natural,Pequeño Productor,Ciclo combinado,En operación,Durango,"Carretera Federal No. 40 Durango-Torreón km 30 + 115.2, Municipio de Durango, Estado de Durango, C. P. 34200.",Naturgy,España,
392,"TMQ Generación Energía Renovable, S. A. P. I. de C. V.",AUT.,22/11/2012,E/962/AUT/2012,2.75,24.06,$2.47,27/11/2012,Biogás,Industrias Diversas,Bioenergía,En operación,Querétaro,"km 5.5 de la carretera Satélite-Monpani, Tlacote El Bajo, Querétaro, 76230, Querétaro","Tecnologia del Medio Ambiente de Queretaro, S. A. P. I. de C. V.",España,
393,"Láminas Acanaladas Infinita, S. A. de C. V.",COG.,22/11/2012,E/964/COG/2012,6.00,33.95,$5.40,08/12/2013,Gas Natural,Manufacturero,Turbogás,En operación,Estado de México,"Plásticos número 27, Colonia Santa Clara Coatitla, Santa Clara, Ecatepec, 55540, Estado de México",José Lobaton Chacra,México,
394,"Organismo Operador Municipal de Agua Potable, Alcantarillado y Saneamiento de Nogales, Sonora (OOMAPAS Nogales)",AUT.,29/11/2012,E/965/AUT/2012,0.88,1.79,$1.32,29/12/2015,Sol,Municipal,Fotovoltaica,En operación,Sonora,"km 23 de la Carretera Federal No. 15 (Nogales-Imuris), Nogales, Bambuto, Sonora",Gobierno del Estado de Sonora,México,
395,"Compañía Eólica Vicente Guerrero, S. A. de C. V.",AUT.,29/11/2012,E/969/AUT/2012,58.00,260.34,$116.00,01/04/2019,Viento,Industrias Diversas,Eólica,En operación,Tamaulipas,"km 20.5 de la carretera federal no. 70, Ciudad Victoria - Soto La Marina, Rancho El Melón y a su vez en el km 27 de la misma carretera, Rancho el Soldado, Güémez, Tamaulipas.",Energía Gemex,España,
396,"Compañía Eólica Vicente Guerrero, S. A. de C. V.",AUT.,29/11/2012,E/970/AUT/2012,60.00,269.33,$120.00,01/04/2019,Viento,Industrias Diversas,Eólica,En operación,Tamaulipas,"km 20.5 de la carretera federal no. 70, Ciudad Victoria - Soto La Marina, Rancho El Melón y a su vez en el km 27 de la misma carretera, Rancho el Soldado, Güémez, Tamaulipas.",Energía Gemex,España,
397,"Compañía Eólica La Mesa, S. A. de C. V.",AUT.,29/11/2012,E/971/AUT/2012,50.00,248.00,$100.00,01/06/2017,Viento,Industrias Diversas,Eólica,En operación,Tamaulipas,"Ejido La Meza, Güemez, 87233, Tamaulipas",Tiendas Soriana,México,
398,"Generadores Eólicos de México, S. A. de C. V.",AUT.,06/12/2012,E/972/AUT/2012,19.97,61.82,$39.93,28/03/2018,Viento,Industrias Diversas,Eólica,En operación,Chiapas,"Finca San Jacinto, Arriaga, Chiapas","Municipio de Comitan de Domínguez, Chiapas",México,
399,"Bio Pappel Scribe, S. A. de C. V.",COG.,10/01/2013,E/974/COG/2013,40.38,343.07,$36.34,15/08/2013,Gas Natural,Papelero,Cogeneración Eficiente,En operación,Veracruz,"kilómetro 66.5 de la Carretera La Tinaja-Cd. Alemán, Colonia El Candil, Tres Valles, 95300, Veracruz",Bio Pappel,México,
400,"Empacadora San Marcos, S. A. de C. V.",AUT.,17/01/2013,E/975/AUT/2013,0.97,4.51,$0.88,01/02/2013,Biogás y Gas Natural,Alimentos,Bioenergía,En operación,Puebla,"km 54 de la Carretera Puebla-Amozoc-Oriental, Nopalucan de la Granja, Nopalucan, 75120, Puebla","Empacadora San Marcos, S. A. de C. V.",México,
401,"Grimann, S. A. de C. V., Planta Fase 2",AUT.,25/01/2013,E/976/AUT/2013,0.80,6.66,$0.72,13/11/2014,Gas Natural,Farmacéutica,Turbogás,En operación,Estado de México,"Circuito Nemesio Diez Riega número 10, Parque Industrial El Cerrillo II, Lerma, 52000, Estado de México","Elektra del Milenio, S. A. de C. V.",México,
402,"Energía Sonora PPE, S. C.",GEN.,31/01/2013,E/977/GEN/2013,2.00,7.08,$4.00,01/12/2014,Viento,Pequeño Productor,Eólica,En operación,Sonora,"Boulevard Silvestre Gustavo Brown Tarín y Samuel Ocaña García número 1, Fracción 6C9, Colonia Predio La Choya, Puerto Peñasco, Sonora",Municipio de Puerto Peñasco,México,
403,"Delta Energía Renovable, S. A. P. I. de C. V.",P.P.,31/01/2013,E/978/PP/2013,25.00,44.24,$37.50,19/11/2018,Sol,Pequeño Productor,Fotovoltaica,En operación,Baja California Sur,"Lote 2, Predio Olas Atlas,
C.P. 23089, La Paz, Baja California Sur.","Servicios Comerciales de Energía, S. A. de C. V.",México,
404,"Eólica Los Altos, S. A. P. I. de C. V.",AUT.,31/01/2013,E/979/AUT/2013,64.60,198.00,$124.20,01/12/2013,Viento,Industrias Diversas,Eólica,En operación,Jalisco,"Ejidos La Paz y Vaquerías (a 7 km de la Carretera Lagos de Moreno-Ojuelos de Jalisco), Ojuelos, Jalisco","Elektra del Milenio, S. A. de C. V.",México,
405,"Grimann, S. A. de C. V., Planta Fase 1",AUT.,07/02/2013,E/980/AUT/2013,0.80,6.66,$0.72,13/11/2014,Gas Natural,Farmacéutica,Turbogás,En operación,Estado de México,"Circuito Nemesio Diez Riega número 10, Parque Industrial El Cerrillo II, Lerma, 52000, Estado de México","Grimann, S. A. de C. V.",México,
406,"Energías Renovables La Mata, S. A. P. I. de C. V.",P.I.E.,28/02/2013,E/983/PIE/2013,102.00,388.00,$204.00,01/04/2015,Viento,Productor Independiente,Eólica,En operación,Oaxaca,"kilómetro 67 de la carretera Salina Cruz-Arriaga, Aguascalientes La Mata, Asunción Ixtaltepec, Oaxaca",Enel Green Power,Italia,
407,"Empaques Modernos San Pablo, S. de R. L. de C. V.",COG.,21/03/2013,E/986/COG/2013,6.00,35.50,$5.40,01/02/2014,Gas Natural,Papelero,Turbogás,En operación,Estado de México,"Prolongación Poniente 150 s/n, Colonia San Pedro Xalpa, Tlalnepantla, 54090, Estado de México","Gondi, S. de R. L. de C. V.",México,
408,"Sky EPS Supply, S. A. de C. V.",COG.,21/03/2013,E/987/COG/2013,27.20,228.74,$24.48,27/04/2015,Gas Natural,Industrias Diversas,Cogeneración Eficiente,En operación,Puebla,"Manzanas J y K, Lote 1, Colonia Corredor Industrial Quetzalcóatl, Huejotzingo, 74160, Puebla","Sky EPS Supply, S. A. de C. V.",México,
409,"Ylem Energy, S. A. de C. V.",GEN.,11/04/2013,E/991/GEN/2013,1.60,12.00,$1.44,22/08/2014,Biogás,Pequeño Productor,Bioenergía,En operación,Durango,"Kilómetro 22.5 de la carretera Durango-Mezquital, Colonia Relleno Sanitario Granjas Parte Sur, Granjas Particular, Durango, Durango.",Ylem Energy,Inglaterra,
410,"Plamex, S. A. de C. V.",AUT.,11/04/2013,E/992/AUT/2013,1.04,1.91,$1.56,12/04/2014,Sol,Manufacturero,Fotovoltaica,En operación,Baja California,"Boulevard Bellas Artes 20308, Colonia Ciudad Industrial, Tijuana, 22444, Baja California","Plantronics, Inc.",Estados Unidos,
411,"Urrea Herramientas Profesionales, S. A. de C. V.",GEN.,18/04/2013,E/994/GEN/2013,1.00,7.13,$0.90,03/05/2013,Gas Natural,Manufacturero,Turbogás,En operación,Jalisco,"kilómetro 11.5 de la Carretera a El Castillo, Colonia El Castillo, El Salto, 45680, Jalisco","Urrea Herramientas Profesionales, S. A. de C. V.",México,
412,"Soluciones Medioambientales en Agua, Reúso y Tecnología, S.A. de C.V.",GEN.,18/04/2013,E/995/GEN/2013,1.35,9.95,$1.22,29/04/2017,Biogás,Servicios,Bioenergía,En operación,Chihuahua,"Prolongación Río Candameño número 1105, Colonia Zaragoza, Ciudad Juárez, 32540, Chihuahua","Suez Medio Ambiente México, S. A. de C. V.",México,
413,"Proteínas Naturales, S. A. de C. V.",COG.,02/05/2013,E/996/COG/2013,6.00,38.20,$5.40,01/12/2013,Gas Natural,Alimentos,Turbogás,En operación,Nuevo León,"kilómetro 501.5 de la vía a Tampico, Guadalupe, 67180, Nuevo León","Proteínas Naturales, S. A. de C. V.",México,
414,"Energía y Proyectos Eólicos, S. A. P. I. de C. V.",AUT.,02/05/2013,E/998/AUT/2013,50.00,153.00,$100.00,31/12/2021,Viento,Industrias Diversas,Eólica,En construcción,Coahuila,"kilómetro 10 de la Carretera Parras-General Cepeda, Los Hoyos, Parras de la Fuente, Coahuila",Compañía Minera Autlán,México,
415,"Sukarne Agroindustrial, S. A. de C. V.",IMP.,16/05/2013,E/1001/IMP/2013,3.00,26.28,$0.00,01/05/2014,Importación,Importación,Importación,En operación,Baja California,"kilómetro 13.5 de la Carretera a Tijuana, Poblado La Rosita, Mexicali, 21610, Baja California",Sukarne,México,
416,"Aguas Tratadas del Valle de México, S. A. de C. V.",GEN.,16/05/2013,E/1002/GEN/2013,32.60,200.59,$29.34,01/06/2017,Biogás,Servicios,Bioenergía,En operación,Hidalgo,"kilómetro 6 de la Carretera San Antonio-San José Acoculco, Ejido Conejos, Atotonilco de Tula, 42990, Hidalgo",Acciona,España,
417,"PE Ingenio, S. de R. L. de C. V.",AUT.,06/06/2013,E/1003/AUT/2013,49.50,179.68,$99.00,27/11/2015,Viento,Industrias Diversas,Eólica,En operación,Oaxaca,"km 94 de la Carretera Panamericana La Ventosa-Arriaga, Santo Domingo Ingenio, 70120, Oaxaca","Mexicana de Cobre, S. A. de C. V.",México,
418,"Goplás, S. A. de C. V.",GEN.,13/06/2013,E/1005/GEN/2013,1.43,11.56,$1.28,01/08/2014,Gas Natural,Manufacturero,Combustión Interna,En operación,Estado de México,"Avenida Central número 3, Colonia Lechería, Tultitlan, 54940, Estado de México","Goplás, S. A. de C. V.",México,
419,"Productos Alimenticios La Moderna, S. A. de C. V.",COG.,27/06/2013,E/1008/COG/2013,3.77,31.95,$3.39,01/07/2016,Gas Natural,Alimentos,Cogeneración Eficiente,En operación,Jalisco,"km 3 de la Carretera Guadalajara-Nogales, Colonia San Juan de Ocotlán, Zapopan, 45010, Jalisco","Productos Alimenticios La Moderna, S. A. de C. V.",México,
420,"Eólica de Coahuila, S. A. de C. V.",AUT.,22/08/2013,E/1015/AUT/2013,199.50,760.00,$399.00,24/01/2017,Viento,Industrias Diversas,Eólica,En operación,Coahuila,"Domicilio Conocido, Zona Rural, General Cepeda, Coahuila de Zaragoza",Grupo Peñoles,México,
421,"Munisol, S. A. P. I. de C. V.",AUT.,29/08/2013,E/1017/AUT/2013,20.00,44.00,$30.00,02/11/2020,Sol,Industrias Diversas,Fotovoltaica,En construcción,Sonora,"kilómetro 33 de la Carretera Hermosillo-Bahía Kino, Predio Santo Niño, Hermosillo, 83340, Sonora","Ford Motor Company, S. A. de C. V.",Estados Unidos,
422,"Proyecto H1, S. de R. L. de C. V.",AUT.,12/09/2013,E/1022/AUT/2013,2.44,12.21,$3.65,30/06/2018,Agua,Industrias Diversas,Hidroeléctrica,En construcción,Veracruz,"terrenos localizados de acuerdo al plano de INEGI E14 B16 entre las coordenadas geográficas 19°51´29” lat. Norte/ 97°18´38” long. Oeste/ 19°52´36” lat. Norte y 97°18´10” long. Oeste, Jalacingo, Veracruz",Impulsa Generación Renovable S.A.P.I de C.V.,Países Bajos,
423,"Proyecto H3, S. de R. L. de C. V.",AUT.,12/09/2013,E/1023/AUT/2013,7.01,48.01,$10.52,30/06/2018,Agua,Industrias Diversas,Hidroeléctrica,En construcción,Veracruz,"margen derecha del Río Jalacingo, 300 m aguas debajo de la unión de los ríos Nixtamalapa y Jalacingo (de acuerdo al plano de INEGI E14 B14 entre las coordenadas geográficas 19°53´50” lat. Norte/ 97°16´55” long. Oeste/ 19°53´50” lat. Norte y 97°16´05” long",Impulsa Generación Renovable S.A.P.I de C.V.,Países Bajos,
424,"Geotérmica para el Desarrollo, S. A. P. I. de C. V.",AUT.,12/09/2013,E/1025/AUT/2013,52.00,387.00,$124.80,01/02/2015,Calor Geotérmico,Industrias Diversas,Geotérmica,En operación,Nayarit,"kilómetro 12 de la Carretera Chapalilla-Compostela, San Pedro Lagunillas, Nayarit","REM Regeneración Eléctrica Mexicana, S.A. de C.V.",México,
425,"Industrias Ferroplásticas, S. A. de C. V.",COG.,12/09/2013,E/1027/COG/2013,1.30,7.20,$1.17,26/09/2013,Gas Natural,Manufacturero,Combustión Interna,En operación,Querétaro,"Circuito Balvanera número exterior 3B, Colonia Fraccionamiento Industrial Balvanera, Corregidora, 76900, Querétaro",Food Keepers,México,
426,"Eólica El Retiro, S. A. P. I. de C. V.",AUT.,19/09/2013,E/1028/AUT/2013,74.00,231.39,$148.00,01/05/2014,Viento,Industrias Diversas,Eólica,En operación,Oaxaca,"kilómetro 245 de la Carretera Transístmica 185, Paraje El Retiro, La Ventosa, Juchitán de Zaragoza, 70117, Oaxaca","Industrial Minera México, S. A. de C. V.",México,
427,"Eólica Tres Mesas, S. de R. L. de C. V.",AUT.,19/09/2013,E/1029/AUT/2013,62.70,205.00,$125.40,31/12/2016,Viento,Industrias Diversas,Eólica,En operación,Tamaulipas,"Formación geológica ""Mesa la Sandia"", Llera de Canales, Tamaulipas","Nemak, S. A.",México,
428,"Mexicana de Cobre, S. A. de C. V., Central La Angostura",AUT.,19/09/2013,E/1031/AUT/2013,7.00,41.00,$10.50,31/12/2019,Agua,Minero,Hidroeléctrica,En construcción,Sonora,"Presa Lázaro Cárdenas ""La Angostura"", La Angostura, Nacozari, Sonora","Asarco Mexicana, S. A.",México,
429,"Energreen Energía PI, S. A. de C. V.",GEN.,03/10/2013,E/1033/GEN/2013,1.60,12.80,$1.44,21/03/2014,Biogás,Pequeño Productor,Bioenergía,En operación,Estado de México,"Boulevard Universitario, s/n, Colonia Real del Pedregal, Atizapán de Zaragoza, 53220, Estado de México",Energreen,México,
430,"Hidroeléctrica Dos Puentes, S. A. de C. V.",GEN.,03/10/2013,E/1034/GEN/2013,1.00,5.13,$1.50,30/04/2023,Agua,Pequeño Productor,Hidroeléctrica,Por iniciar obras,Veracruz,"Margen derecho del Río Minas, Tatatila, Veracruz",Daniel Wenceslao Mader Hernández,México,
431,"Proyecto Ocampo, S. de R. L. de C. V.",AUT.,03/10/2013,E/1035/AUT/2013,8.48,58.25,$12.72,20/11/2017,Agua,Industrias Diversas,Hidroeléctrica,En construcción,Veracruz,"Río Nixtamalapa, Atzalan, Veracruz; y Río Jalacingo, Jalacingo, Veracruz.",Consorcio Impulsa S. A. de C. V.,México,
432,"Agribrands Purina México, S. de R. L. de C. V.",AUT.,03/10/2013,E/1039/AUT/2013,0.87,4.42,$0.79,10/02/2014,Gas Natural,Agricultura y Ganadería,Combustión Interna,En operación,Guanajuato,"Avenida San Miguel de Allende 1415, Colonia Ciudad Industrial, Irapuato, 36541, Guanajuato","Cargil de México, S. A. de C. V.",Estados Unidos,
433,"Agnico Sonora, S. A. de C. V.",AUT.,24/10/2013,E/1050/AUT/2013,6.15,51.18,$5.54,01/11/2013,Diésel,Minero,Combustión Interna,En operación,Sonora,"kilómetro 6.5 Camino la Chipirona, La Amargosa Sonora, Matarachi, Sahuaripa, Sonora.","Tenedora Agnico Eagle de México, S.A. de C.V.",Canadá,
434,"Techgen, S. A. de C. V.",AUT.,24/10/2013,E/1051/AUT/2013,797.50,6389.00,$802.18,01/12/2016,Gas Natural,Industrias Diversas,Ciclo combinado,En operación,Nuevo León,"Camino Vía Matamoros Lote 22, Ejido Francisco Villa, C. P. 66650, Pesquería, Nuevo León","Ternium México, S. A. de C. V.",Argentina,
435,"Inversiones Palma, S. de R. L. de C. V.",AUT.,24/10/2013,E/1052/AUT/2013,3.00,1.60,$2.70,01/12/2013,Diésel,Turismo,Combustión Interna,En operación,Quintana Roo,"Carretera Federal Chetumal Puerto Juárez, Lote 10, Manzana 7, Súper Manzana 11, Hotel Excellence Riviera Cancún, Puerto Morelos, Benito Juárez, 77580, Quintana Roo","Inversiones Palma, S. de R. L. de C. V.",Países Bajos,
436,"Inversiones Mallorca, S. de R. L. de C. V.",AUT.,24/10/2013,E/1053/AUT/2013,2.93,3.40,$2.64,01/12/2013,Diésel,Turismo,Combustión Interna,En operación,Quintana Roo,"Vialidad Paseo Mujeres Lote 10, Manzana 1, Súper Manzana 3 Hotel Excellence Playa Mujeres, Zona Continental, Isla Mujeres, 77400, Quintana Roo","Inversiones Mallorca, S. de R. L. de C. V.",España,
437,"Pier II Quecholac Felipe Ángeles, S. A. de C. V.",AUT.,24/10/2013,E/1054/AUT/2013,66.00,243.69,$132.00,01/11/2015,Viento,Industrias Diversas,Eólica,En operación,Puebla,"Parcela 140 Z-1 P2/4, San Francisco Piletas, Palmar del Bravo, 75510, Puebla",Iberdrola,España,
438,"Beneficencia Española de La Laguna (Sanatorio Español), Asociación de Beneficencia Privada de Carácter Mutualista",AUT.,24/10/2013,E/1056/AUT/2013,0.90,0.81,$0.81,01/11/2013,Diésel,Industrias Diversas,Combustión Interna,En operación,Coahuila,"Francisco I. Madero número 59, Colonia Centro, Torreón, 27000, Coahuila","Beneficencia Española de La Laguna (Sanatorio Español), Asociación de Beneficencia Privada de Carácter Mutualista",España,
439,"Sky EPS Supply SM, S. A. de C. V.",COG.,01/11/2013,E/1061/COG/2013,20.40,171.55,$18.36,01/08/2015,Gas Natural,Industrias Diversas,Cogeneración Eficiente,En operación,Puebla,"Lote 2 Manzana 2, Colonia Corredor Industrial Quetzalcóatl, San Baltazar Temaxcalac, San Martin Texmelucan, 74129, Puebla",Sandy Cassab Harari,México,
440,"Cogeneración de Energía Limpia de Cosoleacaque, S. A. de C. V.",COG.,01/11/2013,E/1062/COG/2013,118.00,709.39,$107.40,01/12/2014,Gas Natural,Industrias Diversas,Cogeneración Eficiente,En operación,Veracruz,"kilómetro 29 de la Carretera Federal 180, en el predio Buena Vista de Torres, Colonia Femando Gutiérrez, Cosoleacaque, 96340, Veracruz",Compañía Minera Autlán,México,
441,"CE G. Sanborns 2, S. A. de C. V.",COG.,07/11/2013,E/1074/COG/2013,1.00,8.24,$0.90,01/07/2015,Gas Natural,Comercio,Cogeneración Eficiente,En operación,Estado de México,"Boulevard Manuel Ávila Camacho número 2251, Colonia Ciudad Satélite, Naucalpan de Juárez. 53100, Estado de México.",Grupo Carso,México,
442,"CE G. Sanborns 2, S. A. de C. V.",COG.,07/11/2013,E/1075/COG/2013,1.00,8.24,$0.90,01/07/2019,Gas Natural,Comercio,Cogeneración Eficiente,En operación,Ciudad de México,"Avenida Canal de Tezontle 1520, Colonia Doctor Alfonso Ortiz Tirado, Delegación lztapalapa, 09020, México, Ciudad de México",Grupo Carso,México,
443,"CE G. Sanborns 2, S. A. de C. V.",COG.,07/11/2013,E/1076/COG/2013,1.00,8.24,$0.90,01/07/2017,Gas Natural,Comercio,Cogeneración,En operación,Ciudad de México,"Periférico Sur 4690, Colonia Ampliación Jardines del Pedregal, Delegación Coyoacán, 04600, México, Ciudad de México",Grupo Carso,México,
444,"CE G. Sanborns 2, S. A. de C. V.",COG.,07/11/2013,E/1077/COG/2013,1.00,8.24,$0.90,01/01/2019,Gas Natural,Comercio,Combustión Interna,En construcción,Nuevo León,"Insurgentes 2500, Colonia Vista Hermosa, Monterrey, 64630, Nuevo León",Grupo Carso,México,
445,"CE G. Sanborns 2, S. A. de C. V.",COG.,07/11/2013,E/1078/COG/2013,1.00,8.24,$0.90,03/12/2015,Gas Natural,Comercio,Cogeneración,En operación,Ciudad de México,"Ejercito Nacional 980, Colonia Chapultepec Morales, Delegación Miguel Hidalgo, 11510, México, Ciudad de México",Grupo Carso,México,
446,"GS Energía, S. A. P. I. de C. V.",COG.,13/11/2013,E/1082/COG/2013,0.95,7.46,$0.85,31/12/2013,Gas Natural,Industrias Diversas,Cogeneración Eficiente,En operación,Michoacán,"Calle Oriente Cuatro número 146 int. 5G, Ciudad Industrial, Morelia, 58200, Michoacán",Industrial La Fama,México,
447,"Tai Durango Dos, S. A. P. I. de C. V.",GEN.,28/11/2013,E/1083/GEN/2013,6.25,12.06,$9.38,22/04/2016,Sol,Pequeño Productor,Fotovoltaica,En operación,Durango,"Predio Las Ánimas, Colonia Hidalgo, Durango, 34070, Durango","EOSOL Energy de México, S. A. P .I de C. V",España,
448,"Tai Durango Tres, S. A. P. I. de C. V.",GEN.,28/11/2013,E/1084/GEN/2013,3.50,6.75,$5.25,22/04/2016,Sol,Pequeño Productor,Fotovoltaica,En operación,Durango,"Predio Las Ánimas, Colonia Hidalgo, Durango, 34070, Durango","EOSOL Energy de México, S. A. P .I de C. V",España,
449,"Tai Durango Cuatro, S. A. P. I. de C. V.",GEN.,28/11/2013,E/1085/GEN/2013,6.25,12.06,$9.38,22/04/2016,Sol,Pequeño Productor,Fotovoltaica,En operación,Durango,"Predio Las Ánimas, Colonia Hidalgo, Durango, 34070, Durango","EOSOL Energy de México, S. A. P .I de C. V",España,
450,"Tai Durango Cinco, S. A. P. I. de C. V.",GEN.,28/11/2013,E/1086/GEN/2013,30.00,57.90,$45.00,22/04/2016,Sol,Pequeño Productor,Fotovoltaica,En operación,Durango,"Predio Las Ánimas, Colonia Hidalgo, Durango, 34070, Durango","EOSOL Energy de México, S. A. P .I de C. V",España,
451,"Tai Durango Seis, S. A. P. I. de C. V.",GEN.,28/11/2013,E/1087/GEN/2013,30.00,57.90,$45.00,31/01/2019,Sol,Pequeño Productor,Fotovoltaica,En operación,Durango,"Predio Potrero Ceja del Chorro, Exhacienda Labor de Guadalupe, Durango, 34070, Durango","EOSOL Energy de México, S. A. P .I de C. V",España,
452,"La Trinidad Solar Uno, S. A. P. I. de C. V.",GEN.,28/11/2013,E/1088/GEN/2013,30.00,57.90,$45.00,31/01/2019,Sol,Pequeño Productor,Fotovoltaica,En operación,Durango,"Predio Potrero Ceja del Chorro, Exhacienda Labor de Guadalupe, Durango, 34070, Durango",Eosol,España,
453,"Celulosa y Papel del Bajío, S. A. de C. V.",COG.,05/12/2013,E/1102/COG/2013,1.77,15.01,$1.59,01/04/2017,Gas Natural,Papelero,Cogeneración Eficiente,En operación,Guanajuato,"Quetzal 702, Colonia Santa Rita, León, 37450, Guanajuato",Celulosa y Papel del Bajío,México,
454,"Ideal Saneamiento de Saltillo, S. A. de C. V.",COG.,05/12/2013,E/1103/COG/2013,0.86,6.76,$0.77,29/04/2016,Biogás,Servicios,Bioenergía,En operación,Coahuila,"Prolongación Isidro López Zertuche 1100, Ramos Arizpe, 25900, Coahuila",Empresas Frisco,México,
455,"Ensambles Hyson, S. A. de C. V.",AUT.,16/01/2014,E/1108/AUT/2014,1.83,0.88,$1.64,11/06/2014,Diésel,Maquilador,Combustión Interna,En operación,Baja California,"Paseo del Cucapah número 16750, Colonia El Lago, Cerro Colorado, Tijuana, 22675, Baja California","Rain Bird International, Inc.",Estados Unidos,
456,"Renova Atlatec, S. A. de C. V.",GEN.,16/01/2014,E/1111/GEN/2014,11.41,87.44,$10.27,17/04/2014,Biogás,Servicios,Bioenergía,En operación,Jalisco,"Carretera Guadalajara-Saltillo número 4540, Colonia Mesa Colorado Poniente, Zapopan, 45204, Jalisco",Mitsui & Co Ltd,Japón,
457,"Zagis, S. A. de C. V.",AUT.,13/02/2014,E/1112/AUT/2014,2.16,12.24,$3.24,01/05/2015,Agua,Industrias Diversas,Hidroeléctrica,En operación,Veracruz,"Avenida Cocolapan número 1, Colonia Parque Nacional Cañón del Río Blanco, Orizaba, 94380, Veracruz","Zagis, S. A. de C. V.",México,
458,"Airbus Helicopters México Querétaro, S. A. de C. V.",GEN.,13/02/2014,E/1114/GEN/2014,2.70,17.00,$2.43,30/05/2014,Gas Natural,Manufacturero,Combustión Interna,En operación,Querétaro,"Carretera Estatal 200 (Querétaro-Tequisquiapan) número 22154, Colón, 76270, Querétaro",Airbus,Francia,
459,"Industrias Wack, S. A. de C. V., Central El Túnel",GEN.,27/02/2014,E/1116/GEN/2014,3.50,28.82,$5.25,31/12/2017,Agua,Pequeño Productor,Hidroeléctrica,Por iniciar obras,Jalisco,"Presa Cajón de Peña, aproximadamente a 974 m de la obra de toma en el dique 2, Tomatlán, Jalisco",Jorge Wack Reyes,México,
460,"Eólica Tres Mesas 2, S. de R. L. de C. V.",AUT.,27/02/2014,E/1118/AUT/2014,85.80,300.00,$171.60,01/04/2017,Viento,Industrias Diversas,Eólica,En operación,Tamaulipas,"formación geológica denominada “Mesa la Sandia”, adyacente a la Carretera 85 Llera de Canales-Ciudad Victoria kilómetro 181 y 182, Llera de Canales, Tamaulipas",Wal-Mart,Estados Unidos,
461,"Continental Structural Plastics de Tijuana, S. de R. L. de C. V.",IMP.,12/03/2014,E/1123/IMP/2014,2.00,12.00,$0.00,31/07/2015,Importación,Importación,Importación,En operación,Baja California,"Boulevard Insurgentes número 20383, Colonia Parque Industrial Florido, Tijuana, 22244, Baja California",Grupo Teijin,Japón,
462,"Iberdrola Energía Baja California, S. A. de C. V.",P.I.E.,12/03/2014,E/1125/PIE/2014,302.66,2080.00,$306.84,31/01/2017,Gas Natural,Productor Independiente,Ciclo combinado,En operación,Baja California,"sitio “La Jovita”, kilómetro 21.5 de la autopista 1D Escénica Tijuana-Ensenada, Ensenada, Baja California",Mexico Infrastructure Partners (MIP),México,
463,"Fuerza Eólica de San Matías, S. de R. L. de C. V.",AUT.,27/03/2014,E/1126/AUT/2014,30.00,98.00,$60.00,31/12/2019,Viento,Industrias Diversas,Eólica,En operación,Baja California,"kilómetro 153 de la Carretera Federal 3 (Ensenada-San Felipe), Ejido Tribu Quilihuas, Mexicali, Baja California.",Wal-Mart,Estados Unidos,
464,"Promax Energía, S. A. P. I. de C. V.",COG.,10/04/2014,E/1127/COG/2014,16.20,109.46,$15.12,01/10/2015,Gas Natural,Industrias Diversas,Cogeneración,En operación,Nuevo León,"Calle la Aurora s/n, Colonia El Mirador, San Nicolás de los Garza, 66450, Nuevo León",Grupo Promax,México,
465,"Papeles y Conversiones de México, S. A. de C. V.",COG.,10/04/2014,E/1128/COG/2014,5.20,37.41,$4.68,01/08/2014,Gas Natural,Papelero,Turbogás,En operación,Nuevo León,"Avenida Alborada número 535, Colonia Parque Industrial FINSA, Guadalupe, 67190, Nuevo León",PCM,México,
466,"Cúbico Alten Aguascalientes Uno, S. A. P. I. de C. V.",GEN.,16/04/2014,E/1133/GEN/2014,150.00,441.08,$225.00,28/09/2018,Sol,Pequeño Productor,Fotovoltaica,En operación,Aguascalientes,"Camino a Sandovales s/n, aproximadamente a 25 kilómetros al este de la Ciudad de Aguascalientes, predio El Territorio, El Llano, Aguascalientes, Aguascalientes","Alten Energías Renovables,",España,Subasta 2
467,"Energía Solar San Ignacio, S. de R. L. de C. V.",GEN.,16/04/2014,E/1135/GEN/2014,21.78,49.03,$32.67,27/03/2019,Sol,Pequeño Productor,Fotovoltaica,En operación,Yucatán,"kilómetro 7 de la carretera federal Progreso-Mérida, tablaje catastral 6314, C. P. 97324, Progreso, Yucatán. ",Jinkosolar Investment PTE. LTD,Singapur,Subasta 1
468,"Bluemex Power 1, S. A. de C. V.",GEN.,15/05/2014,E/1143/GEN/2014,90.00,287.83,$135.00,01/06/2019,Sol,Pequeño Productor,Fotovoltaica,En operación,Sonora,"20 kilómetros al este de la ciudad de Guaymas, Empalme, Sonora",EDF,Francia,Subasta 2
469,"Minas de Oro Nacional, S. A. de C. V.",AUT.,22/05/2014,E/1146/AUT/2014,18.65,45.00,$16.79,06/06/2014,Diésel,Minero,Combustión Interna,En operación,Sonora,"Mulatos, Sahuaripa, Sonora","Minas de Oro Nacional, S. A. de C. V.",México,
470,"Pentair Water México, S. de R. L. de C. V.",AUT.,19/06/2014,E/1149/AUT/2014,0.80,6.25,$0.72,03/07/2014,Gas Natural,Maquilador,Combustión Interna,En construcción,Tamaulipas,"Avenida de los Nogales M-5, Lote 6, Colonia Parque Industrial Villa Florida, Reynosa, 88730, Tamaulipas","Pentair Water México, S. de R. L. de C. V.",Inglaterra,
471,"Qualtia Alimentos Operaciones, S. de R. L. de C. V.",AUT.,19/06/2014,E/1150/AUT/2014,5.33,41.98,$4.79,15/07/2014,Gas Natural,Alimentos,Combustión Interna,En operación,Estado de México,"16 de julio s/n, Fraccionamiento Industrial El Trébol, Tepotzotlán, 54600, Estado de México",Xignux,México,
472,"Lesaffre Energías Mexicanas, S. A. de C. V.",GEN.,19/06/2014,E/1157/GEN/2014,8.73,70.37,$7.86,11/11/2016,Gas Natural,Alimentos,Cogeneración Eficiente,En operación,Veracruz,"Avenida Juárez número 11, Colonia Potrerillo Pueblo, Ixtaczoquitlan, 94450, Veracruz","Fermentaciones Mexicanas, S. A. de C. V.",México,
473,"Eólica del Golfo 1, S. A. P. I. de C. V.",AUT.,03/07/2014,E/1158/AUT/2014,70.00,270.00,$140.00,01/11/2018,Viento,Industrias Diversas,Eólica,En operación,Yucatán,"Ranchos San Luis y San Isidro, a 1.29 km de la desviación izquierda de la Carretera Dzilam González-Dzilam Bravo, Dzilam Bravo y Dzilam González, Mérida, Yucatán","Cinépolis de México, S. A. de C. V.",México,
474,"Eólica Dos Arbolitos, S. A. P. I. de C. V.",AUT.,03/07/2014,E/1159/AUT/2014,70.00,218.89,$140.00,01/12/2014,Viento,Industrias Diversas,Eólica,En operación,Oaxaca,"kilómetro 245 de la Carretera Transísmica, Paraje Dos Arbolitos, La Ventosa, Juchitán de Zaragoza, Oaxaca",Iberdrola,España,
475,"Rancho El Trece Solar PV, S. A. de C. V.",GEN.,10/07/2014,E/1162/GEN/2014,30.00,71.06,$45.00,01/06/2018,Sol,Pequeño Productor,Fotovoltaica,En operación,Chihuahua,"Rancho el Trece, kilómetro 136.5 de la Carretera Federal 67, Camargo, 33610, Chihuahua.","Progressum Energy Developments, S. L. U.",España,
476,"Hersmex, S. de R. L. de C. V.",AUT.,10/07/2014,E/1163/AUT/2014,4.01,33.37,$3.61,06/01/2016,Gas Natural,Alimentos,Combustión Interna,En operación,Nuevo León,"Avenida Industrias del Poniente 201, Colonia Centro, General Escobedo, 66050, Nuevo León","Hershey International, Inc.",Estados Unidos,
477,"Delicias Solar, S. A. de C. V.",GEN.,17/07/2014,E/1165/GEN/2014,30.00,76.72,$45.00,30/07/2026,Sol,Pequeño Productor,Fotovoltaica,Por iniciar obras,Guanajuato,"Predio Rústico Las Delicias, San Luis de la Paz, Guanajuato",Oliver Philippe Crambade,Francia,
478,"Avant Energías Renovables I, S. A. P. I. de C. V.",GEN.,24/07/2014,E/1169/GEN/2014,29.36,85.60,$44.04,06/04/2017,Sol,Pequeño Productor,Fotovoltaica,En operación,Chihuahua,"kilómetro 7 de la Carretera Federal número 45, Ciudad Camargo-Ciudad Jiménez, Antiguo Fraccionamiento “El Jabalí”, Santa Rita y Anexas, Camargo, 33750, Chihuahua",Avant Energy,México,
479,"HQSB Solar 1, S. A. P. I. de C. V.",P.P.,24/07/2014,E/1173/PP/2014,30.00,60.00,$45.00,30/06/2018,Sol,Pequeño Productor,Fotovoltaica,En construcción,Coahuila,"kilómetro 7 desviación derecha de la Carretera Torreón-Mieleras, Torreón, Coahuila",HQ México Holdings,Estados Unidos,
480,"Igsapak Cogeneración, S. A. P. I. de C. V.",COG.,24/07/2014,E/1177/COG/2014,60.00,499.32,$54.00,01/03/2016,Gas Natural,Industrias Diversas,Cogeneración Eficiente,En operación,Hidalgo,"kilómetro 20 de la Carretera Pachuca-Cd. Sahagún, número 1, Emiliano Zapata, 43960, Hidalgo","Grupo Industrial IGSA, S. A. de C. V.",México,
481,"Enerkin, S. A. P. I. de C. V.",COG.,04/09/2014,E/1181/COG/2014,13.13,101.60,$11.81,01/11/2016,Gas Natural,Industrias Diversas,Cogeneración Eficiente,En operación,Yucatán,"Calle 15 número 447, Colonia Ciudad Industrial, 97288, Mérida, Yucatán",Hidrogeneradora Yucateca,México,
482,"La Bufa Wind, S. A. P. I. de C. V.",AUT.,04/09/2014,E/1184/AUT/2014,130.00,362.30,$360.00,01/09/2017,Viento,Industrias Diversas,Eólica,En operación,Zacatecas,"Ejidos San José de Tapias, El Orito y El Visitador, Guadalupe, Zacatecas","Volkswagen de México, S. A. de C. V.",Alemania,
483,"Pacific Global Energy, S. A. de C. V.",P.P.,04/09/2014,E/1185/PP/2014,24.70,57.80,$37.05,30/06/2015,Sol,Pequeño Productor,Fotovoltaica,Por iniciar obras,Sonora,"kilómetro 20 de la Calle ""0"" Norte, Costa de Hermosillo, Zona Agrícola de Hermosillo, Hermosillo, Sonora",José Oscar Mazón Santa María,México,
484,"Enersi, S. A. de C. V.",P.P.,02/10/2014,E/1188/PP/2014,27.60,121.00,$41.40,31/10/2016,Agua,Pequeño Productor,Hidroeléctrica,Por iniciar obras,Oaxaca,"localizadas una sobre el
río Verde y dos sobre el Río Perfume, Usila, Oaxaca
localizada sobre el río
Santiago, Usila, Oaxaca","Sea Star, S. A. de C. V.",México,
485,"Hidroeléctrica Arco Iris, S. A. de C. V.",AUT.,02/10/2014,E/1189/AUT/2014,8.40,45.00,$12.60,14/10/2014,Agua,Industrias Diversas,Hidroeléctrica,En operación,Jalisco,"kilómetro 5.5 de la carretera Mascota-Las Palmas, margen
izquierda Río Mascota, a 14 kilómetros noroeste del poblado del mismo
nombre, Mascota, El Embocadero, Jalisco","Sanmina-SCI Systems de México, S. A. de C. V.",Estados Unidos,
486,"Fábrica de Papel San Francisco, S. A. de C. V.",COG.,02/10/2014,E/1190/COG/2014,22.70,178.83,$20.43,09/12/2015,Gas Natural,Papelero,Cogeneración Eficiente,En operación,Baja California,"kilómetro 10.5 de la carretera Mexicali-Islas
Agrarias, Colonia Abasolo, 21600, Mexicali, Baja California",Fábrica de Papel San Francisco,México,
487,"Solenergize Zacatecas 5, S. A. de C. V.",P.P.,09/10/2014,E/1198/PP/2014,30.00,68.00,$45.00,23/10/2017,Sol,Pequeño Productor,Fotovoltaica,Por iniciar obras,Zacatecas,"kilómetro 2.9 del camino a San Fandila, que entronca en el kilómetro 145 de la Carretera Saltillo-Zacatecas, Majoma, 98729, Mazapil, Zacatecas.",Aldo Fasci Zuazua,México,
488,"Parque Industrial de Energía Renovable, S. A. de C. V.",AUT.,04/11/2014,E/1204/AUT/2014,89.25,267.75,$178.50,14/07/2020,Viento,Industrias Diversas,Eólica,En operación,Puebla,"Municipios de
Palmar de Bravo, Cañada Morelos y Esperanza, en el Estado de Puebla.","Cementos Apasco, S. A. de C. V.",México,
489,"Pier IV, S. A. de C. V.",AUT.,04/11/2014,E/1207/AUT/2014,136.50,409.50,$273.00,01/08/2020,Viento,Industrias Diversas,Eólica,En operación,Puebla,"Nicolas Bravo, Cañada Morelos y Chapulco, en el Estado de Puebla.",Iberdrola,España,
490,"Sol de Sonora, S. A. P. I. de C. V.",AUT.,04/11/2014,E/1208/AUT/2014,10.00,21.40,$15.00,01/07/2021,Sol,Industrias Diversas,Fotovoltaica,En operación,Sonora,"kilómetro 10 de la Calle Doce, Colonia Costa de Hermosillo, 70120,
Hermosillo, Sonora.",Axtel,México,
491,"Industrias de Hule Galgo, S. A. de C. V.",COG.,04/11/2014,E/1210/COG/2014,6.60,40.10,$5.94,01/04/2016,Gas Natural,Manufacturero,Cogeneración Eficiente,En operación,Hidalgo,"Calle Manuel F. Soto, Lotes 6, 7, 8 y 9, Colonia Parque Industrial Tula, 42970, Atitalaquia, Hidalgo.","Corporación Galgo, S. A. de C. V.",México,
492,"FV Mexsolar I, S. A. P. I. de C. V.",GEN.,04/11/2014,E/1212/GEN/2014,30.00,71.60,$45.00,12/12/2018,Sol,Pequeño Productor,Fotovoltaica,En operación,Guanajuato,"Predio Rústico El Plan, carretera San Miguel-Doctor Mora, Los Rodríguez, San Miguel Allende, Guanajuato.","Gestamp Asetym Solar, S. L.",España,Subasta 2
493,"Don Diego Solar, S. A. P. I. de C. V.",AUT.,11/11/2014,E/1219/AUT/2014,125.00,375.68,$187.50,21/12/2020,Sol,Industrias Diversas,Fotovoltaica,En operación,Sonora,"Km 123 (122+849) de la Carretera Internacional México 15, tramo Hermosillo-Nogales (también conocida como Autopista Estación Don-Nogales, tramo Hermosillo-Libramiento Magdalena), Colonia San Fernando, 83903, Benjamín Hill, Sonora.",Deacero,México,
494,"Parque Solar Santa María, S.A.P.I. de C.V.",GEN.,11/11/2014,E/1220/GEN/2014,166.00,384.00,$249.00,28/02/2019,Sol,Generador,Fotovoltaica,En operación,Chihuahua,"kilómetro 384 de la Carretera 10, tramo Chihuahua-Nuevo Casas Grandes, 31870, Galeana, Chihuahua.",Fisterra Energy,España,Subasta 2
495,"KUO, S.A.B. de C.V.",AUT.,11/11/2014,E/1221/AUT/2014,1.06,6.75,$0.95,14/04/2016,Gas Natural,Agricultura y Ganadería,Combustión Interna,En operación,Yucatán,"Calle Tablaje Catastral números 1035 y 1039, Colonia Centro, 97390, Umán, Yucatán",Nutrimentos GPM,México,
496,"FV Mexsolar II, S. A. P. I. de C. V.",GEN.,20/11/2014,E/1223/GEN/2014,30.00,71.60,$45.00,13/12/2018,Sol,Pequeño Productor,Fotovoltaica,En operación,Guanajuato,"Predio Rústico San
Antonio, carretera San Miguel-Doctor Mora, Los Rodríguez, San Miguel Allende,
Guanajuato","Gestamp Asetym Solar, S. L.",España,Subasta 2
497,"Torreoncitos Solar PV, S. A. de C. V.",GEN.,20/11/2014,E/1225/GEN/2014,30.00,71.00,$45.00,01/06/2018,Sol,Pequeño Productor,Fotovoltaica,En operación,Chihuahua,"kilómetro 53.4 de la carretera federal 69, Colonia Agrícola, Torreoncitos, Jiménez, Chihuahua.","Progressum Energy Developments, S. L. U.",España,
498,"Sistemas Energéticos Sisa, S. A. de C. V.",COG.,20/11/2014,E/1227/COG/2014,64.00,518.00,$57.60,20/05/2015,Gas Natural,Industrias Diversas,Cogeneración,En operación,Veracruz,"Complejo Industrial Pajaritos s/n, 96400, Coatzacoalcos, Veracruz",Industria Química del Istmo,México,
499,"Iberdrola Cogeneración Ramos, S. A. de C. V.",COG.,20/11/2014,E/1228/COG/2014,60.10,443.01,$56.76,01/05/2016,Gas Natural,Industrias Diversas,Cogeneración Eficiente,En operación,Coahuila,"kilómetro 21.4 de la Carretera Monterrey-Saltillo, 25900, Ramos Arizpe, Coahuila.",Iberdrola,España,
500,"Clarum Energy, S. A. de C. V.",COG.,24/11/2014,E/1222/COG/2014,2.56,21.30,$2.30,01/04/2016,Gas Natural,Industrias Diversas,Combustión Interna,En operación,Durango,"Calzada Tecnológico 1055 Ote., Col. Centro, 35150, Lerdo, Durango.",CMT de la Laguna,México,
501,"Beiersdorf Manufacturing México, S. A. de C. V.",GEN.,27/11/2014,E/1231/GEN/2014,1.75,11.46,$1.58,25/06/2018,Gas Natural,Manufacturero,Combustión Interna,En operación,Guanajuato,"Circuito San Roque Norte, Santa Fe II, Lotes 56-58, Parque Industrial
Puerto Interior, 36275, Silao, Guanajuato.",Beiersdorf,Alemania,
502,"Central LFGE León, S. de R. L. de C. V.",AUT.,27/11/2014,E/1234/AUT/2014,2.80,22.40,$2.52,01/08/2019,Biogás,Industrias Diversas,Bioenergía,En operación,Guanajuato,"Relleno
Sanitario El Verde, kilómetro 15.5 de la Carretera Lagos de Moreno, León,
Guanajuato.",Axtel,México,
503,"Central LFGE García, S. de R. L. de C. V.",GEN.,27/11/2014,E/1235/GEN/2014,1.00,24.00,$2.70,28/06/2024,Biogás,Industrias Diversas,Bioenergía,En operación,Nuevo León,"Carretera Villa de Garcia, C.P. 6003, García, Nuevo León.",Axtel,México,
504,"Proveedor de Alimentos y Restaurantero de Jalisco, S. A. de C. V.",AUT.,27/11/2014,E/1236/AUT/2014,1.00,0.42,$0.90,11/12/2014,Diésel,Turismo,Combustión Interna,En construcción,Baja California,"Boulevard
Lázaro Cárdenas número 1599, Colonia Rancho La Bodega, 21379, Mexicali,
Baja California.","Proveedor de Alimentos y Restaurantero de Jalisco, S. A. de C. V.",México,
505,"Enersi, S. A. de C. V., Central Puebla",P.P.,04/12/2014,E/1243/PP/2014,19.00,104.48,$28.50,05/04/2016,Agua,Pequeño Productor,Hidroeléctrica,En construcción,Puebla,"Predio Rústico Sazapota s/n, 73540, Xochitlan, Puebla","Sea Star, S. A. de C. V.",México,
506,"Energía Infra, S. A. P. I. de C. V.",COG.,04/12/2014,E/1245/COG/2014,144.95,1206.30,$144.23,01/01/2017,Gas Natural,Industrias Diversas,Cogeneración,En operación,Veracruz,"kilómetro 1.3 del camino petrolero El Chapo, Zona Industrial ""Cangrejera"", 96360, Coatzacoalcos, Veracruz.",Grupo Infra,México,
507,"Engie Eólica Tres Mesas 3, S. A. de C. V.",GEN.,04/12/2014,E/1246/GEN/2014,49.50,187.00,$99.00,24/02/2019,Viento,Generador,Eólica,En operación,Tamaulipas,"formación geológica Mesa La Sandia, en la Carretera 85 Llera de Canales-Cd.
Victoria, Llera de Canales, Tamaulipas.",Engie,Francia,Subasta 2
508,"Iusasol Base, S. A. de C. V.",AUT.,10/12/2014,E/1252/AUT/2014,0.92,1.86,$1.38,30/09/2015,Sol,Industrias Diversas,Fotovoltaica,En operación,Estado de México,"Carretera Ixtlahuaca de Rayón-Atlacomulco de Fabela, 50774, Ixtlahuaca, Estado de México","IUSA, S. A. de C. V.",México,
509,"Central Generadora Eléctrica Huinalá, S. de R. L. de C. V.",EXP.,10/12/2014,E/1255/EXP/2014,120.15,1027.52,$111.02,01/08/2016,Gas Natural,Exportación,Combustión Interna,En operación,Nuevo León,"Capri 112, colonia Parque Industrial Propark, C.P. 66670, localidad Dulces Nombres, Municipio de Pesquería, Nuevo León.",Gala Assets Corporation,Panamá,
510,"Sánchez, S. A. de C. V.",COG.,18/12/2014,E/1260/COG/2014,1.88,14.85,$1.70,01/05/2016,Gas Natural,Industrias Diversas,Cogeneración Eficiente,En operación,Ciudad de México,"Avenida Talismán 306, Colonia San Juan de Aragón Ampliación, Delegación Gustavo A. Madero, 07470, México, Ciudad de México.",Grupo Sánchez,México,
511,Secretaría de la Defensa Nacional,AUT.,18/12/2014,E/1261/AUT/2014,15.00,42.05,$30.00,31/12/2018,Viento,Gobierno,Eólica,En construcción,Oaxaca,"Base Aérea Militar 2, Gral. División P. A. Antonio Cárdenas Rodríguez s/n, 70110, Cd. lxtepec, Oaxaca.",Secretaría de la DEFENSA Nacional ,México,
512,"Tai Durango Uno, S. A. P. I. de C. V.",AUT.,15/01/2015,E/1262/AUT/2015,15.63,32.42,$54.68,31/12/2019,Sol,Industrias Diversas,Fotovoltaica,En operación,Durango,"Predio Las Animas, colonia Hidalgo, Durango, 34070, Durango","Comercializadora Farmacéutica de Chiapas, S. A. P. I. de C. V.",México,
513,"Parque Solar Coahuila, S. A. P. I. de C. V.",AUT.,15/01/2015,E/1263/AUT/2015,19.80,43.30,$29.70,01/07/2017,Sol,Industrias Diversas,Fotovoltaica,En operación,Coahuila,"Lote 3, Fraccionamiento Predio Rústico Noacan, Colonia Ejido Noacan, 27477, Matamoros, Coahuila.","Compañia Alborada de América, S. de R. L. de C. V.",España,
514,"Energía Eólica del Sur, S. A. P. I. de C. V.",AUT.,15/01/2015,E/1264/AUT/2015,396.00,1310.00,$792.00,31/12/2018,Viento,Industrias Diversas,Eólica,En operación,Oaxaca,"Carretera Coatzacoalcos—Salina Cruz, Polígonos del Espinal y del Juchitán,
Colonia Juchitán, 70000, Juchitán de Zaragoza, Oaxaca.","MMIF Controladora de Infraestructura 4, S. A. P. I. de C. V.",Países Bajos,
515,"Los Santos Solar I, S. A. P. I. de C. V.",AUT.,06/02/2015,E/1306/AUT/2015,20.00,60.55,$30.00,14/12/2016,Sol,Industrias Diversas,Fotovoltaica,En operación,Chihuahua,"Carretera 45 Chihuahua—
Miguel Ahumada, Moctezuma, Villa Ahumada, Chihuahua.","Buenavista Renewables México, S. de R. L. de C. V.",Islas Vírgenes Británicas,
516,"Energía Solar Sonorense, S. A. de C. V.",GEN.,19/02/2015,E/1329/GEN/2015,30.00,72.79,$45.00,15/06/2019,Sol,Pequeño Productor,Fotovoltaica,En operación,Chihuahua,"Carretera Federal
45, Juárez-Ahumada, kilómetro 180, código postal 32800, Ahumada,
Chihuahua.",Progressum Energy,España,
517,"Energía Eléctrica de Chihuahua, S. A. de C. V.",GEN.,19/02/2015,E/1331/GEN/2015,30.00,72.79,$45.00,15/06/2019,Sol,Pequeño Productor,Fotovoltaica,En operación,Chihuahua,"Carretera Federal
45, Juárez-Ahumada, kilómetro 180, código postal 32800, Ahumada,
Chihuahua.",Transworld solar,España,
518,"Ahumada IV Solar PV, S. A. de C. V.",GEN.,19/02/2015,E/1332/GEN/2015,30.00,72.79,$45.00,15/06/2019,Sol,Pequeño Productor,Fotovoltaica,En operación,Chihuahua,"Carretera Federal
45, Juárez-Ahumada, kilómetro 180, código postal 32800, Ahumada,
Chihuahua.",Progressum Energy,España,
519,"Fotovoltaica de Ahumada, S. A. de C. V.",GEN.,19/02/2015,E/1333/GEN/2015,30.00,72.79,$45.00,15/06/2019,Sol,Pequeño Productor,Fotovoltaica,En operación,Chihuahua,"Carretera Federal
45, Juárez-Ahumada, kilómetro 180, código postal 32800, Ahumada,
Chihuahua.",PROGRESSUM ENERGY DEVELOPMENTS S.L.,España,
520,"Pollux Energy Project, S. A. de C. V.",P.P.,19/02/2015,E/1338/PP/2015,29.92,87.50,$44.88,25/06/2021,Sol,Pequeño Productor,Fotovoltaica,En operación,Nuevo León,"Carretera
Federal 57 Saltillo—Matehuala, en las Coordenadas Geográficas 24° 59' 35"" N,
100° 28' 19"" 0, en Galeana, Nuevo León.",Fonroche,Francia,
521,"Cogeneración de Altamira, S. A. de C. V.",COG.,26/02/2015,E/1346/COG/2015,391.00,3254.00,$383.40,01/10/2019,Gas Natural,Industrias Diversas,Cogeneración,En operación,Tamaulipas,"kilómetro 1 del Boulevard Petrocel, Puerto Industrial Altamira, 89608, Altamira,
Tamaulipas.",Allfa,México,
522,"Braskem Idesa, S. A. P. I.",GEN.,26/02/2015,E/1347/GEN/2015,175.60,1344.00,$185.04,21/02/2016,Gas Natural,Petroquímico,Ciclo combinado,En operación,Veracruz,"kilómetro 3.5 de la Carretera Nanchital El Chapo, Nanchital de Lázaro Cárdenas del Río, Veracruz.",Braskem - Idesa,Brasil - México,
523,"Productos Farmacéuticos, S. A. de C. V.",COG.,26/02/2015,E/1348/COG/2015,4.10,30.29,$3.69,05/09/2015,Gas Natural,Farmacéutica,Cogeneración,En operación,Aguascalientes,"Carretera a Pabellón de
Hidalgo km 4.2, C. P. 20420,
Pabellón de Hidalgo, Rincón
de Romos, Aguascalientes.",Chinoin,México,
524,"AT Solar V, S. de R. L. de C. V",GEN.,26/02/2015,E/1350/GEN/2015,180.00,478.26,$270.00,05/06/2019,Sol,Generador,Fotovoltaica,En operación,Sonora,"Carretera Puerto Libertad
a Pitiquito, Pitiquito Comisaría de Puerto Libertad, Sonora.",Aleph Solar Fields,México - Inglaterra,Subasta 2
525,"EVM Energía del Valle de México, S. A. P. I. de C. V.",GEN.,26/02/2015,E/1354/GEN/2015,129.30,849.57,$116.37,20/12/2016,Gas Natural,Generador,Turbogás,En operación,Estado de México,"Ciudad Sahagún, kilómetro 016+050, Lote B, Xala, Axapusco, C.P. 55963","EVM Energía del Valle de México, S. A. P. I. de C. V.",México,
526,"Iusasol 1, S. A. de C. V.",AUT.,26/02/2015,E/1355/AUT/2015,18.30,37.19,$27.45,01/01/2016,Sol,Industrias Diversas,Fotovoltaica,En operación,Estado de México,"Carretera Panamericana México Querétaro km 109, Pasteje, Jocotitlán, 50700, Estado de México.","Grupo C. P. Q., S. A. de C. V.",México,
527,"Vientos del Altiplano, S. A. de C. V.",AUT.,26/02/2015,E/1356/AUT/2015,139.98,398.52,$259.96,01/11/2016,Viento,Industrias Diversas,Eólica,En operación,Zacatecas,"Rancho Mahoma; El Encino y La Garita, Mazapil, Zacatecas.",Sowitec Operation GMBH,Alemania,
528,"Energía Limpia de Palo Alto, S. A. de C. V.",AUT.,26/02/2015,E/1357/AUT/2015,129.00,600.00,$400.00,01/11/2016,Viento,Industrias Diversas,Eólica,En operación,Jalisco,"Ojuelos de Jalisco y Lagos de Moreno, Jalisco",Sowitec Operation GMBH,Alemania,
529,"Energía Limpia de Amistad, S.A. de C. V.",AUT.,26/02/2015,E/1358/AUT/2015,200.00,640.00,$400.00,01/11/2018,Viento,Industrias Diversas,Eólica,En operación,Coahuila,"Localidad de los Cuates,
Acuña, Coahuila",Sowitec Operation GMBH,Alemania,
530,"Fuerza y Energía de Tuxpan, S. A. de C. V.",AUT.,26/02/2015,E/1359/AUT/2015,30.00,262.80,$30.41,12/03/2015,Gas Natural,Industrias Diversas,Ciclo combinado,En operación,Veracruz,"km 9 Carretera Aire Libre Chile Frío, Ejido Villamar,
Tuxpan, 92800, Veracruz",Naturgy,España,
531,"Aldebaran Energy Project, S. A. de C. V.",P.P.,05/03/2015,E/1361/PP/2015,14.96,46.40,$22.44,31/07/2019,Sol,Pequeño Productor,Fotovoltaica,En operación,Zacatecas,"Coordenadas 23°12'635"" Norte, 102° 22' 907"" Oeste, Villa de Cos, Zacatecas.",Fonroche,Francia,
532,"Parque Eólico La Carabina II, S. A. P. I. de C. V.",AUT.,19/03/2015,E/1389/AUT/2015,150.00,486.20,$300.00,31/12/2019,Viento,Industrias Diversas,Eólica,Por iniciar obras,Coahuila,"predio rústico aproximadamente a 50 kilómetros de la ciudad de Acuña y a 130 kilómetros de la ciudad de Piedras Negras, Acuña, Coahuila.",Sowitec Operation GMBH,Alemania,
533,"Parque Eólico El Mezquite, S. A. P. I. de C. V.",GEN.,19/03/2015,E/1392/GEN/2015,250.00,832.20,$500.00,28/06/2019,Viento,Generador,Eólica,En operación,Nuevo León,"noroeste del Estado de Nuevo León, en el municipio de Mina, entre las coordenadas 26° 38' 24"" - 25° 26' 24"" de Latitud Norte y 100° 54' 00"" - 98° 56' 24"" de Longitud Oeste.",Sowitec Operation GMBH,Alemania,Subasta 2
534,"Energía de Pachuca, S. A. P. I. de C. V.",AUT.,19/03/2015,E/1396/AUT/2015,1.06,9.28,$0.95,01/08/2018,Biogás,Industrias Diversas,Bioenergía,En operación,Hidalgo,"Camino al Relleno Sanitario El Huixmi, Ejido El Huixmi, Colonia El Huixmi, 42115, Pachuca de Soto, Hidalgo.","ENERSUS, S. A. P. I. de C. V.",Argentina,
535,"Iberdrola Cogeneración Altamira, S. A. de C. V.",COG.,19/03/2015,E/1397/COG/2015,60.90,490.08,$57.72,28/02/2018,Gas Natural,Industrias Diversas,Cogeneración,En operación,Tamaulipas,"Kilómetro 28.5 de la Carretera Tampico Mante, Colonia Santa Amalia, Altamira, 89602, Tamaulipas.",Iberdrola,España,
536,"GAT Energía, S. A. de C. V.",COG.,19/03/2015,E/1398/COG/2015,45.00,161.44,$54.00,01/06/2016,Bagazo de Caña,Industrias Diversas,Bioenergía,En operación,Veracruz,"Domicilio conocido s/n, Congregación La Gloria, Úrsulo Galvan, 91663, Veracruz",Promotora Industrial Josela,México,
537,"Tampico Renewable Energy, S. A. P. I. de C. V.",COG.,19/03/2015,E/1399/COG/2015,40.00,180.33,$48.00,01/12/2016,Bagazo de Caña,Industrias Diversas,Bioenergía,En operación,Veracruz,"kilómetro 4.2 de la calle Alto del Estero, s/n, 92000, Pánuco, Pánuco, Veracruz.",Mesoamerica Sugar Investments,Holanda,
538,"Abeinsa Juárez N-III, S. A. de C. V.",P.I.E.,19/03/2015,E/1401/PIE/2015,969.89,7640.00,$983.28,20/03/2020,Gas Natural,Productor Independiente,Ciclo combinado,En operación,Chihuahua,"Carretera Federal tramo Samalayuca-Ciudad Juárez,
kilómetro 335+200 (lado poniente), Ciudad Juárez, Chihuahua.",Abengoa,España,
539,"Plásticos y Materias Primas, S. A. de C. V.",AUT.,27/03/2015,E/1411/AUT/2015,1.07,2.01,$1.61,30/04/2015,Sol,Manufacturero,Fotovoltaica,En construcción,Jalisco,"Calle Juan de la Barrera número 3609, interior 2, Parque Industrial El Álamo, 44490, Guadalajara, Jalisco.",Miguel Álvarez Ochoa,México,
540,"Hewlett Packard México, S. de R. L. de C. V.",AUT.,27/03/2015,E/1413/AUT/2015,0.77,1.44,$1.15,30/04/2015,Sol,Industrias Diversas,Fotovoltaica,En operación,Jalisco,"Periférico número 6751, Colonia San Sebastianito, 45610, Tlaquepaque, Jalisco.","Sociedad de Fomento Industrial, S. A. de C. V.",México,
541,"Energía Verde Bordo IV, S. A. P. I. de C. V.",GEN.,27/03/2015,E/1414/GEN/2015,83.94,661.78,$75.55,09/01/2023,Biogás y Gas Natural,Industrias Diversas,Bioenergía,En construcción,Estado de México,"Bordo Poniente en la zona Federal del lago de Texcoco, en los brazos izquierdo
y derecho del Río Churubusco y el Drenaje General del Valle, Nezahualcóyotl,
Estado de México.",Gobierno de la Ciudad de México,México,
542,"CE G. Sanborns 2, S. A. de C. V.",COG.,27/03/2015,E/1415/COG/2015,1.00,8.24,$0.90,16/01/2018,Gas Natural,Industrias Diversas,Combustión Interna,En operación,Nuevo León,"Batallón de San Patricio número 1000, Local Ancla, Colonia Residencial San Agustin, 66220, San Pedro Garza García Nuevo León",Grupo Carso,México,
543,"Central LFGE Cadereyta, S. de R. L. de C. V.",GEN.,14/04/2015,E/1436/GEN/2015,1.07,8.52,$1.80,28/06/2024,Biogás,Industrias Diversas,Bioenergía,En operación,Nuevo León,"Autopista Monterrey-Reynosa km 32+500, C.P. 67485, Cadereyta Jiminez, Nuevo León.",Axtel,México,
544,"Eólica Cerritos, S. A. P. I. de C. V.",AUT.,14/04/2015,E/1439/AUT/2015,66.00,215.00,$152.00,05/06/2021,Viento,Industrias Diversas,Eólica,En construcción,Zacatecas,"Ejido de la Purísima y
Ejido de Cerrito Dolores, Carretera Federal 80 San Luis Potosí-Lagos de Moreno,
Pinos, Zacatecas.","Cooperativa La Cruz Azul, S. C. L.",México,
545,"Eólica Huimilpan, S. A. P. I. de C. V. ",AUT.,14/04/2015,E/1440/AUT/2015,30.00,90.00,$60.00,01/09/2023,Viento,Industrias Diversas,Eólica,En construcción,Querétaro,"Ejido Los Martínez y
Anexos, Carretera Estatal Bravo-Huimilpan kilómetro 9.31, Las Taponas,
Huimilpan, Querétaro","Cooperativa La Cruz Azul, S. C. L.",México,
546,"Iberdrola Renovables Centro, S. A. de C. V.",GEN.,14/04/2015,E/1441/GEN/2015,200.00,350.40,$300.00,21/12/2018,Sol,Generador,Fotovoltaica,En operación,San Luis Potosí,"Rancho Hacienda de Santiago, Villa de
Arriaga, código postal 78498, San Luis Potosí",Iberdrola,España,
547,"Iberdrola Renovables Noroeste, S. A. de C. V.",GEN.,14/04/2015,E/1442/GEN/2015,100.00,175.20,$150.00,21/12/2018,Sol,Generador,Fotovoltaica,En operación,Sonora,"Kilómetro 15 de la Carretera Hermosillo-Sahuaripa, Predio Llano Blanco,
Hermosillo, Sonora",Iberdrola,España,
548,"Unión Energética del Noroeste, S. A. de C. V.",COG.,14/04/2015,E/1446/COG/2015,29.70,246.30,$27.12,01/06/2017,Gas Natural,Industrias Diversas,Cogeneración Eficiente,En operación,Sonora,"Kilómetro 9 de la Carretera Agua Prieta-Nacozari, Ejido Agua Prieta, Agua Prieta,
84270, Sonora",Supermercados Organizados,México,
549,"La Trinidad Solar Dos, S. A. P. I. de C. V.",GEN.,21/04/2015,E/1456/GEN/2015,30.00,57.90,$45.00,31/01/2019,Sol,Pequeño Productor,Fotovoltaica,En operación,Durango,"Predio Particular Potrero Ceja del Chorro,
colonia Terrenos de la Exhacienda Labor de Guadalupe, Durango, 34070,
Durango",Eosol,España,
550,"Sistemas Energéticos SISA, S. A. de C. V., Planta II",COG.,30/04/2015,E/1466/COG/2015,64.00,504.00,$57.60,01/04/2016,Gas Natural,Industrias Diversas,Cogeneración Eficiente,En operación,Veracruz,"Complejo Industrial Pajaritos
s/n, 96400, Coatzacoalcos, Veracruz",Iquisa,México,
551,"Tampico Solar, S. A. de C. V., Central Carbonera de Guadalupe",AUT.,30/04/2015,E/1469/AUT/2015,30.00,78.47,$45.00,31/01/2022,Sol,Industrias Diversas,Fotovoltaica,En construcción,Guanajuato,"Predio Rústico de la localidad
de Carbonera de Guadalupe, (Coordenadas 21° 14.367' N, 100° 47.017' 0),
Municipio de Doctor Mora, Guanajuato.","Sunpower Corporation México, S. de R. L. de C. V.",Estados Unidos,
552,"Parque Eólico Reynosa III, S. A. de C. V.",GEN.,30/04/2015,E/1470/GEN/2015,431.00,1802.50,$862.00,04/03/2019,Viento,Generador,Eólica,En operación,Tamaulipas,"kilómetro 86 de la Carretera Reynosa-San
Fernando, tramo hacia la brecha Congregación Garza el Charco en el
kilómetro 7, Reynosa, Tamaulipas.",Actis,Inglaterra,Subasta 2
553,"Iberdrola Cogeneración Bajío, S. A. de C. V.",COG.,14/05/2015,E/1486/COG/2015,61.50,470.64,$57.81,01/02/2018,Gas Natural,Industrias Diversas,Cogeneración,En operación,Querétaro,"Avenida Río San Juan número 4, Colonia San Cayetano, San Juan del Río,
76806, Querétaro.",Iberdrola,España,
554,"Generadora de Energía del Istmo, S. A. de C. V.",AUT.,14/05/2015,E/1490/AUT/2015,2.00,4.40,$4.00,25/05/2017,Viento,Industrias Diversas,Eólica,Por iniciar obras,Oaxaca,"Carretera Federal Núm. 185, Kilómetro 243+300, entre las poblaciones de Juchitán de Zaragoza y la Ventosa, Juchitán de Zaragoza, Oaxaca.","Impulsora Plaza Guadalajara, S.A. de C. V.",México,
555,"Central Fotovoltaica Border Solar Norte, S. A. de C. V.",AUT.,14/05/2015,E/1491/AUT/2015,150.00,456.50,$225.00,25/03/2021,Sol,Industrias Diversas,Fotovoltaica,En operación,Chihuahua,"Carretera Panamericana kilómetro 33, Lote
2, Fracción B Sur, Hacienda de Samalayuca,  Ciudad Juárez, 32320, Chihuahua","Sunpower Corporation México, S. de R. L. de C. V.",Estados Unidos,
556,"Desarrollos Solares Delicias S. A. P. I. de C. V., Fase I",GEN.,14/05/2015,E/1493/GEN/2015,4.00,9.49,$6.00,01/10/2019,Sol,Industrias Diversas,Fotovoltaica,En operación,Chihuahua,"Lote 524 1 y 2, 524 1 y 2 Anexo, Primera unidad
del distrito de riego cinco, Delicias,
Chihuahu","Deportes Marti, S.A.de C. V.",México,
557,"Desarrollos Solares Delicias, S. A. P. I. de C. V., Fase II",GEN.,14/05/2015,E/1494/GEN/2015,4.00,9.49,$6.00,01/10/2019,Sol,Industrias Diversas,Fotovoltaica,En operación,Chihuahua,"Lote 524 1 y 2, 524 1 y 2 Anexo, Primera unidad
del distrito de riego cinco, Delicias,
Chihuahua","Deportes Marti, S.A.de C. V.",México,
558,"Desarrollos Solares Delicias, S. A. P. I. de C. V., Fase III",GEN.,14/05/2015,E/1495/GEN/2015,7.00,16.60,$10.50,01/10/2019,Sol,Industrias Diversas,Fotovoltaica,En operación,Chihuahua,"Lote 524 1 y 2, 524 1 Y 2 Anexo, Primera unidad
del distrito de riego cinco, Delicias,
Chihuahua","Deportes Marti, S.A.de C. V.",México,
559,"Metaloides, S. A. de C. V. ",GEN.,14/05/2015,E/1498/GEN/2015,21.88,175.88,$18.70,13/11/2015,Gas Natural,Manufacturero,Combustión Interna,En operación,Puebla,"Av. Héroes de Nacozari 7422, Zona Industrial
anexa a Col. La Loma, Puebla, código postal 72230, Puebla",Agustin Franco Macias,México,
560,"Luz Ecológica de Juárez, S. A. de C. V.",AUT.,21/05/2015,E/1500/AUT/2015,3.17,26.30,$2.86,31/01/2017,Biogás,Industrias Diversas,Bioenergía,Por iniciar obras,Chihuahua,"Calle Servidumbre de Paso, S/N, Fracción Lote 1, Ex Hacienda de Samalayuca, (Coordenadas 31° 33.333' N, 106° 28.333' 0), Ciudad Juárez, 32674, Chihuahua.","Diesel y Gasolina de la Laguna, S. A. de C. V.",México,
561,"Energía Verde Meyer, S. A. de C. V.",AUT.,21/05/2015,E/1502/AUT/2015,2.95,14.70,$4.43,31/12/2019,Agua,Industrias Diversas,Hidroeléctrica,Por iniciar obras,Jalisco,"Margen Derecho del Río Horcones, Kilómetro 1.9 Aguas arriba de su desembocadura en el Océano Pacífico, Boca de Tomatlán, Puerto Vallada Jalisco","Sanmina-SCI Systems de México, S. A. de C. V.",Estados Unidos,
562,"Juárez Renovables, S. A. P. I. de C. V.",AUT.,04/06/2015,E/1509/AUT/2015,30.00,70.95,$45.00,01/07/2018,Sol,Industrias Diversas,Fotovoltaica,En operación,Chihuahua,"Carretera Cd. Juárez-Casas
Grandes, kilómetro 36 al 41, Secc. C, Fracción 2, Parcela 132 (Coordenadas
31° 36' 10.17"" N, 106° 52' 57.91"" 0), Ejido Cuauhtémoc, Ascensión, Chihuahua","Pegaso PCS, S. A. de C. V.",España,
563,"El Rollo Solar, S. A. P. I. de C. V.",AUT.,04/06/2015,E/1512/AUT/2015,30.00,70.95,$45.00,01/07/2018,Sol,Industrias Diversas,Fotovoltaica,En operación,Chihuahua,"Carretera Cd. Juárez-Casas
Grandes, kilómetro 36 al 41, Secc. C, Fracción 2, Parcela 132 (Coordenadas
31° 36' 10.17"" N, 106° 52' 57.91"" 0), Ejido Cuauhtémoc, Ascensión,
Chihuahua.","Pegaso PCS, S. A. de C. V.",España,
564,"Empaques Nova, S. A. de C. V.",COG.,04/06/2015,E/1513/COG/2015,7.96,67.29,$7.16,23/12/2019,Gas Natural,Papelero,Turbogás,En operación,Yucatán,"kilómetro 15+500 de la Carretera Mérida-Umán s/n, Xluchil, Umán, 97390,
Yucatán.",Nova,México,
565,"Abent 3T, S. A. P. I. de C. V.",COG.,04/06/2015,E/1516/COG/2015,261.76,2155.00,$249.09,22/12/2018,Gas Natural,Industrias Diversas,Cogeneración,En operación,Tabasco,"Predio El Jobo, Ranchería Estancia Vieja, Centro, Tabasco",Abengoa,España,
566,"Concentradora Energética de Querétaro, S. A. de C. V.",AUT.,11/06/2015,E/1519/AUT/2015,1.40,2.80,$2.10,01/08/2017,Sol,Industrias Diversas,Fotovoltaica,En operación,Querétaro,"Libramiento Fray Junípero Sierra, Carretera Estatal 11, Libramiento Sur Poniente, número 27292, colonia Tlacote El Bajo, Felipe Carrillo Puerto, Querétaro.","Súper Q, S. A. de C. V.",México,
567,"Iberdrola Energía Altamira, S. A. de C. V.",GEN.,02/07/2015,E/1523/GEN/2015,60.00,405.49,$60.83,01/08/2016,Gas Natural,Industrias Diversas,Ciclo combinado,En operación,Tamaulipas,"kilómetro 10.3 del Boulevard de los Ríos, Predio
denominado Lomas del Real, Puerto Industrial Altamira, C. P. 89600, Altamira,
Tamaulipas.",Mexico Infrastructure Partners (MIP),México,
568,"Iberdrola Energía del Golfo, S. A. de C. V.",GEN.,02/07/2015,E/1524/GEN/2015,80.00,700.80,$81.11,01/05/2017,Gas Natural,Industrias Diversas,Ciclo combinado,En operación,Tamaulipas,"kilómetro 10.3 del Boulevard de los Ríos, Predio
denominado Lomas del Real, Puerto Industrial Altamira, C. P. 89600, Altamira,
Tamaulipas.",Mexico Infrastructure Partners (MIP),México,
569,"Emerging America Inmobiliaria, S. A. de C. V.",GEN.,02/07/2015,E/1526/GEN/2015,114.00,998.60,$78.15,30/11/2018,Gas Natural,Generador,Combustión Interna,En operación,Chihuahua,"en el terreno adyacente a la Subestación Eléctrica Chuviscar de la Comisión Federal de Electricidad, (Coordenadas 28° 38.505' N, 105° 56.946' 0), Aquiles Serdán, Chihuahua",Emerging América,México,
570,"Absormex CMPC Tissue, S. A. de C. V.",GEN.,09/07/2015,E/1527/GEN/2015,22.18,184.40,$33.60,27/11/2015,Gas Natural,Manufacturero,Turbogás,En operación,Tamaulipas,"Boulevard de los Ríos km 4.5, Zona Puerto Industrial, C. P. 89600, Altamira, Tamaulipas",CMPC Tissue,Chile,
571,"Energía Limpia de La Laguna, S. A. P. I. de C. V.",AUT.,09/07/2015,E/1528/AUT/2015,35.47,83.00,$45.00,01/08/2018,Sol,Industrias Diversas,Fotovoltaica,En operación,Durango,"Kilómetro 2 de la Carretera Jauja, Tlahualilo, 35297, Durango","Comercializadora Farmacéutica de Chiapas, S. A. P. I. de C. V.",México,
572,"Caterpillar México, S. A. de C. V.",GEN.,16/07/2015,E/1529/GEN/2015,5.88,50.00,$3.50,01/12/2016,Gas Natural,Manufacturero,Combustión Interna,En operación,Nuevo León,"carretera a Villa de García km 4.5, (Coordenadas 25° 43.695' N, 100° 31.210' 0), C. P. 66350, Santa Catarina, Nuevo León",Caterpillar,Estados Unidos,
573,"Caterpillar Torreón, S. de R. L. de C. V.",GEN.,16/07/2015,E/1530/GEN/2015,5.88,50.00,$3.50,01/12/2016,Gas Natural,Manufacturero,Combustión Interna,En operación,Coahuila,"carretera Torreón — Mieleras km 6.5, Parque Industrial Cerro Puerto Lagunas, (Coordenadas 25° 28.410' N, 103° 21.683' 0), C. P. 27400, Torreón, Coahuila",Caterpillar,Estados Unidos,
574,"B-Energy Industries, S. A. de C. V.",GEN.,06/08/2015,E/1531/GEN/2015,8.00,70.08,$15.06,07/07/2016,Gas Natural,Alimentos,Cogeneración Eficiente,En operación,Chihuahua,"carretera federal Chihuahua — Cd- Cuauhtémoc km 7.5, Col. Las Ánimas, (Coordenadas 28° 34.910' N, 106° 07.056' 0), C. P. 31450, Chihuahua, Chihuahua",Bafar,México,
575,"Givaudan de México, S. A. de C. V.",GEN.,06/08/2015,E/1532/GEN/2015,2.66,18.40,$3.43,30/09/2016,Gas Natural,Manufacturero,Cogeneración Eficiente,En operación,Querétaro,"camino a Quintana km 1.5, (Coordenadas 20° 31.020' N, 100° 08.770' 0), C. P. 76700, Pedro Escobedo, Querétaro","Guivaudan, S. A.",México,
576,"Compañía Cervecera de Coahuila, S. de R. L. de C. V.",GEN.,13/08/2015,E/1533/GEN/2015,22.00,169.36,$27.46,29/10/2016,Gas Natural,Alimentos,Cogeneración Eficiente,En operación,Coahuila,"Carretera 57, km 233.2, número 85,
26170, Nava, Coahuila","Diblo, S. A. de C. V.",México,
577,"Laminados de Barro, S. A. de C. V.",GEN.,13/08/2015,E/1534/GEN/2015,1.99,15.67,$2.32,01/04/2016,Gas Natural,Manufacturero,Combustión Interna,En operación,Coahuila,"calle Río Escondido número 500, Colonia El Vergel, C. P. 26070, Piedras Negras, Coahuila",Patricia Isabel Davila Romo,México,
578,"Refractarios Básicos, S. A. de C. V.",GEN.,13/08/2015,E/1535/GEN/2015,4.91,38.69,$3.53,01/04/2016,Gas Natural,Minero,Combustión Interna,En operación,Coahuila,"Falda del Cerro de la Gloria número 1000, Colonia Rancho el Conejo, (Coordenadas 26° 51.492' N, 101° 23.691' 0), C. P. 25770, Monclova, Coahuila","Sr. Harold R. Papá
",México,
579,"Altopro, S. A. de C. V., Central España",GEN.,24/09/2015,E/1543/GEN/2015,2.61,20.59,$2.55,28/11/2016,Gas Natural,Manufacturero,Combustión Interna,En operación,Ciudad de México,"Calle España numero 379, Colonia Cerro de la Estrella C.P. 09860, Delaegacion Iztapalapa, Mexico Ciudad de México.",Altopro,México,
580,"Altopro, S. A. de C. V., Central Irapuato",GEN.,24/09/2015,E/1544/GEN/2015,3.92,30.89,$2.92,23/09/2016,Gas Natural,Manufacturero,Combustión Interna,En operación,Guanajuato,"Calle Rio Turia numero 367, Parque Tecnologico Castro del Rio C.P. 36810, Irapuato Guanajuato. ",Altopro,México,
581,"Altopro, S. A. de C. V., Central Reforma",GEN.,24/09/2015,E/1545/GEN/2015,2.61,20.59,$1.90,28/11/2016,Gas Natural,Manufacturero,Combustión Interna,En operación,Ciudad de México,"calle Reforma numero 303, Colonia Granjas Estrella, C.P. 09880, Delegacion Iztapalapa Mexico, Ciudad de México. ",Altopro,México,
582,"Piasa Cogeneración, S. A. de C. V.",GEN.,24/09/2015,E/1546/GEN/2015,50.00,180.79,$60.83,23/12/2017,Bagazo de Caña,Azucarero,Bioenergía,En operación,Oaxaca,"Ingenio Adolfo Lopéz Mateos, S. A. de C. V.colonia San Antonio El Encinal,(Coordenadas 18° 03,17' N, 96° 09, 100' 0), C.P.68443, Tuxtepec Oaxaca. ",Promotora Industrial Azucarera,México,
583,"Minera del Norte, S. A. de C. V., Central Coahuila",GEN.,01/10/2015,E/1548/GEN/2015,1.60,12.44,$22.27,06/12/2017,Gas Natural,Minero,Combustión Interna,En operación,Coahuila,"Carretera Estatal 22 el Sauz Palaú, kilometro 5+549, (Coordenadas 27° 36.287´ N 101° 14.707´O), C.P. 00000, Poblacion Barroterán, Múzquiz, Coahuila.","Altos Hornos de México, S. A. B. de C. V.,",México,
584,"Ronal San Luis, S. A. de C. V.",GEN.,07/10/2015,E/1550/GEN/2015,5.94,38.64,$7.21,30/10/2016,Gas Natural,Manufacturero,Cogeneración Eficiente,En operación,San Luis Potosí,"Calle Frankfurt numero 203, Parque Industrial Logistik, C.P. 79585, Villa de Reyes, San luis Potosí.",Ronal AG,Suiza,
585,"Don David Gold México, S. A. de C. V.",GEN.,15/10/2015,E/1552/GEN/2015,6.56,41.13,$3.29,18/01/2016,Diésel,Minero,Combustión Interna,En operación,Oaxaca,"Construccion de Tepetetera numero 4 de la mina  la Fortuna, Poblacion San José de Gracia (Coordenadas 16° 40.435´ N, 96° 06.199´O), San Pedro Totolopan, Oaxaca ",Gold Resource Corporation,Estados Unidos,
586,"Quimi-Kao, S. A. de C. V.",GEN.,22/10/2015,E/1554/GEN/2015,1.10,8.61,$1.29,15/02/2017,Gas Natural,Químico,Combustión Interna,En operación,Jalisco,"Kilometro 22.5 de la carretera Guadalajara-El Salto (Coordenadas 20° 29.627´ N, 103° 13.577° O), C.P.45680, El Salto, Jalisco. ",Carlos Mireles García,México,
587,"Biotek Power, S. A. de C. V.",GEN.,26/10/2015,E/1551/GEN/2015,8.66,71.03,$7.50,13/11/2015,Gas Natural,Manufacturero,Combustión Interna,En operación,Guanajuato,"carretera Celaya- San Miguel de Allende kilometro 9, (Coordenadas 20° 38.140' N, 100° 47.237´ O), Sam Jorge de la Concepción C.P. 38104, Celaya Guanajuato.  ",Power Management Enginnering,Estados Unidos,
588,"Pasteurizadora Maulec, S. A. de C. V.",GEN.,29/10/2015,E/1555/GEN/2015,2.88,18.62,$2.56,30/07/2016,Gas Natural,Alimentos,Cogeneración Eficiente,En operación,Puebla,"Ex Hacienda Tamariz lado B Norte, (Coordenadas 19° 15.631´ N, 97° 50.723´ O), C.P. 75120, Nopalucan de la Granja, Puebla.  ",Maulec,México,
589,"Lamosa Energía de Monterrey, S. A. de C. V.",GEN.,26/11/2015,E/1559/GEN/2015,7.90,65.40,$13.00,06/02/2017,Gas Natural,Industrias Diversas,Cogeneración Eficiente,En operación,Nuevo León,"Antigua Carretera Apodaca—Benito Juárez kilómetro 60, (Coordenadas 25° 41.067' N, 100° 06.357' 0), C. P. 67250, Benito Juárez, Nuevo León.","Porcelanite Holding, S. A. de C. V.,",México,
590,"Parras Cone de México, S. de R. L. de C. V.",GEN.,03/12/2015,E/1561/GEN/2015,7.96,66.95,$6.36,14/01/2017,Gas Natural,Textil,Cogeneración Eficiente,En operación,Coahuila,"Carretera Parras-Paila kilómetro 3.5, Col. Centro, (Coordenadas 25° 27.759' N, 102° 10.189' 0), C. P. 27000, Parras de la Fuente, Coahuila.",Cone Mills,Estados Unidos,
591,"Soporte de Generación Eficiente, S.A. de C.V.",P.I.E.,03/12/2015,E/1562/PIE/2015,946.10,7506.80,$946.07,11/01/2019,Gas Natural,Productor Independiente,Ciclo combinado,En operación,Nuevo León,"Carretera 53 Monterrey—Hidalgo, kilómetro (11+230), El Carmen, Nuevo León",Mexico Infrastructure Partners (MIP),España,
592,"CFE - Generación I, Central Colotlipa",GEN.,31/12/2015,E/1565/GEN/2015,8.00,33.00,$12.00,21/11/1946,Agua,Generador,Hidroeléctrica,En operación,Guerrero,"Carretera Chilpancingo - Colotlipa Kilómetro 47, Coordenadas (17° 24.558’ N, 99° 09.711’ O), Colotlipa, Guerrero",Comisión Federal de Electricidad,México,
593,"CFE - Generación I, Central Ambrosio Figueroa",GEN.,31/12/2015,E/1566/GEN/2015,30.00,150.00,$45.00,24/10/1964,Agua,Generador,Hidroeléctrica,En operación,Guerrero,"Carretera Tierra Colorada – Ayutla - Presa la Venta Kilómetro 17, Coordenadas (17° 07.040’ N, 99° 33.777’ O), Juan R. Escudero, Guerrero",Comisión Federal de Electricidad,México,
594,"CFE - Generación I, Central Portezuelos I",GEN.,31/12/2015,E/1567/GEN/2015,3.20,18.63,$4.20,31/12/1991,Agua,Generador,Hidroeléctrica,En operación,Puebla,"Carretera Los Molinos - Portes Gil Kilómetro 6.7, Coordenadas (18° 55.563’ N, 98° 20.583’ O), Ocoyucan, Puebla",Comisión Federal de Electricidad,México,
595,"CFE - Generación I, Central Portezuelos II",GEN.,31/12/2015,E/1568/GEN/2015,2.12,5.97,$3.18,15/05/1908,Agua,Generador,Hidroeléctrica,En operación,Puebla,"Carretera Los Molinos - Portes Gil Kilómetro 4.5, Coordenadas (18° 55.167’ N, 98° 22.372’ O), Atlixco, Puebla",Comisión Federal de Electricidad,México,
596,"CFE - Generación I, Central Santa Bárbara",GEN.,31/12/2015,E/1569/GEN/2015,22.53,3.00,$33.79,14/04/1951,Agua,Generador,Hidroeléctrica,En operación,Estado de México,"Carretera Valle de Bravo - Tingambato Kilómetro 32, Coordenadas (19° 10.437’ N, 100° 17.356’ O), Santo Tomás, Estado de México",Comisión Federal de Electricidad,México,
597,"CFE - Generación VI, Central La Venta",GEN.,31/12/2015,E/1571/GEN/2015,84.20,198.60,$168.40,08/07/1994,Viento,Generador,Eólica,En operación,Oaxaca,"Carretera Panamericana tramo la Ventosa - Tuxtla Gutiérrez Kilómetro 16, Coordenadas (16° 36.105’ N, 94° 50.095’ O), Juchitán de Zaragoza, Oaxaca",Comisión Federal de Electricidad,México,
598,"CFE - Generación VI, Central Yuumil'IIk",GEN.,31/12/2015,E/1572/GEN/2015,1.50,2.18,$3.00,01/06/2011,Viento,Generador,Eólica,En operación,Quintana Roo,"Carretera Federal 307 Cancún - Tulum Kilómetro 22.8, Coordenadas (20° 58.563’ N, 86° 51.700’ O), Benito Juárez, Quintana Roo",Comisión Federal de Electricidad,México,
599,"CFE - Generación III, Central Cerro Prieto",GEN.,31/12/2015,E/1573/GEN/2015,574.85,4009.91,$691.28,23/11/1981,Calor Geotérmico y Sol,Generador,Geotérmica,En operación,Baja California,"Kilómetro 33.5 de la Carretera Mexicali - Ejido Nuevo León, Coordenadas central fotovoltaica (32° 25.080’ N, 115° 14.220’ O), central geotérmica (32° 23.531’ N, 115° 13.678’ O), Mexicali, Baja California",Comisión Federal de Electricidad,México,
600,"CFE - Generación III, Central Tres Vírgenes",GEN.,31/12/2015,E/1574/GEN/2015,10.00,42.32,$12.00,01/07/2001,Calor Geotérmico,Generador,Geotérmica,En operación,Baja California Sur,"Carretera al Norte Kilómetro 1.5 entronque con Campo Geotérmico Tres Vírgenes, Coordenadas (27° 30.372’ N, 112° 33.635’ O), C. P. 23290, Mulegé, Baja California Sur",Comisión Federal de Electricidad,México,
601,"CFE - Generación III, Central Colina",GEN.,31/12/2015,E/1575/GEN/2015,3.00,8.20,$4.50,01/09/1928,Agua,Generador,Hidroeléctrica,En operación,Chihuahua,"Carretera San Francisco de Conchos - Presa Colina Kilómetro 7, Coordenadas (27° 34.444’ N, 105° 22.962’ O), San Francisco de Conchos, Chihuahua",Comisión Federal de Electricidad,México,
602,"CFE - Generación III, Central Gral. Salvador Alvarado",GEN.,31/12/2015,E/1576/GEN/2015,15.00,43.92,$21.00,08/05/1963,Agua,Generador,Hidroeléctrica,En operación,Sinaloa,"Carretera Culiacán - Sanalona Kilómetro 32.7, Coordenadas (24° 48.803’ N, 107° 08.971’ O), Culiacán, Sinaloa",Comisión Federal de Electricidad,México,
603,"CFE - Generación III, Central La Boquilla",GEN.,31/12/2015,E/1577/GEN/2015,25.00,81.50,$37.50,01/07/1915,Agua,Generador,Hidroeléctrica,En operación,Chihuahua,"Carretera Cd. Camargo - La Boquilla de Conchos Kilómetro 29, Coordenadas (27° 32.681’ N, 105° 24.846’ O), San Francisco de Conchos, Chihuahua",Comisión Federal de Electricidad,México,
604,"CFE - Generación III, Central Mocuzari",GEN.,31/12/2015,E/1578/GEN/2015,9.60,40.80,$14.40,01/03/1959,Agua,Generador,Hidroeléctrica,En operación,Sonora,"Carretera Navojoa - CH Mocuzari Kilómetro 45, Coordenadas (27° 13.439’ N, 109° 06.406’ O), C. P. 85779, Álamos, Sonora",Comisión Federal de Electricidad,México,
605,"CFE - Generación III, Central Oviachic",GEN.,31/12/2015,E/1579/GEN/2015,19.20,92.08,$28.80,20/08/1957,Agua,Generador,Hidroeléctrica,En operación,Sonora,"Carretera Esperanza - Cumiripa Kilómetro 36, Coordenadas (27° 49.367’ N, 109° 53.617’ O), Cajeme, Sonora",Comisión Federal de Electricidad,México,
606,"CFE - Generación III, Central Santa Rosalía",GEN.,31/12/2015,E/1580/GEN/2015,0.97,2.04,$1.46,28/04/2012,Sol,Generador,Fotovoltaica,En operación,Baja California Sur,"Carretera Transpeninsular No. 1 Santa Rosalía - San Ignacio Kilómetro 32, Coordenadas (27° 24.456’ N, 112° 31.594’ O), C. P. 23920, Mulegé, Baja California Sur",Comisión Federal de Electricidad,México,
607,"CFE - Generación II, Central Los Azufres",GEN.,31/12/2015,E/1581/GEN/2015,252.36,1890.00,$302.83,14/09/1982,Calor Geotérmico,Generador,Geotérmica,En operación,Michoacán,"Jeráhuaro de Juárez – CG Los Azufres Kilómetro 14.5, Coordenadas (19° 47.629’ N, 100° 39.620’ O), Ciudad Hidalgo, Michoacán",Comisión Federal de Electricidad,México,Subasta 2 / Adquisición
608,"CFE - Generación VI, Central Humeros",GEN.,31/12/2015,E/1582/GEN/2015,108.00,851.47,$114.86,30/05/1991,Calor Geotérmico,Generador,Geotérmica,En operación,Puebla,"Carretera Perote – CG Humeros Kilómetro 26, Coordenadas (19° 38.767’ N, 97° 26.263’ O), Chignautla, Puebla",Comisión Federal de Electricidad,México,
609,"CFE - Generación II, Central Bartolinas",GEN.,31/12/2015,E/1583/GEN/2015,0.75,2.30,$1.13,20/12/1940,Agua,Generador,Hidroeléctrica,En operación,Michoacán,"Carretera Tacámbaro – Chupio Kilómetro 8, Coordenadas (19° 11.432’ N, 101° 26.378’ O), Tacámbaro, Michoacán",Comisión Federal de Electricidad,México,
610,"CFE - Generación VI, Central Bombaná",GEN.,31/12/2015,E/1584/GEN/2015,5.24,25.00,$7.86,27/03/1951,Agua,Generador,Hidroeléctrica,En operación,Chiapas,"Carretera Soyaló – Presa Chicoasén Kilómetro 23, Coordenadas (16° 57.417’ N, 93° 01.533’ O), Soyaló, Chiapas",Comisión Federal de Electricidad,México,
611,"CFE - Generación II, Central Botello",GEN.,31/12/2015,E/1585/GEN/2015,18.00,82.00,$27.00,01/01/1910,Agua,Generador,Hidroeléctrica,En operación,Michoacán,"Carretera Panindicuaro – Botello Kilómetro 3, Coordenadas (19° 58.763’ N, 101° 44.157’ O), Panindicuaro, Michoacán",Comisión Federal de Electricidad,México,
612,"CFE - Generación VI, Central Camilo Arriaga",GEN.,31/12/2015,E/1586/GEN/2015,18.00,84.50,$27.00,26/07/1966,Agua,Generador,Hidroeléctrica,En operación,San Luis Potosí,"Carretera El Meco – El Salto Kilómetro 6, Coordenadas
(22° 35.293’ N, 99° 22.877’ O), El Naranjo, San Luis Potosí.",Comisión Federal de Electricidad,México,
613,"CFE - Generación VI, Central Chilapan",GEN.,31/12/2015,E/1587/GEN/2015,26.00,118.00,$39.00,01/09/1960,Agua,Generador,Hidroeléctrica,En operación,Veracruz,"Carretera San Andrés Tuxtla – Catemaco Kilómetro 9, Coordenadas (18° 25.171’ N, 95° 09.228’ O), San Andrés Tuxtla, Veracruz",Comisión Federal de Electricidad,México,
614,"CFE - Generación II, Central Platanal",GEN.,31/12/2015,E/1588/GEN/2015,12.60,44.31,$18.90,10/11/1903,Agua,Generador,Hidroeléctrica,En operación,Michoacán,"Av. Constitución S/N, Colonia Centro, Coordenadas (19° 55.421’ N, 102° 15.211’ O), C. P. 59900, Jacona, Michoacán",Comisión Federal de Electricidad,México,
615,"CFE - Generación VI, Central Electroquímica",GEN.,31/12/2015,E/1589/GEN/2015,1.44,8.40,$2.16,25/10/1952,Agua,Generador,Hidroeléctrica,En operación,San Luis Potosí,"Carretera Cd. Valles - Poblado El Platanito Kilómetro 25, Coordenadas (22° 05.989’ N, 99° 09.142’ O), Ciudad Valles, San Luis Potosí",Comisión Federal de Electricidad,México,
616,"CFE - Generación VI, Central Encanto",GEN.,31/12/2015,E/1590/GEN/2015,17.00,79.00,$15.00,19/10/1951,Agua,Generador,Hidroeléctrica,En operación,Veracruz,"Carretera Tlapacoyan – Martínez de la Torre Kilómetro 8.5, Coordenadas (19° 58.671’ N, 97° 10.599’ O), Tlapacoyan, Veracruz",Comisión Federal de Electricidad,México,
617,"CFE - Generación II, Central Itzicuaro",GEN.,31/12/2015,E/1591/GEN/2015,0.62,3.87,$0.94,01/01/1929,Agua,Generador,Hidroeléctrica,En operación,Michoacán,"Carretera los Reyes – Charapan Kilómetro 6, Coordenadas (19° 34.807’ N, 102° 25.807’ O), Peribán de Ramos, Michoacán",Comisión Federal de Electricidad,México,
618,"CFE - Generación VI, Central Ixtaczoquitlán",GEN.,31/12/2015,E/1592/GEN/2015,1.60,11.00,$2.40,10/09/2005,Agua,Generador,Hidroeléctrica,En operación,Veracruz,"Calle 9 Sur, Prolongación 600 Metros, Coordenadas (18° 50.666’ N, 97° 03.669’ O), Ixtaczoquitlán, Veracruz",Comisión Federal de Electricidad,México,
619,"CFE - Generación VI, Central José Cecilio del Valle",GEN.,31/12/2015,E/1593/GEN/2015,21.00,93.20,$31.50,26/04/1967,Agua,Generador,Hidroeléctrica,En operación,Chiapas,"Carretera Tapachula – CH José Cecilio del Valle kilómetro 14, Coordenadas (15° 01.437’ N, 92° 13.603’ O), Tapachula, Chiapas",Comisión Federal de Electricidad,México,
620,"CFE - Generación II,Central Jumatán",GEN.,31/12/2015,E/1594/GEN/2015,2.18,9.20,$3.27,17/07/1941,Agua,Generador,Hidroeléctrica,En operación,Nayarit,"Ejido de Jumatán Municipio de Tepic, a 20 Kilómetros al Noroeste de la Ciudad de Tepic, Nayarit, Coordenadas (21° 38.976’ N, 105° 01.929’ O), C. P. 66516, Tepic, Nayarit",Comisión Federal de Electricidad,México,
621,"CFE - Generación II, Central Luis M. Rojas",GEN.,31/12/2015,E/1595/GEN/2015,5.32,10.00,$7.98,01/01/1963,Agua,Generador,Hidroeléctrica,En operación,Jalisco,"Carretera Periférico Oriente - CH Luis M. Rojas Kilómetro 16, Coordenadas (20° 42.281’ N, 103° 15.885’ O), Tonalá, Jalisco",Comisión Federal de Electricidad,México,
622,"CFE - Generación VI, Central Micos",GEN.,31/12/2015,E/1596/GEN/2015,0.69,2.70,$1.03,14/05/1945,Agua,Generador,Hidroeléctrica,En operación,San Luis Potosí,"Carretera Cd. Valles - Ejido Micos Kilómetro 26, Coordenadas (22° 06.196’ N, 99° 09.416’ O), Ciudad Valles, San Luis Potosí",Comisión Federal de Electricidad,México,
623,"CFE - Generación VI, Central Las Minas",GEN.,31/12/2015,E/1597/GEN/2015,15.00,80.00,$22.50,08/03/1951,Agua,Generador,Hidroeléctrica,En operación,Veracruz,"Calle Prolongación México Kilómetro 0.5, Coordenadas (19° 41.122’ N, 97° 09.271’ O), Las Minas, Veracruz",Comisión Federal de Electricidad,México,
624,"CFE - Generación II, Central Puente Grande",GEN.,31/12/2015,E/1598/GEN/2015,9.00,24.00,$13.50,01/01/1945,Agua,Generador,Hidroeléctrica,En operación,Jalisco,"Calle Prolongación 5 de Mayo Kilómetro 1.8, Coordenadas (20° 34.183’ N, 103° 08.817’ O), Tonalá, Jalisco",Comisión Federal de Electricidad,México,
625,"CFE - Generación II, Central San Pedro Poruas",GEN.,31/12/2015,E/1599/GEN/2015,2.56,6.09,$3.84,01/01/1928,Agua,Generador,Hidroeléctrica,En operación,Michoacán,"Carretera Villa Madero - CH San Pedro Poruas Kilómetro 9, Coordenadas (19° 24.842’ N, 101° 14.923’ O), Villa Madero, Michoacán",Comisión Federal de Electricidad,México,
626,"CFE - Generación VI, Central Schpoina",GEN.,31/12/2015,E/1600/GEN/2015,2.24,9.70,$3.36,01/02/1953,Agua,Generador,Hidroeléctrica,En operación,Chiapas,"Carretera Amatenango del Valle - San Francisco Pujiltic kilómetro 33, Coordenadas (16° 18.840’ N, 92° 25.673’ O), Población Soyatitán, Venustiano Carranza, Chiapas",Comisión Federal de Electricidad,México,
627,"CFE - Generación VI, Central Tamazulapan",GEN.,31/12/2015,E/1601/GEN/2015,2.48,7.20,$3.72,20/12/1962,Agua,Generador,Hidroeléctrica,En operación,Oaxaca,"Carretera Cristóbal Colón, Huajuapan de León - Tazazulapan del Progreso Kilómetro 32.2, Coordenadas (17° 41.567’ N, 97° 37.181’ O), Tamazulapan del Progreso, Oaxaca",Comisión Federal de Electricidad,México,
628,"CFE - Generación VI, Central Texolo",GEN.,31/12/2015,E/1602/GEN/2015,1.60,8.00,$2.40,01/11/1951,Agua,Generador,Hidroeléctrica,En operación,Veracruz,"Carretera Xico - CH Texolo Kilómetro 3, Coordenadas (19° 24.141’ N, 96° 59.518’ O), Población Texolo, Xico, Veracruz",Comisión Federal de Electricidad,México,
629,"CFE - Generación II, Central Tirio",GEN.,31/12/2015,E/1603/GEN/2015,1.10,2.90,$1.65,01/01/1905,Agua,Generador,Hidroeléctrica,En operación,Michoacán,"Carretera Santiago Undameo - CH Tirio Kilómetro 10, Coordenadas (19° 31.809’ N, 101° 15.186’ O), C. P. 58346, Tiripetio, Michoacán",Comisión Federal de Electricidad,México,
630,"CFE - Generación II, Central Zumpimito",GEN.,31/12/2015,E/1604/GEN/2015,8.40,47.50,$12.60,12/11/1949,Agua,Generador,Hidroeléctrica,En operación,Michoacán,"Calle Olimpia Kilómetro 2, Coordenadas (19° 21.424’ N, 102° 04.237’ O), C. P. 60190, Población Zumpimito, Uruapan, Michoacán",Comisión Federal de Electricidad,México,
631,"CFE - Generación I, Central Carlos Ramírez Ulloa",GEN.,31/12/2015,E/1605/GEN/2015,630.00,747.25,$900.00,16/12/1986,Agua,Generador,Hidroeléctrica,En operación,Guerrero,"Carretera Apaxtla - Presa El Caracol (CH Carlos Ramírez Ulloa) Kilómetro 36, Coordenadas (17° 56.906’ N, 99° 59.729’ O), Apaxtla, Guerrero",Comisión Federal de Electricidad,México,
632,"CFE - Generación I, Central Ing. Fernando Hiriart Balderrama",GEN.,31/12/2015,E/1606/GEN/2015,292.00,1300.00,$438.00,27/12/1996,Agua,Generador,Hidroeléctrica,En operación,Hidalgo,"Carretera Cadereyta - CH Ing. Fernando Hiriart Balderrama Kilómetro 95, Coordenadas (20° 39.815’ N, 99° 30.071’ O), Población Las Adjuntas, Zimapán, Hidalgo",Comisión Federal de Electricidad,México,
633,"CFE - Generación I, Central Tingambato",GEN.,31/12/2015,E/1607/GEN/2015,45.00,27.00,$67.50,24/09/1957,Agua,Generador,Hidroeléctrica,En operación,Estado de México,"Carretera Valle de Bravo - CH Tingambato Kilómetro 70, Coordenadas (19° 04.883’ N, 100° 24.167’ O), San Martín Otzoloapan, Estado de México",Comisión Federal de Electricidad,México,
634,"CFE - Generación II, Central Colimilla",GEN.,31/12/2015,E/1608/GEN/2015,51.20,48.00,$76.80,19/01/1950,Agua,Generador,Hidroeléctrica,En operación,Jalisco,"Carretera Periférico Oriente - CH Colimilla Kilómetro 14, Coordenadas (20° 41.766’ N, 103° 13.554’ O), C. P. 44390, Tonalá, Jalisco",Comisión Federal de Electricidad,México,
635,"CFE - Generación II, Central Cupatitzio",GEN.,31/12/2015,E/1609/GEN/2015,80.00,380.00,$120.00,14/08/1962,Agua,Generador,Hidroeléctrica,En operación,Michoacán,"Camino Charapendo - CH Cupatitzio Kilómetro 3, Coordenadas (19° 20.520’ N, 102° 04.973’ O), Población Charapendo, Gabriel Zamora, Michoacán",Comisión Federal de Electricidad,México,
636,"CFE - Generación II, Central El Cóbano",GEN.,31/12/2015,E/1610/GEN/2015,60.00,273.54,$90.00,20/04/1955,Agua,Generador,Hidroeléctrica,En operación,Michoacán,"Camino Lombardía - Poblado El Cóbano Kilómetro 6.5, Coordenadas (19° 09.944’ N, 102° 00.752’ O), Población Cóbano, Gabriel Zamora, Michoacán",Comisión Federal de Electricidad,México,
637,"CFE - Generación II, Central La Yesca",GEN.,31/12/2015,E/1611/GEN/2015,750.00,1210.00,"$1,125.00",11/04/2014,Agua,Generador,Hidroeléctrica,En operación,Jalisco,"Camino Hostotipaquillo – CH La Yesca “Ing. Alfredo Elías Ayub” Kilómetro 23, Coordenadas (21° 11.845’ N, 104° 06.371’ O), Hostotipaquillo, Jalisco",Comisión Federal de Electricidad,México,
638,"CFE - Generación I, Central La Villita",GEN.,31/12/2015,E/1612/GEN/2015,320.00,1200.00,$480.00,19/01/1973,Agua,Generador,Hidroeléctrica,En operación,Michoacán,"Carretera La Mira - Zihuatanejo Kilómetro 16.5, Coordenadas (18° 02.821’ N, 102° 11.069’ O), C. P. 60990, Ciudad Lázaro Cárdenas, Michoacán",Comisión Federal de Electricidad,México,
639,"CFE - Generación II, Central Leonardo Rodríguez Alcaine",GEN.,31/12/2015,E/1613/GEN/2015,750.00,1200.00,"$1,125.00",01/03/2007,Agua,Generador,Hidroeléctrica,En operación,Nayarit,"Camino Santa María - CH Leonardo Rodríguez Alcaine Kilómetro 42, Coordenadas (21° 25.647’ N, 104° 27.089’ O), La Yesca, Nayarit",Comisión Federal de Electricidad,México,
640,"CFE - Generación VI, Central Manuel Moreno Torres",GEN.,31/12/2015,E/1614/GEN/2015,2400.00,5134.00,"$3,600.00",26/07/1980,Agua,Generador,Hidroeléctrica,En operación,Chiapas,"Carretera Tuxtla - Chicoasén Kilómetro 40, Coordenadas (16° 56.517’ N, 93° 06.053’ O), Chicoasén, Chiapas",Comisión Federal de Electricidad,México,
641,"CFE - Generación VI, Central Mazatepec",GEN.,31/12/2015,E/1615/GEN/2015,244.00,783.00,$330.00,18/09/1962,Agua,Generador,Hidroeléctrica,En operación,Puebla,"Camino Mazatepec - CH Mazatepec Kilómetro 5, Coordenadas (20° 00.867’ N, 97° 24.350’ O), Población Mazatepec, Tlatlauquitepec, Puebla",Comisión Federal de Electricidad,México,
642,"CFE - Generación VI, Central Tuxpango",GEN.,31/12/2015,E/1616/GEN/2015,36.00,190.00,$54.00,04/08/1914,Agua,Generador,Hidroeléctrica,En operación,Veracruz,"Avenida Tuxpango, Coordenadas (18° 50.218’ N, 97° 02.038’ O), Población Campo Chico, Ixtaczoquitlán, Veracruz",Comisión Federal de Electricidad,México,
643,"CFE - Generación II, Central Valentín Gómez Farías",GEN.,31/12/2015,E/1617/GEN/2015,240.00,224.00,$360.00,15/09/1993,Agua,Generador,Hidroeléctrica,En operación,Jalisco,"Carretera San Isidro - CH Valentín Gómez Farías Kilómetro 6.5, Coordenadas (20° 47.107’ N, 103° 19.505’ O), Zapopan, Jalisco",Comisión Federal de Electricidad,México,
644,"CFE - Generación III, Central 27 de Septiembre",GEN.,31/12/2015,E/1618/GEN/2015,61.60,243.53,$89.10,27/08/1960,Agua,Generador,Hidroeléctrica,En operación,Sinaloa,"Carretera el Fuerte - Mahone Kilómetro 12, Coordenadas (26° 30.260’ N, 108° 34.845’ O), Población Mahome, El Fuerte, Sinaloa",Comisión Federal de Electricidad,México,
645,"CFE - Generación III, Central Bacurato",GEN.,31/12/2015,E/1619/GEN/2015,92.00,203.00,$138.00,16/06/1987,Agua,Generador,Hidroeléctrica,En operación,Sinaloa,"Carretera Sinaloa de Leyva - Porohui – Bacurato Kilómetro 40, Coordenadas (25° 52.556’ N, 107° 56.585’ O), Población El Cajoncito, Sinaloa de Leyva, Sinaloa",Comisión Federal de Electricidad,México,
646,"CFE - Generación III, Central Humaya",GEN.,31/12/2015,E/1620/GEN/2015,95.00,177.00,$135.00,27/11/1975,Agua,Generador,Hidroeléctrica,En operación,Sinaloa,"Carretera Culiacán - Pueblo El Varejonal Kilómetro 59,Coordenadas (25° 05.907’ N, 107° 23.465’ O), Badiraguato, Sinaloa",Comisión Federal de Electricidad,México,
647,"CFE - Generación IV, Central La Amistad",GEN.,31/12/2015,E/1621/GEN/2015,66.00,83.60,$99.00,01/05/1987,Agua,Generador,Hidroeléctrica,En operación,Coahuila,"Carretera Presa La Amistad Kilómetro 23, Coordenadas (29° 26.957’ N, 101° 03.887’ O), C. P. 26200, Acuña, Coahuila",Comisión Federal de Electricidad,México,
648,"CFE - Generación III, Central Luis Donaldo Colosio Murrieta “Huites”",GEN.,31/12/2015,E/1622/GEN/2015,422.00,758.05,$633.00,20/12/1995,Agua,Generador,Hidroeléctrica,En operación,Sinaloa,"Carretera Choix - Huites Kilómetro 19, Coordenadas (26° 50.891’ N, 108° 22.255’ O), Choix, Sinaloa",Comisión Federal de Electricidad,México,
649,"CFE - Generación III, Central Pdte. Plutarco Elías Calles “El Novillo”",GEN.,31/12/2015,E/1623/GEN/2015,135.00,476.00,$202.50,12/11/1964,Agua,Generador,Hidroeléctrica,En operación,Sonora,"Carretera Hermosillo - Sahuaripa Kilómetro 146, Coordenadas (28° 58.962’ N, 109° 38.274’ O), Población El Novillo, Soyopa, Sonora",Comisión Federal de Electricidad,México,
650,"CFE - Generación III, Central Prof. Raúl J. Marsal Cordova",GEN.,31/12/2015,E/1624/GEN/2015,100.00,191.00,$150.00,08/08/1991,Agua,Generador,Hidroeléctrica,En operación,Sinaloa,"Carretera Imala - Cosalá Kilómetro 31, Coordenadas (24° 34.230’ N, 106° 48.647’ O), Cosalá, Sinaloa",Comisión Federal de Electricidad,México,
651,"CFE - Generación II, Central Aguamilpa Solidaridad ",GEN.,31/12/2015,E/1625/GEN/2015,960.00,2131.00,"$1,440.00",15/09/1994,Agua,Generador,Hidroeléctrica,En operación,Nayarit,"Domicilio conocido entre los Ejidos el Colorín y Carretones de Cerritos, a 55 Kilómetros al norte de la Ciudad de Tepic, Coordenadas (21° 50.001’ N, 104° 48.507’ O), El Nayar, Nayarit",Comisión Federal de Electricidad,México,
652,"CFE - Generación II, Central General Manuel M. Diéguez",GEN.,31/12/2015,E/1626/GEN/2015,70.00,239.00,$105.00,04/08/1964,Agua,Generador,Hidroeléctrica,En operación,Jalisco,"Carretera Amatitlán - Presa Santa Rosa Kilómetro 17, Coordenadas (20° 54.547’ N, 103° 42.334’ O), Amatitán, Jalisco",Comisión Federal de Electricidad,México,
653,"CFE - Generación VI, Central Temascal y Ampliación Temascal ",GEN.,31/12/2015,E/1627/GEN/2015,354.00,1126.00,$531.00,18/06/1959,Agua,Generador,Hidroeléctrica,En operación,Oaxaca,"Prolongación Av. 2, Colonia La Soledad, Coordenadas (18° 13.906’ N, 96° 24.489’ O), C. P. 68430, San Miguel Soyaltepec, Oaxaca",Comisión Federal de Electricidad,México,
654,"CFE - Generación VI,Central Ángel Albino Corzo “Peñitas”",GEN.,31/12/2015,E/1628/GEN/2015,420.00,1420.00,$630.00,24/01/1987,Agua,Generador,Hidroeléctrica,En operación,Chiapas,"Carretera Chontalpa – Malpaso Kilómetro 28.5, Coordenadas (17° 26.757’ N, 93° 27.580’ O), C. P. 29550, Ostuacán, Chiapas",Comisión Federal de Electricidad,México,
655,"CFE - Generación VI, Central Belisario Domínguez",GEN.,31/12/2015,E/1629/GEN/2015,1000.00,3516.35,"$1,350.00",22/11/1975,Agua,Generador,Hidroeléctrica,En operación,Chiapas,"Carretera Tuxtla Gutiérrez - Venustiano Carranza Kilómetro 60, Coordenadas (16° 24.157’ N, 92° 46.992’ O), C. P. 30171, Venustiano Carranza, Chiapas",Comisión Federal de Electricidad,México,
656,"CFE - Generación IV, Central Falcón",GEN.,31/12/2015,E/1630/GEN/2015,31.50,55.30,$47.25,15/11/1954,Agua,Generador,Hidroeléctrica,En operación,Tamaulipas,"Puente Internacional Falcón Kilómetro 1, Coordenadas (26° 33.508’ N, 99° 10.123’ O), C. P. 88370, Nueva Ciudad Guerrero, Tamaulipas",Comisión Federal de Electricidad,México,
657,"CFE - Generación I, Central El Infiernillo",GEN.,31/12/2015,E/1631/GEN/2015,1200.00,3100.00,"$1,800.00",19/11/1964,Agua,Generador,Hidroeléctrica,En operación,Michoacán,"Carretera Federal 37D Uruapan - Lázaro Cárdenas Kilómetro 170, Coordenadas (18° 16.838’ N, 101° 54.063’ O), Arteaga, Michoacán",Comisión Federal de Electricidad,México,
658,"CFE - Generación VI, Central Malpaso",GEN.,31/12/2015,E/1632/GEN/2015,1152.00,4666.47,"$1,620.00",26/01/1969,Agua,Generador,Hidroeléctrica,En operación,Chiapas,"Carretera Federal 187 Cárdenas - Raudales de Malpaso Kilómetro 119, Coordenadas (17° 10.777’ N, 93° 35.884’ O), Tecpatán, Chiapas",Comisión Federal de Electricidad,México,
659,"CFE - Generación I, Central Aragón",GEN.,31/12/2015,E/1633/GEN/2015,32.00,115.60,$28.80,10/02/2010,Gas Natural,Generador,Turbogás,En operación,Ciudad de México,"Calle Norte 94 número 5615, Colonia Gertrudis Sánchez, Coordenadas (19° 27.678’ N, 99° 05.906’ O), C. P. 07830, Gustavo A. Madero, México, Ciudad de México",Comisión Federal de Electricidad,México,
660,"CFE - Generación I, Central Atenco",GEN.,31/12/2015,E/1634/GEN/2015,32.00,231.20,$28.80,13/12/2006,Gas Natural,Generador,Turbogás,En operación,Estado de México,"Carretera México-Toluca Kilómetro 56.2, Colonia Francisco I. Madero, Coordenadas (19° 16.770’ N, 99° 34.245’ O), C. P. 52172, Metepec, Estado de México",Comisión Federal de Electricidad,México,
661,"CFE - Generación I, Central Coapa",GEN.,31/12/2015,E/1635/GEN/2015,32.00,237.00,$28.80,23/09/2009,Gas Natural,Generador,Turbogás,En operación,Ciudad de México,"Calle Ejido S/N, Colonia Las Peritas, Coordenadas (19° 16.244’ N, 99° 07.643’ O), C. P. 16010, Xochimilco, México, Ciudad de México",Comisión Federal de Electricidad,México,
662,"CFE - Generación I, Central Coyotepec",GEN.,31/12/2015,E/1636/GEN/2015,64.00,474.00,$57.60,29/01/2007,Gas Natural,Generador,Turbogás,En operación,Estado de México,"Autopista México - Querétaro Kilómetro 48.3, Colonia Barrio de Santiago, Coordenadas (19° 45.741’ N, 99° 13.085’ O), C. P. 09200, Tepotzotlán, Estado de México",Comisión Federal de Electricidad,México,
663,"CFE - Generación I, Central Cogeneración Salamanca",GEN.,31/12/2015,E/1637/GEN/2015,393.00,3178.65,$353.70,26/01/2015,Gas Natural,Generador,Turbogás,En operación,Guanajuato,"Carretera Salamanca – Juventino Rosas Kilómetro 1, Colonia Rancho El Divisador, Coordenadas (20° 34.670’ N, 101° 09.997’ O), C. P. 36750, Salamanca, Guanajuato",Comisión Federal de Electricidad,México,
664,"CFE - Generación III, Central Puerto Libertad",GEN.,31/12/2015,E/1638/GEN/2015,632.00,2787.35,$758.40,01/08/1985,Gas Natural y Combustóleo,Generador,Termoeléctrica Convencional,En operación,Sonora,"Prolongación Calle 36 Norte Final, Coordenadas (29° 54.967’ N, 112° 41.549’ O), C. P. 83970, Pitiquito, Sonora",Comisión Federal de Electricidad,México,
665,"Comisión Federal de Electricidad, Central Santa Rosalía Ume-15",GEN.,31/12/2015,E/1639/GEN/2015,12.50,0.38,$11.25,25/06/1971,Diésel,Generador,Turbogás,En operación,Baja California Sur,"Carretera al Norte Kilómetro 33.5, CSubestación
Cerro Prieto III, Coordenadas: (32° 24.700’ N, 115° 14.717’ O), C. P. 23920, C.P. 21700, Mexicali, Baja California",Comisión Federal de Electricidad,México,
666,"Comisión Federal de Electricidad, Central Turbogás Xul-Ha Ume 13",GEN.,31/12/2015,E/1641/GEN/2015,12.50,0.50,$11.25,19/06/1971,Diésel,Generador,Turbogás,En operación,Quintana Roo,"Av. Leonides García sin número, Zona Industrial, subestación Chankanaab",Comisión Federal de Electricidad,México,
667,"Comisión Federal de Electricidad, Central Santa Rosalía Ume-07",GEN.,31/12/2015,E/1642/GEN/2015,10.00,31.00,$9.00,10/06/2015,Diésel,Generador,Turbogás,En operación,Baja California Sur,"Carretera al Norte Kilómetro 1.5, Colonia El Retiro, Coordenadas (27° 21.140’ N, 112° 16.267’ O), C. P. 23920, Población Santa Rosalía, Mulegé, Baja California Sur",Comisión Federal de Electricidad,México,
668,"Comisión Federal de Electricidad, Central Los Cabos Ume-12",GEN.,31/12/2015,E/1643/GEN/2015,17.00,0.50,$15.30,31/03/1977,Diésel,Generador,Turbogás,En operación,Baja California Sur,"Carretera Mexicali-Ejido Nuevo León, kilómetro 33.5, Subestación Cerro Prieto III, Coordenadas: (32° 24.700’ N, 115° 14.717’ O), C.P. 21700, Mexicali, Baja California.",Comisión Federal de Electricidad,México,
669,"Comisión Federal de Electricidad, Central  Los Cabos Ume-10",GEN.,31/12/2015,E/1646/GEN/2015,19.00,0.50,$17.10,25/11/1976,Diésel,Generador,Turbogás,En operación,Baja California Sur,"Carretera Mexicali-Nuevo León, kilómetro 33.5, Subestación Cerro Prieto Uno, Coordenadas (32° 23’ 55.46’’ N, 115° 14’ 17.45’’ O), C. P. 21700, Mexicali, Baja California.",Comisión Federal de Electricidad,México,
670,"Comisión Federal de Electricidad, Central  Los Cabos Ume-9",GEN.,31/12/2015,E/1647/GEN/2015,19.00,0.50,$17.10,09/10/1976,Diésel,Generador,Turbogás,En operación,Baja California Sur,"Carretera Cabo San Lucas -  San José del Cabo, km 18.5, Col. Subestación Cabor Real, Coordenadas (22° 58.323' N, 110° 01.228' O), C.P. 23405, Población Cabo Real, Los Cabos, Baja California Sur",Comisión Federal de Electricidad,México,
671,"Comisión Federal de Electricidad, Central Guerrero Negro II Ume-8",GEN.,31/12/2015,E/1648/GEN/2015,10.00,31.00,$9.00,10/06/2015,Diésel,Generador,Turbogás,En operación,Baja California Sur,"Carretera a Bahía Tortugas Kilómetro 2.5, Colonia Villa Alberto Álvarado Arámburo, Coordenadas (27° 37.468’ N, 113° 24.842’ O), C. P. 23935, Mulegé, Baja California Sur",Comisión Federal de Electricidad,México,
672,"Comisión Federal de Electricidad, Central Turbogás Xul-Ha Ume-06",GEN.,31/12/2015,E/1649/GEN/2015,19.00,66.58,$17.10,02/06/2015,Diésel,Generador,Turbogás,En operación,Quintana Roo,"Carretera Chetumal a Bacalar Kilómetro 20, Coordenadas (18° 32.700’ N, 88° 28.010’ O), C. P. 77900, Othon P. Blanco, Quintana Roo",Comisión Federal de Electricidad,México,
673,"CFE - Generación II, Central Termoeléctrica Valle de México",GEN.,31/12/2015,E/1650/GEN/2015,18.00,63.07,$16.20,02/06/2015,Gas Natural,Generador,Turbogás,En operación,Estado de México,"Carretera Transmetropolitana Tramo San Bernardino Tepexpan Kilómetro 38.5, Colonia Guadalupe Victoria, Coordenadas (19° 37.042’ N, 98° 58.913’ O), C. P. 55885, Acolman, Estado de México",Comisión Federal de Electricidad,México,
674,"Comisión Federal de Electricidad, Central  Los Cabos Ume-04",GEN.,31/12/2015,E/1651/GEN/2015,26.00,82.50,$23.40,19/11/2014,Diésel,Generador,Turbogás,En operación,Baja California Sur,"Carretera a Todo Santos - Cabo San Lucas Kilómetro 114, Coordenadas (22° 58.323’ N, 110° 01.245’ O), C. P. 23410, Los Cabos, Baja California Sur",Comisión Federal de Electricidad,México,
675,"Comisión Federal de Electricidad, Central Turbogás Los Cabos Ume-03",GEN.,31/12/2015,E/1652/GEN/2015,26.00,82.50,$23.40,19/11/2014,Diésel,Generador,Turbogás,En operación,Baja California Sur,"Carretera Todo Santos - Cabo San Lucas Kilómetro 114, Coordenadas (22° 58.323’ N, 110° 01.228’ O), C. P. 23410, Los Cabos, Baja California Sur",Comisión Federal de Electricidad,México,
676,"Comisión Federal de Electricidad, Central Turbogás Los Cabos Ume-02",GEN.,31/12/2015,E/1653/GEN/2015,26.00,82.50,$23.40,19/11/2014,Diésel,Generador,Turbogás,En operación,Baja California Sur,"Carretera Todo Santos - Cabo San Lucas Kilómetro 114, Coordenadas (22° 58.323’ N, 110° 01.228’ O), C. P. 23410, Los Cabos, Baja California Sur",Comisión Federal de Electricidad,México,
677,"Comisión Federal de Electricidad, Central Combustión Interna Baja California Sur Ume-01",GEN.,31/12/2015,E/1654/GEN/2015,26.00,53.00,$23.40,19/11/2014,Diésel,Generador,Combustión Interna,En operación,Baja California Sur,"Carretera Mexicali-Ejido Nuevo León Kilómetro 33.5, Subestación Cerro Prieto IV, Coordenadas (32° 24.317’ N, 115° 12.683’ O), C.P. 21700, Mexicali, Baja California",Comisión Federal de Electricidad,México,
678,"CFE - Generación VI, Central Turbogás Xul - Ha",GEN.,31/12/2015,E/1655/GEN/2015,39.70,7.92,$35.73,06/11/1982,Diésel,Generador,Turbogás,En operación,Quintana Roo,"Carretera Chetumal – Bacalar Kilómetro 20, Colonia Poblado Xul - Ha, Coordenadas (18° 32.624’ N, 88° 27.952’ O), C. P. 77900, Othon P. Blanco, Quintana Roo",Comisión Federal de Electricidad,México,
679,"CFE - Generación VI, Central Turbogás Nizuc",GEN.,31/12/2015,E/1656/GEN/2015,88.00,19.60,$79.20,06/06/1991,Diésel,Generador,Turbogás,En operación,Quintana Roo,"Carretera Cancún – Tulum Kilómetro 13.5, Coordenadas (21° 04.127’ N, 86° 50.869’ O), C. P. 77500, Benito Juárez, Quintana Roo",Comisión Federal de Electricidad,México,
680,"CFE - Generación VI, Central Turbogás Turbogás Nachi-Cocom",GEN.,31/12/2015,E/1657/GEN/2015,9.69,12.00,$27.00,01/05/1987,Sol,Generador,Fotovoltaica,En operación,Yucatán,"Calle 20, Colonia Mayapán, Coordenadas (20° 58.848’ N, 89° 35.694’ O), C. P. 97159, Mérida, Yucatán",Comisión Federal de Electricidad,México,
681,"CFE - Generación VI, Central Turbogás Mérida II",GEN.,31/12/2015,E/1658/GEN/2015,30.00,5.10,$27.00,29/04/1981,Diésel,Generador,Turbogás,En operación,Yucatán,"Calle 20, Colonia Mayapán, Coordenadas (20° 58.848’ N, 89° 35.694’ O), C. P. 97159, Mérida, Yucatán",Comisión Federal de Electricidad,México,
682,"CFE - Generación III, Central Termoeléctrica Punta Prieta II",GEN.,31/12/2015,E/1659/GEN/2015,580.49,2638.51,$579.55,04/06/1977,Combustóleo y Diésel,Generador,Termoeléctrica Convencional,En operación,Baja California Sur,"Carretera La Paz – Pichilingue Kilómetro. 9.5, Colonia Centro, Coordenadas (24° 13.498’ N, 110° 18.647’ O), C. P. 23000, La Paz, Baja California Sur",Comisión Federal de Electricidad,México,
683,"CFE - Generación VI, Central Turbogás  Chankanaab",GEN.,31/12/2015,E/1660/GEN/2015,53.00,464.28,$47.70,01/07/1992,Diésel,Generador,Turbogás,En operación,Quintana Roo,"Leonides García por 10 de Abril, Colonia Zona Industrial, Coordenadas (20° 28.475’ N, 86° 57.530’ O), C. P. 77666, Cozumel, Quintana Roo",Comisión Federal de Electricidad,México,
684,"CFE - Generación VI, Central Turbogás Ciudad del Carmen",GEN.,31/12/2015,E/1661/GEN/2015,47.00,48.36,$42.30,28/07/1986,Diésel,Generador,Turbogás,En operación,Campeche,"Calle Morales Saenz, Colonia San Nicolás, Coordenadas (18° 39.416’ N, 91° 47.728’ O), C. P. 24118, Ciudad del Carmen, Campeche",Comisión Federal de Electricidad,México,
685,"CFE - Generación III, Central Presidente Juárez",GEN.,31/12/2015,E/1662/GEN/2015,1107.00,5475.89,"$1,167.67",11/09/1982,Gas Natural,Generador,Ciclo combinado,En operación,Baja California,"Carretera Libre Tijuana – Ensenada kilómetro 23.5, Colonia Centro, Coordenadas (32° 22.302’ N, 117° 04.218’ E), C. P. 22710, Playas de Rosarito, Baja California",Comisión Federal de Electricidad,México,
686,"CFE - Generación VI, Central Turbogás Cancún",GEN.,31/12/2015,E/1663/GEN/2015,102.00,39.90,$91.80,17/08/1977,Diésel,Generador,Turbogás,En operación,Quintana Roo,"Boulevard Luis Donaldo Colosio y Libramiento Kabah, Coordenadas (21° 08.111’ N, 86° 49.953’ O), C. P. 77500, Benito Juárez, Quintana Roo",Comisión Federal de Electricidad,México,
687,"CFE - Generación III, Central Termoeléctrica Juan de Dios Bátiz Paredes",GEN.,31/12/2015,E/1664/GEN/2015,320.00,1670.46,$384.00,12/06/1995,Gas Natural,Generador,Termoeléctrica Convencional,En operación,Sinaloa,"Carretera Los Mochis – Topolobampo Kilómetro 22, Colonia Topolobampo, Coordenadas (25° 36.488’ N, 109° 03.075’ O), C. P. 81370, Ahome, Sinaloa",Comisión Federal de Electricidad,México,
688,"CFE - Generación IV, Central  Termoeléctrica Villa de Reyes",GEN.,31/12/2015,E/1665/GEN/2015,1169.79,9287.70,$692.44,01/11/1986,"Gas Natural, Combustóleo y diésel",Generador,Termoeléctrica Convencional,En operación,San Luis Potosí,"Carretera San Luis Potosí - Villa de Reyes Kilómetro 19.5, Coordenadas (21° 49.836’ N, 100° 56.371’ O), C. P. 79500, Villa de Reyes, San Luis Potosí",Comisión Federal de Electricidad,México,
689,"CFE - Generación IV, Central Termoeléctrica José Lopez Portillo",GEN.,31/12/2015,E/1666/GEN/2015,1320.00,10558.28,"$1,584.00",12/08/1982,Carbón,Generador,Carboeléctrica,En operación,Coahuila,"Carretera 57 Autopista Piedras Negras – Monclova Kilómetro 27.5, Coordenadas (28° 29.101’ N, 100° 42.585’ O), C. P. 26170, Nava, Coahuila",Comisión Federal de Electricidad,México,
690,"CFE - Generación III, Central Termoeléctrica José Aceves Pozos",GEN.,31/12/2015,E/1667/GEN/2015,616.00,2014.14,$739.20,01/10/1976,Gas Natural y Combustóleo,Generador,Termoeléctrica Convencional,En operación,Sinaloa,"Estero La Sirena Kilómetro 10, Colonia La Sirena, Coordenadas (23° 11.684’ N, 106° 21.380’ O), C. P. 82089, Mazatlán, Sinaloa",Comisión Federal de Electricidad,México,
691,"CFE Generación VI, Central Termoeléctrica Poza Rica",GEN.,31/12/2015,E/1668/GEN/2015,280.00,725.10,$287.10,01/02/1963,Gas Natural,Generador,Termoeléctrica Convencional,En operación,Veracruz,"Carretera México Kilómetro 194, Colonia San Miguel Mecatepec, Coordenadas (20° 31.546’ N, 97° 29.676’ O), C. P. 92903, Tihuatlán, Veracruz",Comisión Federal de Electricidad,México,
692,"CFE - Generación IV, Central Termoeléctrica Guadalupe Victoria",GEN.,31/12/2015,E/1669/GEN/2015,683.50,5987.44,$384.00,18/06/1991,Combustóleo,Generador,Termoeléctrica Convencional,En operación,Durango,"Carretera Ramal Torreón - Ciudad Juárez Kilómetro 9.7, Coordenadas (25° 29.817’ N, 103° 34.560’ O), C. P. 35180, Lerdo, Durango",Comisión Federal de Electricidad,México,
693,"CFE - Generación II, Central Termoeléctrica Presidente Plutarco Elías Calles",GEN.,31/12/2015,E/1670/GEN/2015,2778.36,15817.00,"$3,334.03",16/10/1993,Carbón,Generador,Carboeléctrica,En operación,Guerrero,"Carretera 200 Tramo Lázaro Cárdenas – Zihuatanejo Kilómetro 28.5, Coordenadas (17° 59.352’ N, 102° 06.840’ O), C. P. 40811, La Unión de Isidoro de Montes de Oca, Guerrero",Comisión Federal de Electricidad,México,
694,"CFE - Generación VI, Central Termoeléctrica Lerma",GEN.,31/12/2015,E/1671/GEN/2015,112.50,485.26,$135.00,19/02/1976,Combustóleo,Generador,Termoeléctrica Convencional,En operación,Campeche,"Carretera Campeche – Champotón Kilómetro 10, Colonia Kila, Coordenadas (19° 47.472’ N, 90° 36.807’ O), C. P. 24500, Campeche, Campeche",Comisión Federal de Electricidad,México,
695,"CFE - Generación IV, Central Termoeléctrica Altamira",GEN.,31/12/2015,E/1673/GEN/2015,500.00,2155.20,$600.00,19/05/1976,Gas Natural,Generador,Termoeléctrica Convencional,En operación,Tamaulipas,"Fidel Velázquez número 1100, Colonia Fraccionamiento Colonia Americana, Coordenadas (22° 26.019’ N, 98° 00.667’ O), C. P. 89600, Población Estación Colonia, Altamira, Tamaulipas",Comisión Federal de Electricidad,México,
696,"CFE - Generación IV, Central Turbogás Monterrey Universidad",GEN.,31/12/2015,E/1675/GEN/2015,24.00,210.24,$21.60,31/10/1970,Gas Natural,Generador,Turbogás,En operación,Nuevo León,"Prolongación Rayón número 2451, Colonia Bellavista, Coordenadas (25° 41.852’ N, 100° 19.123’ O), C. P. 64410, Monterrey, Nuevo León",Comisión Federal de Electricidad,México,
697,"CFE - Generación VI, Central Nucleoeléctrica Laguna Verde",GEN.,31/12/2015,E/1676/GEN/2015,1634.00,11936.84,"$1,960.80",29/07/1990,Uranio,Generador,Nucleoeléctrica,En operación,Veracruz,"Carretera Cardel - Nautla Kilómetro 42.5, Coordenadas (19° 43.100’ N, 96° 24.550’ O), C. P. 91476, Población Laguna Verde, Alto Lucero de Gutiérrez Barrios, Veracruz",Comisión Federal de Electricidad,México,
698,"CFE - Generación IV, Central Turbogás Parque Juárez",GEN.,31/12/2015,E/1677/GEN/2015,77.00,15.80,$69.30,11/03/1977,Diésel,Generador,Turbogás,En operación,Chihuahua,"Carretera Juárez - Porvenir Kilómetro 5.5, Coordenadas (31° 41.917’ N, 106° 23.622’ O), C. P. 32470, Ciudad Juárez, Chihuahua",Comisión Federal de Electricidad,México,
699,"CFE - Generación IV, Central Termoeléctrica Gral. Francisco Villa",GEN.,31/12/2015,E/1678/GEN/2015,300.00,2628.00,$360.00,10/12/1980,Combustóleo,Generador,Termoeléctrica Convencional,En operación,Chihuahua,"Carretera Panámericana México - Ciudad Juárez, Kilómetro 1575, Coordenadas (28° 10.007’ N, 105° 26.397’ O), C. P. 33000, Delicias, Chihuahua",Comisión Federal de Electricidad,México,
700,"CFE - Generación III, Central Termoeléctrica Carlos Rodríguez Rivero (Guaymas II)",GEN.,31/12/2015,E/1679/GEN/2015,484.00,1289.54,$580.80,06/12/1973,Combustóleo,Generador,Termoeléctrica Convencional,En operación,Sonora,"Carretera Int. México Nogales Kilómetro 1975, Colonia Fraccionamiento Las Batuecas, Coordenadas (27° 56.400’ N, 110° 51.655’ O), C. P. 85400, Guaymas, Sonora",Comisión Federal de Electricidad,México,
701,"CFE - Generación IV, Central Termoeléctrica Carbón II",GEN.,31/12/2015,E/1680/GEN/2015,1400.00,8622.29,"$1,680.00",02/11/1993,Carbón,Generador,Carboeléctrica,En operación,Coahuila,"Carretera 57 Kilómetro 31.5, Autopista Piedras Negras - Monclova, Coordenadas (28° 27.805’ N, 100° 40.853’ O), C. P. 26170, Nava, Coahuila",Comisión Federal de Electricidad,México,
702,"CFE - Generación IV, Central Turbogás Monterrey Tecnológico",GEN.,31/12/2015,E/1682/GEN/2015,26.00,227.76,$23.40,01/02/1974,Diésel,Generador,Turbogás,En operación,Nuevo León,"Eugenio Garza Sada número 5300, Colonia Mederos, Coordenadas (25° 36.766’ N, 100° 16.285’ O), C. P. 64950, Monterrey, Nuevo León",Comisión Federal de Electricidad,México,
703,"CFE - Generación III, Central  Combustión Interna Santa Rosalía",GEN.,31/12/2015,E/1683/GEN/2015,8.45,12.58,$7.61,12/03/1975,Diésel,Generador,Combustión Interna,En operación,Baja California Sur,"Carretera Transpeninsular Kilómetro 1.5 al Norte, Colonia El Retiro, Coordenadas (27° 21.069’ N, 112° 16.260’ O), C. P. 23920, Población Santa Rosalía, Mulegé, Baja California Sur",Comisión Federal de Electricidad,México,
704,"CFE - Generación IV, Central Turbogás Monterrey Leona",GEN.,31/12/2015,E/1684/GEN/2015,24.00,210.24,$21.60,01/03/1972,Gas Natural,Generador,Turbogás,En operación,Nuevo León,"Lucio Blanco, Colonia Lucio Blanco, Coordenadas (25° 40.160’ N, 100° 24.532’ O), C. P. 66218, San Pedro Garza García, Nuevo León",Comisión Federal de Electricidad,México,
705,"CFE - Generación III, Central Combustión Interna   Guerrero Negro II (Vizcaíno)",GEN.,31/12/2015,E/1685/GEN/2015,36.40,70.33,$22.32,17/06/2004,Combustóleo y Diésel,Generador,Combustión Interna,En operación,Baja California Sur,"Carretera a Bahía Tortugas Kilómetro 2.5, Coordenadas (27° 57.617’ N, 114° 03.200’ O), C. P. 23935, Población Villa Alberto Alvarado Arámburo, Mulegé, Baja California Sur",Comisión Federal de Electricidad,México,
706,"CFE - Generación III, Central Combustión Interna Baja California Sur",GEN.,31/12/2015,E/1686/GEN/2015,355.76,1447.27,$363.93,28/07/2005,Combustóleo,Generador,Combustión Interna,En operación,Baja California Sur,"Libramiento Santiago Oceguera Kilómetro 7.5, Colonia Industrial, Coordenadas (24° 11.956’ N, 110° 15.120’ E), C. P. 23000, La Paz, Baja California Sur",Comisión Federal de Electricidad,México,
707,"CFE - Generación IV, Central Turbogás Monterrey Fundidora",GEN.,31/12/2015,E/1687/GEN/2015,12.00,105.12,$10.80,05/04/1971,Gas Natural,Generador,Turbogás,En operación,Nuevo León,"Antonio I. Villarreal, Colonia Agrícola, Coordenadas (25° 40.896’ N, 100° 16.667’ O), C. P. 64590, Monterrey, Nuevo León",Comisión Federal de Electricidad,México,
708,"CFE - Generación IV, Central Turbogás Monclova",GEN.,31/12/2015,E/1688/GEN/2015,48.00,37.30,$43.20,01/12/1975,Gas Natural,Generador,Turbogás,En operación,Coahuila,"Carretera 57 Kilómetro 1041, Colonia Frente A Obrera Sur, Coordenadas (26° 52.447’ N, 101° 25.584’ O), C. P. 25790, Monclova, Coahuila",Comisión Federal de Electricidad,México,
709,"CFE - Generación III, Central Combustión Interna  Agustín Olachea Avilés",GEN.,31/12/2015,E/1689/GEN/2015,104.13,621.43,$93.71,16/01/1992,Combustóleo,Generador,Combustión Interna,En operación,Baja California Sur,"Carretera Puerto San Carlos Kilómetro 52.5, Coordenadas (24° 48.986’ N, 112° 05.373’ O), C. P. 23740, Población Puerto San Carlos, Comondú, Baja California Sur",Comisión Federal de Electricidad,México,
710,"CFE - Generación III, Central Turbogás Mexicali",GEN.,31/12/2015,E/1690/GEN/2015,62.00,1.70,$55.80,23/10/1974,Diésel,Generador,Turbogás,En operación,Baja California,"Calzada Héctor Terán Terán número 1700, Colonia Desarrollo Urbano Xochimilco, Coordenadas (32° 36.378’ N, 115° 27.627’ O), C. P. 21350, Mexicali, Baja California",Comisión Federal de Electricidad,México,
711,"CFE - Generación III, Central Turbogás Los Cabos",GEN.,31/12/2015,E/1691/GEN/2015,84.66,191.99,$76.19,01/01/1999,Diésel,Generador,Turbogás,En operación,Baja California Sur,"Carretera Todos Santos - Cabo San Lucas Kilómetro 114, Coordenadas (22° 58.322’ N, 110° 01.237’ O), C. P. 23450, Población Cabo San Lucas, Los Cabos, Baja California Sur",Comisión Federal de Electricidad,México,
712,"CFE - Generación IV, Central Ciclo Combinado Huinalá",GEN.,31/12/2015,E/1692/GEN/2015,987.15,6978.37,"$1,000.77",21/05/1981,Gas Natural,Generador,Ciclo combinado,En operación,Nuevo León,"Carretera Monterrey - Dulces Nombres, Kilómetro 12.5, Coordenadas (25° 43.416’ N, 100° 06.487’ O), Pesquería, Nuevo León",Comisión Federal de Electricidad,México,
713,"CFE - Generación III, Central Ciclo Combinado Hermosillo",GEN.,31/12/2015,E/1693/GEN/2015,227.02,1512.89,$230.15,21/12/1998,Gas Natural,Generador,Ciclo combinado,En operación,Sonora,"Carretera Hermosillo - Sahuaripa Kilómetro 10.5, Coordenadas (29° 02.183’ N, 110° 50.096’ O), C. P. 83000, Hermosillo, Sonora",Comisión Federal de Electricidad,México,
714,"CFE - Generación IV, Central Turbogás Laguna Chávez",GEN.,31/12/2015,E/1694/GEN/2015,84.00,8.00,$75.60,26/05/1970,Gas Natural,Generador,Turbogás,En operación,Durango,"Avenida Valle Del Guadiana Número 101, Parque Industrial Lagunero, Coordenadas (25° 33.141’ N, 103° 28.383’ O), C. P. 35070, Gómez Palacio, Durango",Comisión Federal de Electricidad,México,
715,"CFE - Generación IV, Central Ciclo Combinado Gómez Palacio",GEN.,31/12/2015,E/1695/GEN/2015,239.80,875.11,$243.11,26/01/1976,Gas Natural,Generador,Ciclo combinado,En operación,Durango,"Carretera Gómez Palacio A Francisco I. Madero Kilómetro 3, Coordenadas (25° 35.633’ N, 103° 28.417’ O), C. P. 35000, Gómez Palacio, Durango",Comisión Federal de Electricidad,México,
716,"CFE - Generación III, Central Turbogás Culiacán",GEN.,31/12/2015,E/1696/GEN/2015,30.00,10.93,$27.00,03/09/1990,Diésel,Generador,Turbogás,En operación,Sinaloa,"Carretera Internacional Km. 1428 Salida Norte, Colonia Infonavit Humaya, Coordenadas (24° 40.667’ N, 107¨° 26.750’ O), C. P. 80020, Culiacán, Sinaloa",Comisión Federal de Electricidad,México,
717,"CFE - Generación IV, Central Ciclo Combinado Chihuahua",GEN.,31/12/2015,E/1697/GEN/2015,619.40,4666.00,$627.95,09/05/2001,Gas Natural,Generador,Ciclo combinado,En operación,Chihuahua,"7.8 Kilómetros Al Sureste del Kilómetro 196+724 de la Carretera Federal 45 Tramo Chihuahua - Delicias, Coordenadas (28° 26.826’ N, 105° 55.464’ E), Población Ejido Tomás García, Chihuahua, Chihuahua",Comisión Federal de Electricidad,México,
718,"CFE - Generación VI, Central  Combustión Interna Hol-Box",GEN.,31/12/2015,E/1698/GEN/2015,10.40,7.57,$2.88,26/03/2002,Diésel,Generador,Combustión Interna,En operación,Quintana Roo,"Tiburón Ballena, Colonia Isla de Holbox, Coordenadas (21° 31.224’ N, 87° 22.578’ O), Isla Holbox, Quintana Roo",Comisión Federal de Electricidad,México,
719,"CFE - Generación III, Central Turbogás Ciprés",GEN.,31/12/2015,E/1699/GEN/2015,27.43,0.57,$24.69,12/02/1981,Diésel,Generador,Turbogás,En operación,Baja California,"Carretera Transpeninsular Ensenada - La Paz Kilómetro 16.5, número 300-2, Colonia Ex Ejido Chapultepec, Coordenadas (31° 46.533’ N, 116° 35.053’ O), C. P. 22785, Ensenada, Baja California",Comisión Federal de Electricidad,México,
720,"CFE - Generación VI, Central Termoeléctrica Felipe Carrillo Puerto",GEN.,31/12/2015,E/1700/GEN/2015,1444.72,10920.00,$312.00,28/03/1992,"Combustóleo, Diésel y Gas Natural",Generador,Termoeléctrica convencional,En operación parcial,Yucatán,"Carretera Valladolid – Mérida Kilómetro 8, Coordenadas (20° 42.133’ N, 88° 16.200’ O), C. P. 97780, Valladolid, Yucatán. - La Central eléctrica se encuentra en operación desde el 28 de marzo de 1992",Comisión Federal de Electricidad,México,
721,"CFE - Generación III, Central Turbogás Cd. Constitución, Comundú, Baja California Sur",GEN.,31/12/2015,E/1701/GEN/2015,33.22,27.99,$29.90,25/10/1984,Diésel,Generador,Turbogás,En operación,Baja California Sur,"Boulevard Lic. Antonio Álvarez Rico Esquina Boulevard Olachea, Colonia Centro, Coordenadas (25° 01.253’ N, 111° 40.062’ O), C. P. 23600, Población Ciudad Constitución, Comondú, Baja California Sur",Comisión Federal de Electricidad,México,
722,"CFE - Generación I, Central Termoeléctrica Salamanca",GEN.,31/12/2015,E/1704/GEN/2015,932.88,7127.00,$922.80,19/01/1977,Gas Natural,Generador,Termoeléctrica Convencional,En operación,Guanajuato,"Prolongación Avenida Faja de Oro, Colonia Centro, Coordenadas (20° 34.356’ N, 101° 10.326’ O), C. P. 36700, Salamanca, Guanajuato",Comisión Federal de Electricidad,México,
723,"CFE - Generación III, Central Turbogás Caborca",GEN.,31/12/2015,E/1705/GEN/2015,42.00,19.86,$37.80,10/12/1980,Diésel,Generador,Turbogás,En operación,Sonora,"Carretera al Desemboque Kilómetro 5, Coordenadas (30° 42.622’ N, 112° 12.489’ O), C. P. 83600, Caborca, Sonora",Comisión Federal de Electricidad,México,
724,"CFE - Generación I, Central Termoeléctrica Francisco Pérez Ríos",GEN.,31/12/2015,E/1706/GEN/2015,1605.60,7796.58,"$1,926.72",29/06/1976,Gas Natural y Combustóleo,Generador,Termoeléctrica Convencional,En operación,Hidalgo,"Carretera Jorobas - Tula Kilómetro 27.5, Colonia
Segunda Sección El Llano, Coordenadas (20° 03.164’ N, 99° 16.775’ O),
C. P. 42820, Tula de Allende, Hidalgo",Comisión Federal de Electricidad,México,
725,"CFE - Generación IV, Central Termoeléctrica Samalayuca",GEN.,31/12/2015,E/1707/GEN/2015,837.76,4769.35,$902.35,16/10/1984,Gas Natural,Generador,Ciclo combinado,En operación,Chihuahua,"Carretera Panamericana Kilómetro 166 Tramo El Sueco-Ciudad Juárez, Coordenadas (31° 19.569’ N, 106° 29.045’ O), C. P. 32730, Ciudad Juárez, Chihuahua",Comisión Federal de Electricidad,México,
726,"CFE - Generación IV, Central Termoeléctrica Emilio Portes Gil",GEN.,31/12/2015,E/1708/GEN/2015,511.12,1955.77,$550.01,01/12/1982,Gas Natural y Vapor,Generador,Ciclo combinado,En operación,Tamaulipas,"Carretera Matamoros-Mazatlán Kilómetro 68.5, Colonia La Paz, Coordenadas (25° 59.058’ N, 98° 03.982’ O), C. P. 88900, Río Bravo, Tamaulipas",Comisión Federal de Electricidad,México,
727,"CFE - Generación I,Central Turbogás Cuautitlán",GEN.,31/12/2015,E/1709/GEN/2015,32.00,196.60,$28.80,29/01/2007,Gas Natural,Generador,Turbogás,En operación,Estado de México,"Fundidores S/N esquina 20 de Noviembre, Colonia Zona Industrial Xhala, Coordenadas (19° 40.000’ N, 99° 11.000’ O), C. P. 53420, Cuautitlán Izcalli, Estado de México",Comisión Federal de Electricidad,México,
728,"CFE - Generación I, Central Turbogás Ecatepec",GEN.,31/12/2015,E/1710/GEN/2015,32.00,115.60,$28.80,26/12/2006,Gas Natural,Generador,Turbogás,En operación,Estado de México,"Avenida Revolución, Colonia Avenida Ejido San Mateo Ixtacalco, Coordenadas (19° 36.663’ N, 99° 03.329’ O), C. P. 55020, Ecatepec, Estado de México",Comisión Federal de Electricidad,México,
729,"CFE - Generación I, Central Turbogás Iztapalapa",GEN.,31/12/2015,E/1711/GEN/2015,32.00,228.90,$28.80,24/08/2009,Gas Natural,Generador,Turbogás,En operación,Ciudad de México,"Calle de Nautla esquina Avenida San Lorenzo, Colonia El Rodeo, Coordenadas (19° 20.022’ N, 99° 04.474’ O), C. P. 09860, Población México, Ciudad de México, Iztapalapa, Ciudad de México",Comisión Federal de Electricidad,México,
730,"CFE - Generación I, Central Turbogás Magdalena",GEN.,31/12/2015,E/1712/GEN/2015,32.00,228.50,$28.80,23/09/2009,Gas Natural,Generador,Turbogás,En operación,Ciudad de México,"Avenida Río Churubusco S/N Esquina Tezontle, Colonia Paseos de Churubusco, Coordenadas (19° 22.852’ N, 99° 05.670’ O), C. P. 09030, Población México, Ciudad de México, Iztapalapa, Ciudad de México",Comisión Federal de Electricidad,México,
731,"CFE - Generación I, Central Turbogás Villa de Las Flores",GEN.,31/12/2015,E/1713/GEN/2015,32.00,151.10,$28.80,28/12/2006,Gas Natural,Generador,Turbogás,En operación,Estado de México,"Avenida Prados , Colonia Conjunto Habitacional El Rocío, Coordenadas (19° 40.268’ N, 99° 04.692’ O), C. P. 53240, Población Tultitlán, Tultitlán, Estado de México",Comisión Federal de Electricidad,México,
732,"CFE - Generación I, Central Termoeléctrica de Ciclo Combinado El Sauz",GEN.,31/12/2015,E/1714/GEN/2015,902.85,4579.59,$599.16,20/06/1981,Gas Natural y Vapor,Generador,Ciclo combinado,En operación,Querétaro,"Autopista México - Querétaro Kilómetro 176.5, Coordenadas (20° 27.616’ N, 100° 07.453’ O), C. P. 76729, Población El Sauz, Pedro Escobedo, Querétaro",Comisión Federal de Electricidad,México,
733,"CFE - Generación I, Central Ciclo Combinado San Lorenzo Potencia",GEN.,31/12/2015,E/1715/GEN/2015,382.12,2714.25,$387.39,05/12/2003,Gas Natural y Vapor,Generador,Ciclo combinado,En operación,Puebla,"Autopista México - Puebla Kilómetro 117 Camino a San Lorenzo Almecatla, Colonia Parque Industrial Finsa, Coordenadas (19° 07.206’ N, 98° 14.671’ O), C. P. 72700, Población San Lorenzo Almecatla, Cuautlancingo, Puebla",Comisión Federal de Electricidad,México,
734,"CFE - Generación I, Central Turbogás Remedios",GEN.,31/12/2015,E/1718/GEN/2015,32.00,235.50,$28.80,20/12/2006,Gas Natural,Generador,Turbogás,En operación,Estado de México,"Avenida Alcanfores, Colonia Jardínes de San Mateo, Coordenadas (19° 29.235’ N, 99° 15.079’ O), C. P. 53240, Naucalpan de Juárez, Estado de México",Comisión Federal de Electricidad,México,
735,"CFE - Generación I, Central Turbogás Santa Cruz",GEN.,31/12/2015,E/1719/GEN/2015,32.00,228.80,$28.80,23/09/2009,Gas Natural,Generador,Turbogás,En operación,Ciudad de México,"Avenida Luis Méndez, Colonia Vicente Guerrero, Coordenadas (19° 21.946’ N, 99° 03.577’ O), C. P. 09200, Iztapalapa, Ciudad de México",Comisión Federal de Electricidad,México,
736,"CFE - Generación I, Central Turbogás Vallejo",GEN.,31/12/2015,E/1720/GEN/2015,32.00,234.90,$28.80,06/08/2007,Gas Natural,Generador,Turbogás,En operación,Estado de México,"Metepec S/N Esquina Con Xalpa, Colonia Ejido de San Juan Iztacala, Coordenadas (19° 30.963’ N, 99° 10.499’ O), C. P. 54160, Tlalnepantla, Estado de México",Comisión Federal de Electricidad,México,
737,"CFE - Generación I, Central Turbogás Victoria",GEN.,31/12/2015,E/1721/GEN/2015,32.00,197.30,$28.80,20/12/2006,Gas Natural,Generador,Turbogás,En operación,Estado de México,"Autopista México - Querétaro Kilómetro 34.2, Coordenadas (19° 38.116’ N, 99° 11.187’ O), C. P. 53240, Cuautitlán, Estado de México",Comisión Federal de Electricidad,México,
738,"CFE - Generación I, Central Ciclo Combinado Centro",GEN.,31/12/2015,E/1722/GEN/2015,656.01,5286.88,$665.06,22/01/2016,Gas Natural,Generador,Ciclo combinado,En operación,Morelos,"Camino a Huexca Kilómetro 3, Colonia Huexca, Coordenadas (18° 47.882’ N, 98° 52.786’ O), C. P. 62823, Yecapixtla, Morelos",Comisión Federal de Electricidad,México,
739,"Celulosa de Fibras Mexicanas, S. A. de C. V.",GEN.,28/01/2016,E/1725/GEN/2016,1.20,8.32,$267.50,30/04/2016,Gas Natural,Textil,Combustión Interna,En operación,Veracruz,"Poniente número 15, Lotes 2 al 18, Colonia Librado Rivera, Coordenadas (18° 50.435' N, 97° 06.234' 0), C. P. 94380, Orizaba, Veracruz",Grupo Mosa,México,
740,"Generadora Fénix, S. A. P. I. de C. V., Central Necaxa",GEN.,28/01/2016,E/1730/GEN/2016,16.00,84.10,$24.00,01/01/1905,Agua,Generador,Hidroeléctrica,En operación,Puebla,"SEGUNDA. Ubicación. Carretera México — Tuxpan Kilómetro 122, colonia Nuevo Necaxa, Coordenadas (20° 13.012' N, 97° 59.239' 0), C. P. 73200, Juan Galindo, Puebla.","Mota-Engil Energía, S. A. de C. V.",Portugal,
741,"Generadora Fénix, S. A. P. I. de C. V., Central Patla",GEN.,28/01/2016,E/1731/GEN/2016,15.00,78.84,$22.50,01/01/1954,Agua,Generador,Hidroeléctrica,En operación,Puebla,"Carretera a Zihuateutla Kilómetro 75, Coordenadas (20° 14.279' N, 97° 53.527' 0), C. P. 73242, Poblado de Ocomantla, Zihuateutla, Puebla","Mota-Engil Energía, S. A. de C. V.",Portugal,
742,"Generadora Fénix, S. A. P. I. de C. V., Central Tepexic",GEN.,28/01/2016,E/1732/GEN/2016,15.00,78.84,$22.50,01/01/1923,Agua,Generador,Hidroeléctrica,En operación,Puebla,"Tlalchichila S/N, en la convergencia de los Ríos Necaxa y Xaltepluxtla, Coordenadas (20° 14.279' N, 97° 53.527' 0), C.P. 73161, Poblado de Tenango de las Flores, Huauchinango, Puebla","Mota-Engil Energía, S. A. de C. V.",Portugal,
743,"Generadora Fénix, S. A. P. I. de C. V., Central Lerma",GEN.,28/01/2016,E/1733/GEN/2016,48.60,255.44,$72.90,01/01/1931,Agua,Generador,Hidroeléctrica,En operación,Michoacán,"Entronque Carretera Contepec — Epitacio Kilómetro 32, colonia Huerta de Tepuxtepec, Coordenadas (19° 58.905' N, 100° 15.124' 0), C. P. 61020, Población Tepuxtepec, Contepec, Michoacán","Mota-Engil Energía, S. A. de C. V.",Portugal,
744,"Grupo Romamills, S. A. de C. V.",GEN.,04/02/2016,E/1739/GEN/2016,6.58,51.84,$3.32,01/04/2016,Gas Natural,Textil,Combustión Interna,En operación,Estado de México,"Calle Alijadores número 6, Colonia Zona Industrial Xhala, C. P. 54840, Cuautitlán Izcalli, Estado de México.",Jacobo Romano Totah,México,
745,"Ciclo Combinado Tierra Mojada, S. de R. L. de C. V.",GEN.,04/02/2016,E/1740/GEN/2016,970.20,5828.00,$670.00,28/10/2020,Gas Natural,Industrias Diversas,Ciclo combinado,En operación,Jalisco,"Autopista 15 D Guadalajara - Morelia, Colonia Las Cuchillas, Coordenadas (20° 33.156' N, 103° 04.703' 0), C. P. 45439, Zapotlanejo, Jalisco",Fisterra Energy,España,
746,"Granja Generadora de Energía Solar, A. C.",GEN.,04/02/2016,E/1742/GEN/2016,2.00,12.80,$3.89,15/06/2016,Biogás,Industrias Diversas,Bioenergía,En operación,Durango,"Carretera 13 de Marzo — El Vergel Kilómetro 2.2, Col. Agrícola la Popular, Coordenadas (25° 40.937' N, 103° 28.700' 0), C. P. 35120, Gómez Palacio, Durango.","Agrícola el Eden, S.P.R. de C.V.",México,
747,"Fortius Electromecánica, S. A. de C. V.",GEN.,11/02/2016,E/1744/GEN/2016,12.83,28.81,$11.47,17/12/2018,Sol,Servicios,Fotovoltaica,En operación,Jalisco,"Fracción 2 de la Parcela 558 Z2 P1/3 del Ejido General Andrés Figueroa - Santa Catarina, Coordenadas (20° 18.795' N, 103° 35.483' 0),C. P. 45765, Zacoalco de Torres, Jalisco.",David Andrade Alcalde,México,
748,"CE G. Sanborns 2, S. A. de C. V.",GEN.,18/02/2016,E/1745/GEN/2016,1.00,8.24,$1.03,28/09/2017,Gas Natural,Comercio,Cogeneración Eficiente,En operación,Estado de México," Vía López Portillo número 1 Interior 1001, Colonia Bosques de las Lomas, Coordenadas (19° 37.925' N, 99° 07.381' 0), C. P. 55717,
Coacalco de Berriozabal, Estado de México.",Grupo Carso,México,
749,"Parque Solar Orejana, S. de R.L. de C.V.",GEN.,25/02/2016,E/1749/GEN/2016,125.05,293.70,$182.00,16/04/2019,Sol,Industrias Diversas,Fotovoltaica,En operación,Sonora,"Kilómetro 40 de la calle Treinta y Seis Norte, Rancho la Orejana, Coordenadas (29° 10.999' N, 111° 43.279' 0), C. P. 83330, Hermosillo,
Sonora",Fisterra Energy,España,Subasta 2
750,"Ingenio San Francisco Ameca, S. A. de C. V.",GEN.,25/02/2016,E/1750/GEN/2016,7.80,19.83,$7.80,17/11/2016,Bagazo de Caña,Azucarero,Bioenergía,En operación,Jalisco,"calle Dr. Luis Romero Arias número 85, colonia Centro, Coordenadas (20° 32.644' N, 104° 03.125' 0), C. P. 46600, Ameca, Jalisco.","Financiera Nacional Azucarera, S. A.",México,
751,"Láminas Acanaladas Infinita, S. A. de C. V.",GEN.,10/03/2016,E/1752/GEN/2016,3.00,16.43,$1.76,18/04/2016,Gas Natural,Papelero,Turbogás,En operación,Estado de México,"Calle Plásticos número 27, Colonia Santa Clara Coatitla, Coordenadas (19° 31.984' N, 99° 03.903' 0), C. P. 55540, Ecatepec, Estado de México.",Láminas Acanaladas,México,
752,"Pemex Exploración y Producción, Central Centro de Proceso Litoral - A",GEN.,10/03/2016,E/1754/GEN/2016,37.86,45.19,$39.16,30/06/2016,Gas Natural y Diésel,Petrolero,Combustión Interna,En operación,Tabasco,"zona de mar territorial
aproximadamente a 30 Kilómetros al norte del municipio de Centla y a
40 Kilómetros de la Ciudad de Frontera, Coordenadas (18° 52.371' N,
92° 37.442' 0), Centla, Tabasco. ",Pemex,México,
753,"Tiar Hermosillo, S. A. P. I. de C. V.",GEN.,10/03/2016,E/1756/GEN/2016,2.54,20.01,$2.98,01/03/2018,Biogás y Gas Natural,Servicios,Bioenergía,En construcción,Sonora,"Prolongación Camino del Seri
Kilómetro 4.2, Coordenadas (29° 02.158' N, 111° 03.872' 0), C. P. 83246, Hermosillo, Sonora.","Fypasa Construcciones, S. A. de C. V.",México,
754,"Iberdrola Energía Baja California, S. A. de C. V.",GEN.,10/03/2016,E/1757/GEN/2016,30.00,262.80,$3.89,08/02/2017,Gas Natural,Generador,Ciclo combinado,En operación,Baja California,"""La Joyita"", Kilómetro 21.5 de la
autopista ID Escénica Tijuana — Ensenada, Ensenada, Baja California.",Mexico Infrastructure Partners (MIP),México,
755,"Soporte de Generación Eficiente, S.A. de C.V.",GEN.,17/03/2016,E/1761/GEN/2016,949.80,7695.00,$581.88,26/09/2019,Gas Natural,Industrias Diversas,Ciclo combinado,En operación,Nuevo León,"Carretera Número 53 Monterrey-Hidalgo, kilómetro 11+230, Coordenadas (25° 52.147' N, 100° 22.009' 0), El Carmen, Nuevo León. ",Iberdrola,España,
756,"Tuto Energy II, S. A. P. I. de C. V.",GEN.,17/03/2016,E/1763/GEN/2016,137.50,401.38,$90.82,29/03/2019,Sol,Industrias Diversas,Fotovoltaica,En operación,Sonora," Carretera Puerto Libertad - Pitiquito a 5 Kilómetros del poblado
Puerto Libertad, Coordenadas (29° 59.776' N, 112° 38.646' 0), C. P. 83970,
Pitiquito Comisaría de Puerto Libertad, Sonora.",Acciona,España,
757,"Industrial Papelera San Luis, S. A. de C. V.",GEN.,28/04/2016,E/1766/GEN/2016,1.98,15.31,$2.38,01/10/2017,Gas Natural,Papelero,Combustión Interna,En operación,San Luis Potosí," Eje Sahop número 210, Colonia Zona Industrial 1a Sección,
Coordenadas 22° 07.143’ N, 100° 55.073’ O, C. P. 78395, San Luis Potosí,
San Luis Potosí.",Salvador Orozco Hernández,México,
758,"Kronos Solar Park Three, S. A. P. I. de C. V.",GEN.,28/04/2016,E/1769/GEN/2016,29.90,78.68,$47.21,31/01/2018,Sol,Industrias Diversas,Fotovoltaica,Por iniciar obras,Chihuahua," Rancho el Franqueño Carretera Santa Bárbara Kilómetro 1
de la Y, Colonia Santa Bárbara, Coordenadas 26° 51.302’ N, 105° 48.294’ O,
C. P. 33596, Santa Bárbara, Chihuahua",Kronos Solar Projects GMBH,Alemania,
759,"Impulsora Azucarera del Trópico, S. A. de C. V.",GEN.,30/05/2016,E/1781/GEN/2016,30.00,61.24,$36.00,23/01/2017,Bagazo de Caña,Azucarero,Bioenergía,En operación,Campeche,"Calle Hacienda Haltunchén, Colonia La Joya,
Coordenadas 19° 28.967’ N, 90° 40.552’ O, C. P. 24451, Champotón, Campeche","Promotora Industrial Josea, S. A. de C. V.",México,
760,"Tizayuca Textil Vuva, S. A. de C. V.",GEN.,30/05/2016,E/1784/GEN/2016,1.93,16.08,$3.00,30/09/2017,Gas Natural,Industrias Diversas,Cogeneración Eficiente,En construcción,Hidalgo,"Carretera México-Pachuca Kilómetro 50, Colonia Nacozari,
Coordenadas 19° 49.005’ N, 98° 58.539’ O, C. P. 43800, Tizayuca, Hidalgo",Salomón Romano Jafif,México,
761,"CE G. Sanborns 2, S. A. de C. V.",GEN.,30/05/2016,E/1785/GEN/2016,1.00,8.24,$1.03,25/11/2018,Gas Natural,Comercio,Cogeneración Eficiente,En operación,Ciudad de México,"Calzada Vallejo Eje 1 Poniente número 1090, Colonia Cruz de las Salinas,
Coordenadas 19° 29.274’ N, 99° 09.170’ O, C. P. 02610, Azcapotzalco, Ciudad
de México",Grupo Carso,México,
762,"Fuerza y Energía Limpia de Tizimín, S. A. de C. V.",GEN.,30/05/2016,E/1787/GEN/2016,84.00,321.10,$153.85,13/08/2018,Viento,Industrias Diversas,Eólica,En operación,Yucatán,"Kilómetro 50 Carretera Tizimín-Dzonot Carretero, Coordenadas
21° 26.561’ N, 87° 59.662’ O, C. P. 97701, Tizimín, Yucatán","Smartener, S. L.",España,Subasta 1
763,"Iberdrola Energía Noroeste, S. A. de C. V.",P.I.E.,02/06/2016,E/1789/PIE/2016,1091.59,7659.46,"$1,004.59",22/10/2019,Gas Natural,Productor Independiente,Ciclo combinado,En operación,Sinaloa," norte de la
ciudad de los Mochis, en el Municipio de Ahorne, Estado de Sinaloa,
aproximadamente a 5,0 km al Noroeste del poblado de San Miguel Zapotitlán",Mexico Infrastructure Partners (MIP),México,
764,"Solar Park Viborillas, S. de R. L. de C. V.",GEN.,09/06/2016,E/1790/GEN/2016,113.72,331.05,$109.65,28/09/2018,Sol,Industrias Diversas,Fotovoltaica,En operación,Jalisco,"carretera federal Ojuelos-Aguascalientes, kilómetro 15.5, colonia
Matancillas, coordenadas 21° 49.633’ N, 101° 43.279’ O, C. P. 47540, Ojuelos de
Jalisco, Jalisco",SCH Projects Limited,Inglaterra,Subasta 1
765,"Bio Pappel Scribe, S. A. de C. V.",GEN.,20/06/2016,E/1791/GEN/2016,32.01,168.92,$26.77,04/11/2017,Gas Natural,Papelero,Cogeneración Eficiente,En operación,Querétaro,"avenida Paseo Central número 2, interior A, colonia Barrio de San Cayetano,
C. P. 76807, San Juan del Río, Querétaro.",Kimberly Clark,Estados Unidos,
766,"Generadora Fénix, S. A. P. I. de C. V., Central Alameda",GEN.,20/06/2016,E/1792/GEN/2016,6.90,30.22,$5.57,31/07/2016,Agua,Industrias Diversas,Hidroeléctrica,En operación,Estado de México,"carretera Chalma-San Andrés, kilómetro 14.5, colonia El Platanar,
coordenadas 18° 50.717’ N, 99° 27.675’ O, C. P. 52440, Malinalco, Estado de
México","Mota-Engil Energía, S. A. de C. V.",Portugal,
767,"Atco-Ranman Energía SLP, S. A. P. I. de C. V.",GEN.,07/07/2016,E/1799/GEN/2016,12.86,144.07,$50.00,02/02/2017,Gas Natural,Industrias Diversas,Combustión Interna,En operación,San Luis Potosí,"Parque Industrial WTC-Eje 140 kilómetro 4.0, colonia Zona Industrial, coordenadas 22° 01.470’ N, 100° 53.166’ O, C. P. 78395, San Luis Potosí, San Luis Potosí. ",ATCO,Canadá,
768,"Generadora Fénix, S. A. P. I. de C. V., Central Tepexic 2",GEN.,07/07/2016,E/1800/GEN/2016,15.00,78.84,$22.50,15/07/2016,Agua,Industrias Diversas,Hidroeléctrica,En operación,Puebla,"Tlalchichila, convergencia de los rios Necaxa y Xaltepuxtla
Col. Tlalchichila
73161. Tenango de las Flores. Puebla","Mota-Engil Energía, S. A. de C. V.",Portugal,
769,"Generadora Fénix, S. A. P. I. de C. V., Central Tepexic 3",GEN.,07/07/2016,E/1801/GEN/2016,15.00,78.84,$22.50,15/07/2016,Agua,Industrias Diversas,Hidroeléctrica,En operación,Puebla,"Tlalchichila, convergencia de los rios Necaxa y Xaltepuxtla
Col. Tlalchichila
73161. Tenango de las Flores. Puebla","Mota-Engil Energía, S. A. de C. V.",Portugal,
770,"Generadora Fénix, S. A. P. I. de C. V., Central Patla 2",GEN.,07/07/2016,E/1802/GEN/2016,15.00,78.84,$22.50,15/07/2016,Agua,Industrias Diversas,Hidroeléctrica,En operación,Puebla,"Carretera a Zihuateutla Km. 75
Col. Poblado de Ocomantla
73242. Zihuateutla. Puebla","Mota-Engil Energía, S. A. de C. V.",Portugal,Subasta 2 / Adquisición
771,"Generadora Fénix, S. A. P. I. de C. V., Central Patla 3",GEN.,07/07/2016,E/1803/GEN/2016,15.00,78.84,$22.50,15/07/2016,Agua,Industrias Diversas,Hidroeléctrica,En operación,Puebla,"Carretera a Zihuateutla Km. 75
Col. Poblado de Ocomantla
73242. Zihuateutla. Puebla","Mota-Engil Energía, S. A. de C. V.",Portugal,
772,"Generadora Fénix, S. A. P. I. de C. V., Central Necaxa 1",GEN.,07/07/2016,E/1804/GEN/2016,16.00,84.10,$24.00,15/07/2016,Agua,Industrias Diversas,Hidroeléctrica,En operación,Puebla,"Carretera México Tuxpan Km 122
Col. Nuevo Necaxa
73200. Juan Galindo. Puebla","Mota-Engil Energía, S. A. de C. V.",Portugal,Subasta 2 / Adquisición
773,"Generadora Fénix, S. A. P. I. de C. V., Central Necaxa 3",GEN.,07/07/2016,E/1805/GEN/2016,8.00,42.05,$12.00,15/07/2016,Agua,Industrias Diversas,Hidroeléctrica,En operación,Puebla,"Carretera México Tuxpan Km 122
Col. Nuevo Necaxa
73200. Juan Galindo. Puebla","Mota-Engil Energía, S. A. de C. V.",Portugal,
774,"Generadora Fénix, S. A. P. I. de C. V., Central Necaxa 4",GEN.,07/07/2016,E/1806/GEN/2016,8.00,42.05,$12.00,15/07/2016,Agua,Industrias Diversas,Hidroeléctrica,En operación,Puebla,"Carretera México Tuxpan Km 122
Col. Nuevo Necaxa
73200. Juan Galindo. Puebla","Mota-Engil Energía, S. A. de C. V.",Portugal,
775,"Generadora Fénix, S. A. P. I. de C. V., Central Necaxa 5",GEN.,07/07/2016,E/1807/GEN/2016,8.00,42.05,$12.00,15/07/2016,Agua,Industrias Diversas,Hidroeléctrica,En operación,Puebla,"Carretera México Tuxpan Km 122
Col. Nuevo Necaxa
73200. Juan Galindo. Puebla","Mota-Engil Energía, S. A. de C. V.",Portugal,
776,"Generadora Fénix, S. A. P. I. de C. V., Central Necaxa 6",GEN.,07/07/2016,E/1808/GEN/2016,7.00,36.79,$10.50,15/07/2016,Agua,Industrias Diversas,Hidroeléctrica,En operación,Puebla,"Carretera México Tuxpan Km 122
Col. Nuevo Necaxa
73200. Juan Galindo. Puebla","Mota-Engil Energía, S. A. de C. V.",Portugal,Subasta 2 / Adquisición
777,"Generadora Fénix, S. A. P. I. de C. V., Central Necaxa 7",GEN.,07/07/2016,E/1809/GEN/2016,7.00,36.79,$10.50,15/07/2016,Agua,Industrias Diversas,Hidroeléctrica,En operación,Puebla,"Carretera México Tuxpan Km 122
Col. Nuevo Necaxa
73200. Juan Galindo. Puebla","Mota-Engil Energía, S. A. de C. V.",Portugal,Subasta 2 / Adquisición
778,"Generadora Fénix, S. A. P. I. de C. V., Central Necaxa 8",GEN.,07/07/2016,E/1810/GEN/2016,7.00,36.79,$10.50,15/07/2016,Agua,Industrias Diversas,Hidroeléctrica,En operación,Puebla,"Carretera México Tuxpan Km 122
Col. Nuevo Necaxa
73200. Juan Galindo. Puebla","Mota-Engil Energía, S. A. de C. V.",Portugal,Subasta 2 / Adquisición
779,"Generadora Fénix, S. A. P. I. de C. V., Central Necaxa 9 ",GEN.,07/07/2016,E/1811/GEN/2016,16.00,84.10,$24.00,15/07/2016,Agua,Industrias Diversas,Hidroeléctrica,En operación,Puebla,"Carretera México Tuxpan Km 122
Col. Nuevo Necaxa
73200. Juan Galindo. Puebla","Mota-Engil Energía, S. A. de C. V.",Portugal,
780,"Generadora Fénix, S. A. P. I. de C. V., Central Necaxa 10 ",GEN.,07/07/2016,E/1812/GEN/2016,16.00,84.10,$24.00,15/07/2016,Agua,Industrias Diversas,Hidroeléctrica,En operación,Puebla,"Carretera México Tuxpan Km 122
Col. Nuevo Necaxa
73200. Juan Galindo. Puebla","Mota-Engil Energía, S. A. de C. V.",Portugal,Subasta 2 / Adquisición
781,"Generadora Fénix, S. A. P. I. de C. V., Central Lerma 3",GEN.,07/07/2016,E/1813/GEN/2016,22.00,115.63,$33.00,15/07/2016,Agua,Industrias Diversas,Hidroeléctrica,En operación,Michoacán,"Entronque Carretera Contepec-Epitacio Km 32
Huerta de Tepuxtepec, Tepuxtepec
61020. Contepec. Michoacán.","Mota-Engil Energía, S. A. de C. V.",Portugal,
782,"Energía MK KF, S. A. de C. V.",GEN.,04/08/2016,E/1815/GEN/2016,4.07,35.65,$3.66,17/01/2018,Gas Natural,Industrias Diversas,Turbogás,En operación,Tamaulipas,"Boulevard de los Rios núm. 460
Col. Zona puerto industrial
89600. Altamira. Tamaulipas",Grupo Kaltex,México,
783,"Granjas Carroll de México, S. de R. L. de C. V., Central Perote",GEN.,12/08/2016,E/1822/GEN/2016,7.48,60.28,$7.30,15/05/2017,Gas Natural,Agricultura y Ganadería,Cogeneración Eficiente,En operación,Veracruz,"Carretera Federal Puebla-Xalapa Km 91
Col. San Antonio Limón Totalco
91282. Perote. Veracruz","Agroindustrias Unidas de México, S. A. de C. V.",Estados Unidos,
784,"Granjas Carroll de México, S. de R. L. de C. V., Central Cuyoaco",GEN.,12/08/2016,E/1823/GEN/2016,1.08,7.82,$0.83,15/05/2017,Biogás,Agricultura y Ganadería,Bioenergía,En operación,Puebla,"Camino Rural Texcal a Tezontepec
Col. Cuyoaco
73986. Cuyoaco. Puebla","Agroindustrias Unidas de México, S. A. de C. V.",Estados Unidos,
785,"Recurrent Energy México Development, S. de R. L. de C. V.",GEN.,18/08/2016,E/1825/GEN/2016,60.80,158.11,$90.00,20/12/2018,Sol,Generador,Fotovoltaica,En operación,Aguascalientes,"Asentamiento San Bartolo, tipo Ranchería
20395. Aguascalientes. Aguascalientes","Recurrent Energy Lux Holdings, S. A. R. L.",Luxemburgo,Subasta 1
786,"Central Anáhuac, S. A. de C. V.",GEN.,01/09/2016,E/1829/GEN/2016,49.40,346.00,$6.70,01/02/2017,Gas Natural,Generador,Ciclo combinado,En operación,Tamaulipas,"Calle Este 124 a Este 123, Sur 67 a Sur 67+400, colonia Agrícola Anáhuac, coordenadas 25° 48.092’ N, 97° 47.134’ O, C. P. 87500, Valle Hermoso, Tamaulipas. ",Mitsui,Japón,
787,"Central Valle Hermoso, S. A. de C. V.",GEN.,01/09/2016,E/1830/GEN/2016,49.90,372.00,$6.70,01/02/2017,Gas Natural,Generador,Ciclo combinado,En operación,Tamaulipas,"Calle Este 124 a Este 123, Sur 67 a Sur 67+400, colonia Agrícola Anáhuac, coordenadas 25° 47.920’ N, 97° 47.135’ O, C. P. 87500, Valle Hermoso, Tamaulipas.",Mitsui,Japón,
788,"Central Lomas de Real, S. A. de C. V.",GEN.,01/09/2016,E/1831/GEN/2016,49.40,389.00,$6.70,01/02/2017,Gas Natural,Generador,Ciclo combinado,En operación,Tamaulipas,"Calle Este 124 a Este 123, Sur 67 a Sur 67+400, colonia Agrícola Anáhuac, coordenadas 25° 48.014’ N, 97° 47.136’ O, C. P. 87500, Valle Hermoso, Tamaulipas.",Mitsui,Japón,
789,"Central Saltillo, S. A. de C. V.",GEN.,01/09/2016,E/1832/GEN/2016,50.00,372.00,$6.70,01/02/2017,Gas Natural,Generador,Ciclo combinado,En operación,Coahuila,"Boulevard Magna 2500, Parque Industrial Santa María, coordenadas 25° 35.600’ N, 100° 54.533’ O C. P. 25947, Ramos Arizpe, Coahuila.",Mitsui,Japón,
790,"Fabricaciones Especializadas, S. A. de C. V.",GEN.,01/09/2016,E/1833/GEN/2016,1.00,6.01,$0.81,29/07/2017,Gas Natural,Industrias Diversas,Combustión Interna,En operación,Durango,"Carretera Gómez Palacio-Francisco I. Madero km 11, poblado Ejido San Sebastián, coordenadas 25° 39.350’ N, 103° 25.540’ O, C. P. 35140, Gómez Palacio, Durango.",Carlos Israel González Elizondo,México,
791,"Sabormex, S. A. de C. V.",GEN.,14/09/2016,E/1839/GEN/2016,3.00,25.04,$3.00,01/10/2017,Gas Natural,Alimentos,Cogeneración Eficiente,En operación,Puebla,"Resurrección Sur número 302, fraccionamiento Industrial Resurrección, coordenadas 19° 04.746’ N, 98° 08.915’ O, C. P. 72228, Puebla, Puebla.","Grupo JUMEX, S. A. de C. V.",México,
792,"Parque Solar Villanueva Tres, S. A. de C. V.",GEN.,21/09/2016,E/1844/GEN/2016,275.00,811.80,$339.50,25/09/2018,Sol,Generador,Fotovoltaica,En operación,Coahuila,"Carretera federal Saltillo-Matamoros 40D km 20.5, colonia Ejido San Juan Villanueva, coordenadas 25° 33.519’ N, 103° 01.877’ O, C. P. 27488, Viesca, Coahuila.",Enel Green Power,Italia,Subasta 1
793,"Villanueva Solar, S. A. de C. V.",GEN.,21/09/2016,E/1845/GEN/2016,363.00,1070.30,$436.00,25/09/2018,Sol,Generador,Fotovoltaica,En operación,Coahuila,"Carretera federal Saltillo-Matamoros 40D km 20.5, Ejido San Juan de Villanueva, coordenadas 25° 33.508’ N, 103° 02.589’ O, C. P. 27488, Viesca, Coahuila",Enel Green Power,Italia,Subasta 1
794,"Proyectos Hidroeléctricos de Puebla, S. A. de C. V.",GEN.,28/09/2016,E/1846/GEN/2016,17.90,120.37,$31.00,03/01/2022,Agua,Generador,Hidroeléctrica,Por iniciar obras,Puebla,"Río Coyolapa, colonia Pozotitla, coordenadas 18° 24.165’ N, 96° 52.982’ O, C. P. 75930, Zoquitlán, Puebla.",Grupo Ferrominero,México,
795,"CFE - Generación III, Central Ciclo Combinado Agua Prieta II",GEN.,28/09/2016,E/1847/GEN/2016,409.10,3355.31,$560.70,06/10/2016,Gas Natural y Vapor,Generador,Ciclo combinado,En operación,Sonora,"Ejido Agua Prieta en la carretera federal Agua Prieta-Nacozari km 187+835, coordenadas 31° 15.871’ N, 109° 35.683’ O, C. P. 84269, Agua Prieta, Sonora.",Comisión Federal de Electricidad,México,Subasta 2 / Adquisición
796,"Parque Solar Don José, S. A. de C. V.",GEN.,28/09/2016,E/1849/GEN/2016,250.00,651.00,$314.30,28/09/2018,Sol,Generador,Fotovoltaica,En operación,Guanajuato,"Carretera federal 57 Querétaro-San Luis Potosí km 92, coordenadas 21° 19.707’ N, 100° 37.259’ O, C. P. 37914, San Luis de la Paz, Guanajuato.",Enel Green Power,Italia,Subasta 1
797,"Fermicaise, S. A. de C. V.",GEN.,13/10/2016,E/1852/GEN/2016,15.84,109.04,$6.30,30/04/2017,Gas Natural,Farmacéutica,Combustión Interna,En operación,Ciudad de México,"Reforma número 873, colonia San Nicolás Tolentino, coordenadas 19° 19.520’ N, 99° 05.188’ O, C. P. 09850, Iztapalapa, Ciudad de México.","Agrupación Internacional de Servicios Energéticos, S. A.",España,
798,"Electricidad Águila de Altamira, S. de R. L. de C. V.",GEN.,13/10/2016,E/1854/GEN/2016,49.40,368.00,$50.08,01/02/2017,Gas Natural,Generador,Ciclo combinado,En operación,Tamaulipas,"Lomas del Real a 30 km de la Cd. de Tampico en la carretera Puerto Industrial-Tampico, Altamira, C. P. 89630 Tamaulipas",Mitsui,Japón,
799,"Multiservicios 2001, S. A. de C. V.",GEN.,10/11/2016,E/1861/GEN/2016,1.17,9.65,$1.60,01/12/2017,Gas Natural,Agricultura y Ganadería,Combustión Interna,En operación,Guanajuato,"Carretera La Piedad-Ciudad Manuel Doblado km 1, localidad Santa Ana Pacueco, coordenadas 20° 22.162’ N, 102° 00.189’ O, C. P. 36910, Pénjamo, Guanajuato.",Guillermo García León,México,
800,"Generadora Fénix, S. A. P. I. de C. V.",GEN.,17/11/2016,E/1862/GEN/2016,2.20,11.56,$4.20,01/01/2021,Agua,Generador,Hidroeléctrica,En operación,Estado de México,"Calzada de la Planta número 5, colonia Centro, coordenadas 19° 02.735' N, 100° 02.697' O, C. P. 51300, Temascaltepec, Estado de México.","Mota-Engil Energía, S. A. de C. V.",Portugal,
801,"Generadora Fénix, S. A. P. I. de C. V.",GEN.,17/11/2016,E/1863/GEN/2016,5.30,27.86,$5.10,01/01/2021,Agua,Generador,Hidroeléctrica,En construcción,Puebla,"kilómetro 1.3 del camino Totolapa-Tezcapa, colonia El Sifón, población Totolapa, coordenadas 20° 11.585’ N, 98° 02.896’ O, C. P. 73165, Huachinango, Puebla.","Mota-Engil Energía, S. A. de C. V.",Portugal,
802,"Generadora Fénix, S. A. P. I. de C. V.",GEN.,17/11/2016,E/1864/GEN/2016,1.20,6.31,$2.30,01/01/2021,Agua,Generador,Hidroeléctrica,En construcción,Hidalgo,"Felipe Ángeles S/N, colonia El Cerrito, población La Cruz, coordenadas 20° 15.661' N, 99° 11.685' O, C. P. 42730, La Cruz, Progreso de Obregón, Hidalgo.","Mota-Engil Energía, S. A. de C. V.",Portugal,
803,"Generadora Fénix, S. A. P. I. de C. V.",GEN.,17/11/2016,E/1865/GEN/2016,1.20,6.31,$2.30,01/01/2021,Agua,Generador,Hidroeléctrica,En construcción,Hidalgo,"Camino a Juandhó-La Cañada S/N, colonia Cañada, coordenadas 20° 10.308’ N, 99° 11.355’ O, C. P. 42700, Mixquiahuala de Juárez, Hidalgo.","Mota-Engil Energía, S. A. de C. V.",Portugal,
804,"Generadora Fénix, S. A. P. I. de C. V.",GEN.,17/11/2016,E/1866/GEN/2016,3.00,15.77,$4.10,01/01/2021,Agua,Generador,Hidroeléctrica,En construcción,Hidalgo,"kilómetro 6 de la carretera Tlahuelilpan-Juandhó, población Juandhó, coordenadas 20° 09.125’ N, 99° 11.272’ O, C. P. 42940, Tetepango, Hidalgo","Mota-Engil Energía, S. A. de C. V.",Portugal,
805,"Generadora Fénix, S. A. P. I. de C. V.",GEN.,17/11/2016,E/1867/GEN/2016,1.20,6.31,$2.30,01/01/2021,Agua,Generador,Hidroeléctrica,En construcción,Hidalgo,"Carretera Honey-Apahuatla, población Santa Ana Tzacuala, coordenadas 20° 15.476' N, 98° 11.537' O, C. P. 43734, Acaxochitlán Hidalgo","Mota-Engil Energía, S. A. de C. V.",Portugal,
806,"Generadora Fénix, S. A. P. I. de C. V.",GEN.,17/11/2016,E/1868/GEN/2016,7.84,15.42,$10.20,01/01/2021,Sol,Generador,Fotovoltaica,En construcción,Hidalgo,"Juandhó-La Cañada S/N, colonia Cañada, coordenadas 20° 10.311’ N, 99° 11.351’ O, C. P. 42700, Mixquiahuala de Juárez, Hidalgo","Mota-Engil Energía, S. A. de C. V.",Portugal,
807,"Generadora Fénix, S. A. P. I. de C. V.",GEN.,17/11/2016,E/1869/GEN/2016,4.90,9.64,$7.00,01/01/2021,Sol,Generador,Fotovoltaica,En construcción,Estado de México,"Avenida Toluca y Primero de Mayo S/N, Barrio 2, población Villa Cuauhtémoc, coordenadas 19° 24.134' N, 99° 33.913' O, C. P. 52080, Otzolotepec, Estado de México.","Mota-Engil Energía, S. A. de C. V.",Portugal,
808,"Tuli Energía, S. de R. L. de C. V.",GEN.,24/11/2016,E/1870/GEN/2016,165.00,411.00,$202.00,21/12/2019,Sol,Generador,Fotovoltaica,En operación,Zacatecas,"kilómetro 137 de la carretera 54 Zacatecas-Saltillo, aproximadamente a 107 kilómetros al norte de la población de Villa de Cos y a 108 kilómetros al sur de la población de Concepción del Oro, coordenadas 23° 55.272’ N, 101° 45.665’ O, C. P. 98279, Mazapil","Capital en Proyectos de Energía, S. A. P. I. de C. V.",México,
809,"Operadora Tecnoambiental SEA, S. A. de C. V.",GEN.,30/11/2016,E/1873/GEN/2016,4.28,34.10,$4.79,30/06/2018,Gas Natural,Generador,Cogeneración Eficiente,En operación,Ciudad de México,"Bulevard Adolfo López Mateos número 2551, colonia Lomas de San Ángel Inn, coordenadas 19° 20.649’ N, 99° 12.221’ O, Álvaro Obregón, C. P. 01790, Ciudad de México","Proyectos Tecnoambientales SEA, S. A. P. I. de C. V.",México,
810,"Energía Renovable del Istmo II, S. A. de C. V.",GEN.,08/12/2016,E/1875/GEN/2016,183.00,700.33,$245.00,01/09/2018,Viento,Generador,Eólica,En operación,Tamaulipas,"kilómetro 88+568.4 de la carretera San Fernando-Reynosa tramo Tejón-Reynosa, predio rústico Santa Cruz, coordenadas 25° 49.090’ N, 98° 13.682’ O, C. P. 88786, Reynosa, Tamaulipas.",Amda Energía,España,Subasta 1
811,"Cúbico Alten Aguascalientes Dos, S. A. P. I. de C. V.",GEN.,20/12/2016,E/1880/GEN/2016,140.00,405.62,$150.38,16/01/2019,Sol,Generador,Fotovoltaica,En operación,Aguascalientes,"camino vecinal entre la carretera estatal 159 y antigua carretera a San Luis, a una distancia aproximada de 20 kilómetros al este de la ciudad de Aguascalientes, coordenadas 21° 51.637’ N, 102° 04.754’ O, C. P. 20338, El Llano, Aguascalientes","Alten Energías Renovables,",España,Subasta 2
812,"Parque Salitrillos, S. A. de C. V.",GEN.,19/01/2017,E/1883/GEN/2017,103.50,413.04,$139.90,29/01/2021,Viento,Generador,Eólica,En operación,Tamaulipas,"kilómetro 16+500 de la carretera interestatal El Becerro, Rancho Los Ébanos, coordenadas 25° 54.362’ N, 98° 27.396’ O, C. P. 88796, Reynosa, Tamaulipas.",Enel Green Power,Italia,Subasta 2
813,"Recursos Solares PV de México IV, S. A. de C. V.",GEN.,02/02/2017,E/1888/GEN/2017,126.00,342.63,$124.40,27/09/2019,Sol,Generador,Fotovoltaica,En operación,Aguascalientes,"kilómetro 12 de la carretera 36, colonia Los Cuervos, al sureste de la cabecera Municipal de Aguascalientes, coordenadas 21° 44.050’ N, 102° 10.467’ O, C. P. 20395, Aguascalientes, Aguascalientes.","Desarrollos Solares Mexicanos, S. L.",España,Subasta 2
814,"Parque Amistad II, S. A. de C. V.",GEN.,16/02/2017,E/1891/GEN/2017,102.95,396.08,$139.49,25/05/2024,Viento,Generador,Eólica,En operación,Coahuila,"Predio rústico Rancho San Ignacio con acceso a 60 kilómetros por el camino rural existente perpendicular a la carretera Presa de la Amistad, colonia Jurisdicción de Acuña, coordenadas 29° 43.828’ N, 101° 38.939’ O, C. P. 26248, Acuña, Coahuila de Zaragoza",Enel Green Power,España,Subasta 3
815,"Energía Azteca X, S. A. de C. V.",GEN.,16/02/2017,E/1892/GEN/2017,298.62,2424.97,$221.64,20/07/2003,Gas Natural,Generador,Ciclo combinado,En operación,Baja California," Predio “Las Palmas” lote 45, a 20 km de Mexicali, colonia Progreso, Sección
Cuarta del Municipio de Mexicali, carretera número 2 Mexicali-Tijuana, Baja
California.",Saavi,Reino Unido,
816,"Helios Generación, S. de R. L. de C. V.",GEN.,16/03/2017,E/1902/GEN/2017,165.00,411.00,$202.00,01/09/2019,Sol,Generador,Fotovoltaica,En operación,Zacatecas,"rancho El Tulillo, en el kilómetro 137 de la carretera México 54 Zacatecas-Saltillo, coordenadas 23° 54.426’ N, 101° 45.210’ O, C. P. 98279, Mazapil, Zacatecas.",Cemex,México,
817,"Energía Sierra Juárez Holding, S. de R. L. de C. V.",GEN.,31/03/2017,E/1904/GEN/2017,44.62,129.00,$52.62,28/02/2021,Sol,Generador,Fotovoltaica,En operación,Baja California,"kilómetro 42 de la carretera federal 2D Mexicali-Tijuana, coordenadas 32° 34.267’ N, 115° 54.668’ O, C. P. 21510, Tecate, Baja California",Sempra Energy,Estados Unidos,Subasta 2
818,"Elan Energy Generadora Dos, S. A. P. I. de C. V.",GEN.,31/03/2017,E/1905/GEN/2017,5.65,22.56,$4.83,31/07/2023,Gas Natural,Generador,Cogeneración Eficiente,En operación,Estado de México,"kilómetro 39.3 de la carretera México-Querétaro, fraccionamiento Industrial La Luz, coordenadas 19° 40.956' N, 99° 12.012' O, C. P. 54716, Cuautitlán Izcalli, Estado de México",Elan,Chile,
819,"X-Elio FV Conejos Medanos, S. A. P. I. de C. V.",GEN.,12/04/2017,E/1907/GEN/2017,80.00,193.77,$97.55,23/07/2022,Sol,Generador,Fotovoltaica,En operación,Chihuahua,"kilómetro 343 de la carretera federal 45 Ciudad Juárez-Ascensión, coordenadas 31° 32.544’ N, 106° 29.267’ O, C. P. 32674, Ciudad Juárez, Chihuahua.","X-Elio Energy, S. L.",España,Subasta 2
820,"México Generadora de Energía, S. de R. L.",GEN.,12/04/2017,E/1908/GEN/2017,130.00,1139.00,$131.79,01/12/2013,Gas Natural,Generador,Ciclo combinado,En operación,Sonora,"km 21 de la carretera Federal No. 17 Agua Prieta-Nacozari de García, Nacozari de García, Sonora.",Grupo México,México,
821,"Iberdrola Energía Topolobampo, S. A. de C. V.",P.I.E.,04/05/2017,E/1910/PIE/2017,868.12,6427.00,$880.10,01/12/2023,Gas Natural,Productor Independiente,Ciclo combinado,En operación,Sinaloa,"Choacahui II, localizado al norte de la ciudad de Los Mochis, aproximadamente a cinco kilometros al Noroeste del poblado de San Miguel Zapotitlán, a la altura del km 19+350 de la carretera federal numero 15 Los Mochis-Navojoa",Mexico Infrastructure Partners (MIP),México,
822,"Horus Solar, S. A. de C. V.",GEN.,01/06/2017,E/1915/GEN/2017,95.00,246.80,$101.65,01/02/2023,Sol,Generador,Fotovoltaica,En operación,Aguascalientes,"Caminos Ejidales, en el Ejido Emiliano Zapata, aproximadamente a 8 kilómetros del centro de la ciudad de Pabellón de Arteaga y a 25 kilómetros al norte de la ciudad de Aguascalientes, coordenadas 22° 05.778' N, 102° 19.441' O, C. P. 20665, Pabellón de Art","Dhamma Energy Management, S. L.",España,Subasta 3
823,"FRV Potosí Solar, S. de R. L. de C. V.",GEN.,29/06/2017,E/1919/GEN/2017,329.00,887.96,$270.00,11/05/2019,Sol,Generador,Fotovoltaica,En operación,San Luis Potosí,"hacienda El Divisadero, en el kilómetro 2 de la carretera estatal número 15 El Barril-Los Hernández, colonia Los Hernández, coordenadas 23° 04.187’ N, 102° 04.490’ O, C. P. 78670, Villa de Ramos, San Luis Potosí","FRV Solar Holdings VI, B. V.",España,Subasta 2
824,"Generadora Fénix, S. A. P. I. de C. V., Central Jorge Luque",GEN.,29/06/2017,E/1920/GEN/2017,1660.00,13815.00,"$1,393.85",13/08/2027,Gas Natural,Generador,Ciclo combinado,Por iniciar obras,Estado de México,"kilómetro 22.5 de la carretera México-Cuautitlán, colonia Lechería, coordenadas 19° 37.144’ N, 99° 11.416’ O, C. P. 54940, Tultitlán, Estado de México.","Mota-Engil Energía, S. A. de C. V.",Portugal,
825,"Fuerza y Energía de Tuxpan, S. A. de C. V.",GEN.,29/06/2017,E/1921/GEN/2017,150.00,1275.00,$30.00,01/02/2020,Gas Natural,Generador,Ciclo combinado,En operación,Veracruz,"kilómetro 9 de la carretera Aire Libre-Chile Frío, Ejido de Villamar, coordenadas 20° 50.463’ N, 97° 15.137’ O, C. P. 92800, Tuxpan, Veracruz Ignacio de la Llave.",Naturgy,España,
826,"Eólica de Oaxaca, S. A. P. I. de C. V.",GEN.,29/06/2017,E/1922/GEN/2017,252.00,825.70,$300.00,01/06/2019,Viento,Generador,Eólica,Por iniciar obras,Oaxaca,"kilómetro 2+060 de la carretera Panamericana 190 Juchitán de Zaragoza-Tapachula, La Ventosa, coordenadas 16° 33.735’ N, 94° 53.464’ O, C. P. 70102, entre los municipios de Juchitán de Zaragoza y Unión Hidalgo, Oaxaca",EDF,Francia,Subasta 2
827,"ENR Ags, S. A. de C. V.",GEN.,29/06/2017,E/1923/GEN/2017,300.00,912.50,$330.00,17/11/2019,Sol,Generador,Fotovoltaica,En operación,Aguascalientes,"kilómetro 18 de la carretera federal Aguascalientes-San Luis Potosí, a la altura de la comunidad de San Isidro, coordenadas 21° 51.501’ N, 102° 07.509’ O, C. P. 20338, El Llano, Aguascalientes.",Neon SAS,Francia,Subasta 3
828,"Central Generadora Eléctrica Huinalá, S. de R. L. de C. V.",GEN.,29/06/2017,E/1925/GEN/2017,22.50,1224.62,$131.81,01/09/2018,Gas Natural,Generador,Combustión Interna,En operación,Nuevo León,"Capri 112, colonia Parque Industrial Propark, C.P. 66670, localidad Dulces Nombres, Municipio de Pesquería, Nuevo León.",Gala Assets Corporation,Panamá,
829,"Petstar, S. A. P. I. de C. V.",GEN.,13/07/2017,E/1926/GEN/2017,2.00,17.52,$4.69,01/08/2017,Gas Natural,Generador,Turbogás,En operación,Estado de México,"kilómetro 1.5 de la carretera libre Toluca-Atlacomulco, lote N1, Parque Industrial San Cayetano, coordenadas 19° 25.212’ N, 99° 43.145’ O, C. P. 50295, Toluca, Estado de México.","Arca Continental, S. A. B. de C. V.",México,
830,"Energía Costa Azul, S. de R. L. de C. V., Central II",GEN.,13/07/2017,E/1927/GEN/2017,227.61,1846.00,$226.75,16/12/2029,Agua y Gas Natural,Industrias Diversas,Turbogás,En construcción,Baja California,"kilómetro 81.2 de la carretera escénica Tijuana-Ensenada, colonia El Sauzal, coordenadas 31° 59.382’ N, 116° 51.028’ O, C. P. 22760, Ensenada, Baja California .",Sempra Energy,Estados Unidos,
831,"Cuprum, S. A. de C. V.",GEN.,13/07/2017,E/1928/GEN/2017,1.97,16.36,$2.09,01/11/2017,Gas Natural,Industrias Diversas,Combustión Interna,En operación,Estado de México,"Avenida La Presa número 290, colonia San Juan Ixhuatepec, coordenadas 19° 31.940’ N, 99° 06.987’ O, C. P. 54180, Tlalnepantla de Baz, Estado de México.",Cuprum,México,
832,"Papeles y Conversiones de México, S. A. de C. V., Central II",GEN.,13/07/2017,E/1930/GEN/2017,20.60,178.64,$9.50,01/03/2025,Gas Natural,Papelero,Turbogás,En operación,Nuevo León,"Avenida Alborada 535, colonia Parque Industrial FINSA, coordenadas 25° 41.274’ N, 100° 07.892’ O, C. P. 67190, Guadalupe, Nuevo León.",PCM,México,
833,"ESJ Renovable II, S. de R. L. de C. V.",GEN.,03/08/2017,E/1936/GEN/2017,110.00,325.00,$108.80,11/12/2023,Sol,Generador,Fotovoltaica,En operación,Sonora,"Kilómetro 56 de la carretera Caborca-Desemboque, 
Cercano al poblado La Y Griega, Caborca,
83734, Sonora.",IENOVA,México,
834,"X-Elio FV Xoxocotla, S. A. P. I. de C. V.",GEN.,03/08/2017,E/1940/GEN/2017,70.00,169.37,$85.20,11/01/2021,Sol,Generador,Fotovoltaica,En operación,Morelos,"Zona parcelada 1, ejido Villa de Ayala, a 4 km de Moyotepec por la carretera Galeana-Cuautla dirección a Tlaltizapán, y a 3 km por el camino de terracería en dirección al ejido, coord. 18° 45.381’ N, 99° 04.219’ O, C. P. 62700, Ayala, Morelos.","X-Elio Energy, S. L.",España,Subasta 2
835,"Ingenio San Nicolás, S. A. de C. V.",GEN.,03/08/2017,E/1941/GEN/2017,20.50,67.00,$2.20,15/09/2018,Bagazo de Caña,Azucarero,Bioenergía,En operación,Veracruz,"Carretera Córdoba-Cuichapa, colonia Cobos
García, coordenadas 18° 47.410’ N, 96° 54.037’ O, C. P. 94920, Cuichapa,
Veracruz de Ignacio de la Llave.
",Mauricio Merikanskas Berkovsky,México,
836,"Iberia Renovables Durango, S. A. P. I. de C. V.",GEN.,03/08/2017,E/1942/GEN/2017,100.00,264.60,$148.20,30/10/2024,Sol,Generador,Fotovoltaica,En operación,Durango,"ejido José Guadalupe Aguilera s/n en el km 46+150 de la carretera
federal No. 45 Victoria de Durango-José Guadalupe Aguilera, coordenadas
24° 21.983’ N, 104° 39.050’ O, C. P. 34465, Canatlán, Durango.
","Iberia Renovables México, S. A. P. I. de C. V.",España,
837,"Dolores Wind, S. A. de C. V.",GEN.,17/08/2017,E/1945/GEN/2017,273.90,1085.00,$338.60,07/04/2021,Viento,Generador,Eólica,En operación,Nuevo León,"Rancho Dolores, en el kilómetro 57.5 de la carretera China-Méndez, , coordenadas 25° 27.826’ N, 98° 34.687’ O, C. P. 67050, China, Nuevo León.",Enel Green Power,España,Subasta 3
838,"CE G. Sanborns 2, S. A. de C. V.",GEN.,17/08/2017,E/1947/GEN/2017,1.00,8.24,$1.20,05/07/2019,Gas Natural,Comercio,Combustión Interna,En operación,Querétaro,"Avenida Constituyentes Oriente número 40, colonia Las Alamedas,
coordenadas 20° 35.084’ N, 100° 22.864’ O, C. P. 76040, Querétaro, Querétaro.
",Grupo Carso,México,
839,"Vega Solar 6, S. A. P. I. de C. V.",GEN.,17/08/2017,E/1948/GEN/2017,116.00,319.74,$145.60,24/01/2021,Sol,Generador,Fotovoltaica,En operación,Hidalgo,"Rancho Loma de Pachuquilla, a 2.7 kilómetros al noroeste del
kilómetro 121 de la carretera México-Querétaro, colonia Ranchería de Dañu,
coordenadas 20° 11.233’ N, 99° 44.160’ O, C. P. 42480, Nopala de Villagrán,
Hidalgo.
","JDA Overseas Holding, L. L. C.",Estados Unidos,Subasta 1
840,"Bio Pappel Scribe, S. A. de C. V.",GEN.,17/08/2017,E/1949/GEN/2017,11.60,96.54,$7.30,01/10/2017,Vapor,Papelero,Termoeléctrica Convencional,En operación,Veracruz,"km 66.5 de la Carretera La Tinaja-Ciudad Alemán,
Colonia Barrio del Cantil,  Tres Valles,
95300, Veracruz.",Kimberly Clark,Estados Unidos,
841,"BNB Villa Ahumada Solar, S. de R. L. de C. V.",GEN.,14/09/2017,E/1953/GEN/2017,150.00,449.05,$145.20,07/02/2020,Sol,Generador,Fotovoltaica,En operación,Chihuahua,"kilómetro 184 de la carretera 45 Chihuahua-Juárez
aproximadamente a 50 kilómetros de la ciudad Villa Ahumada, colonia
Moctezuma Estación, coordenadas 30° 10.570’ N, 106° 28.390’ O, C. P. 32840,
Ahumada, Chihuahua.
",Engie,Francia,Subasta 3
842,"CFE - Generación III, Central Empalme I",GEN.,14/09/2017,E/1954/GEN/2017,783.57,4359.03,$884.10,14/03/2018,Gas Natural,Generador,Ciclo combinado,En operación,Sonora,"kilómetro 3 de la carretera a playa Cochórit, el
acceso a la central es por la carretera federal 15 Ciudad Obregón-Guaymas,
aproximadamente a la altura del kilómetro 110+500, coordenadas 27° 55.134’ N,
110° 46.832’ O, C. P. 85520, Empalme, Sonora
",Comisión Federal de Electricidad,México,
843,"KYB México, S. A. de C. V.",GEN.,14/09/2017,E/1955/GEN/2017,3.50,25.60,$2.80,30/10/2017,Gas Natural,Manufacturero,Combustión Interna,En construcción,Guanajuato,"circuito San Roque Norte
número 300, colonia Santa Fe II, coordenadas 21° 01.411’ N, 101° 28.608’ O,
C. P. 36275, Silao, Guanajuato.
",KYB Corporation,Japón,
844,"EGP Magdalena Solar, S. A. de C. V.",GEN.,14/09/2017,E/1957/GEN/2017,220.00,609.06,$187.40,25/05/2020,Sol,Generador,Fotovoltaica,En operación,Tlaxcala,"Camino estatal La Magdalena Soltepec – San Lorenzo Soltepec, a
8.7 kilómetros desde la intersección de la carretera Apan – La Unión, localidad
La Magdalena Soltepec, coordenadas 19° 35.389’ N, 98° 18.525’ O, C. P. 90260,
entre los municipios de Tlaxco y H",Enel Green Power,Italia,
845,"Eólica Mesa La Paz, S. de R. L. de C. V.",GEN.,29/09/2017,E/1961/GEN/2017,306.00,1170.00,$404.70,31/12/2019,Viento,Generador,Eólica,En operación,Tamaulipas,"kilómetro 18 de la carretera
83 Zaragoza-Victoria, coordenadas 23° 19.875’ N, 98° 49.484’ O, C. P. 87209,
Llera, Tamaulipas.
",Frontera Renovable,Estados Unidos,
846,"Eólica Tres Mesas 4, S. de R. L. de C. V.",GEN.,29/09/2017,E/1962/GEN/2017,95.70,417.90,$143.40,31/07/2020,Viento,Generador,Eólica,En operación,Tamaulipas,"kilómetro 181+500 de la carretera 85 Llera de Canales-Ciudad Victoria,
coordenadas 23° 23.962’ N, 98° 58.654’ O, C. P. 87209, Llera, Tamaulipas.
",Engie,Francia,Subasta 3
847,"Pemcorp Energy, S. A. P. I. de C. V.",GEN.,29/09/2017,E/1964/GEN/2017,131.72,1154.00,$148.50,20/10/2018,Gas Natural,Generador,Ciclo combinado,En operación,Nuevo León,"Capri número 112, colonia Parque Industrial Propark, coordenadas
25° 44.643' N, 100° 03.415' O, C. P. 66673, Pesquería, Nuevo León
",Pemcopr,Estados Unidos,
848,"Salsipuedes Solar, S. A. de C. V.",AUT.,29/09/2017,E/1966/AUT/2017,30.00,82.58,$45.00,08/05/2020,Sol,Generador,Fotovoltaica,En operación,San Luis Potosí,"Predio rustico del Rancho Palmas Anchas, en el cruce de la carretera estatal Rincón de Lejias – Villa de Arista y la Carretera Municipal Derramaderos, Col. Villa de Arista, Coordenadas 22° 37.351’N, 100°51.871’O, CP 78940, Villa de Arista, San Luis Potosí","Intier Automotive Interiors de Saltillo, S. A. de C. V.",México,
849,"Parque Amistad III, S. A. de C. V.",GEN.,12/10/2017,E/1968/GEN/2017,108.00,404.90,$121.30,20/12/2024,Viento,Generador,Eólica,En operación,Coahuila,"Predio rústico del Ejido Braulio Fernández Aguirre, aproximadamente a
75 kilómetros por camino rural perpendicular a la carretera Presa de la Amistad,
coordenadas 29° 36.359’ N, 101° 42.083’ O, C. P. 26248, Acuña, Coahuila.
","Impulsora Nacional de Electricidad, S. de R. L. de C. V.",España,Subasta 3
850,"Green Park Energy, S.A. de C.V.",GEN.,26/10/2017,E/1974/GEN/2017,220.80,560.70,$298.90,18/12/2020,Sol,Generador,Fotovoltaica,En operación,Puebla,"kilómetro 44 de la carretera 129D, dentro del
predio denominado Ex Hacienda Pochitntoc, coordenadas 19° 34.458’ N,
97° 35.670’ O, C. P. 73986, Cuyoaco, Puebla.
",Iberdrola,España,
851,"CFE - Generación III, Central Empalme II",GEN.,16/11/2017,E/1983/GEN/2017,807.24,6882.11,$725.30,29/11/2018,Gas Natural,Generador,Ciclo combinado,En operación,Sonora,"kilómetro 2.9 de la carretera a playa Cochórit, el acceso a la central
es por la carretera federal 15 Ciudad Obregón-Guaymas, aproximadamente a la
altura del kilómetro 110+500, coordenadas 27° 55.470’ N, 110° 46.966’ O,
C. P. 85520, Empalme, Sonora.
",Comisión Federal de Electricidad,México,
852,"ENR NL, S. A. de C. V., Central Pachamama II",GEN.,16/11/2017,E/1984/GEN/2017,330.00,981.40,$355.00,31/12/2022,Sol,Generador,Fotovoltaica,Por iniciar obras,Puebla,"Ejido Itzoteno, en el kilómetro 250 de la carretera federal Ciudad de
México-Veracruz vía Xalapa, coordenadas 19° 26.982' N, 97° 24.343' O, C. P.
73990, Tepeyahualco, Puebla",Neon SAS,Francia,
853,"EVM Energía del Valle de México Generador, S. A. P. I. de C. V.",GEN.,16/11/2017,E/1985/GEN/2017,850.00,7148.15,$875.70,01/01/2021,Gas Natural,Generador,Ciclo combinado,En operación,Estado de México,"kilómetro 15+060 de la carretera Otumba-Ciudad Sahagún, interior 1,
coordenadas 19° 44.658’ N, 98° 40.495’ O, C. P. 55965, Axapusco, Estado de
México","EVM Energía del Valle de México, S. A. P. I. de C. V.",México,
854,"Mitre Calera Solar, S. de R. L. de C. V.",GEN.,16/11/2017,E/1989/GEN/2017,80.30,207.48,$72.81,28/02/2023,Sol,Generador,Fotovoltaica,En operación,Zacatecas,"kilómetro 22 de la carretera federal 45 Fresnillo-Zacatecas,
coordenadas 22° 55.417’ N, 102° 40.383’ O, C. P. 98519, entre los municipios de
Calera y Morelos, Zacatecas.","Desarrollos Solares Mexicanos, S. L.",España,Subasta 3
855,"San Luis Metal Forming, S. A. de C. V.",GEN.,16/11/2017,E/1990/GEN/2017,3.60,23.46,$4.09,31/12/2017,Gas Natural,Generador,Turbogás,En construcción,San Luis Potosí,"avenida Frankfurt número 201, parque industrial Logistik II,
coordenadas 21° 58.676’ N, 100° 52.605’ O, C. P. 79526, Villa de Reyes, San Luis Potosí.",Magna International Inc,Canadá,
856,"174 PG Torreón, S. de R. L. de C. V.",GEN.,07/12/2017,E/1994/GEN/2017,101.08,252.47,$113.22,22/07/2019,Sol,Generador,Fotovoltaica,En operación,Coahuila,"kilómetro 7 de la carretera Torreón-Mieleras, Santo Niño
Aguanaval, coordenadas 25° 25.977’ N, 103° 18.525’ O, C. P. 27470, Matamoros,
Coahuila",HQ México Holdings,Estados Unidos,Subasta 2
857,"Fundilag Hierro, S. A. de C. V.",GEN.,07/12/2017,E/1997/GEN/2017,29.89,116.61,$23.40,01/06/2017,Gas Natural,Generador,Combustión Interna,En operación,Coahuila,"Avenida San Pablo No. 100, parque industrial Mieleras,
coordenadas 25° 28.664’ N, 103° 22.521’ O, C. P. 27400, Torreón, Coahuila","Vimax International, S. A. de C. V.",Estados Unidos,
858,"WTOE, S. A. de C. V.",GEN.,07/12/2017,E/1998/GEN/2017,2.86,21.28,$3.14,01/07/2019,Biogás,Generador,Bioenergía,Por iniciar obras,Estado de México,"relleno sanitario el Milagro en el kilómetro 36.5 de la
carretera federal México-Puebla, colonia Sección Loma Ancha Fracción I, ex
Hacienda de Zoquiapan, coordenadas 19° 19.345’ N, 98° 48.482’ O,
C. P. 56530, Ixtapaluca, Estado de México","Jargas, S. A. de C. V.",México,
859,"FV Mexsolar XI, S. A. P. I. de C. V.",GEN.,18/12/2017,E/2001/GEN/2017,100.00,273.30,$114.38,18/06/2021,Sol,Generador,Fotovoltaica,En operación,Veracruz,"Zona parcelada 3 del ejido San Antonio Limón, carretera federal
140 s/n, El Limón Totalco,
C. P. 91282, Perote, Veracruz.","Gestamp Asetym Solar, S. L.",España,
860,"Termo WTE, S. A. de C. V.",GEN.,18/12/2017,E/2003/GEN/2017,155.62,965.00,$569.62,09/03/2022,Residuos Sólidos Urbanos,Generador,Bioenergía,En construcción,Estado de México,"inmueble identificado como Tarquina opción 8.1, en la zona federal del ex-lago de Texcoco, C. P. 56260, Texcoco, Estado de México. La central eléctrica estará integrada por un turbogenerador de vapor con una capacidad nominal de 155.62 MW. ","Termoenergía CDMX Holding, S. A. de C. V.",México,
861,"Delaro, S. A. P. I. de C. V.",AUT.,18/12/2017,E/2005/AUT/2017,117.00,363.10,$234.00,01/01/2022,Viento,Industrias Diversas,Eólica,Por iniciar obras,Tamaulipas," carretera Reynosa – Monterrey, cerca de la carretera interestatal El Becerro,
aproximadamente a 40 kilómetros al sureste de la ciudad de Reynosa,
Coordenadas 25° 47.098’ N, 98° 34.929’ O, Reynosa, Tamaulipas.",Deacero,México,
862,"Techgen, S. A. de C. V.",GEN.,18/12/2017,E/2007/GEN/2017,227.50,1823.00,$228.83,01/09/2018,Gas Natural,Generador,Ciclo combinado,En operación,Nuevo León,"Parcela No 22 Z-1 p1/3 del Ejido Francisco Villa, Pesquería, Nuevo León.",Techint,Italia-Argentina,
863,"Parque Amistad IV, S. A. de C. V.",GEN.,01/02/2018,E/2009/GEN/2018,162.00,598.10,$222.72,17/01/2026,Viento,Generador,Eólica,En construcción,Coahuila,"predio rústico oeste del ejido Braulio Fernández Aguirre, aproximadamente a
82 kilómetros por el camino rural perpendicular a la carretera Presa de la Amistad,
coordenadas 29° 33.584’ N, 101° 49.352’ O, C. P. 26248, Acuña, Coahuila","Impulsora Nacional de Electricidad, S. de R. L. de C. V.",España,Subasta 3
864,"Comercial Importadora, S. A. de C. V.",GEN.,01/02/2018,E/2012/GEN/2018,1.05,8.38,$2.68,05/09/2018,Gas Natural,Generador,Combustión Interna,En operación,Estado de México,"Avenida Primero de Mayo número 45 C, colonia San Andrés Atoto,
C. P. 53500, Naucalpan de Juárez,
Estado de México",Don Alfonso Acevedo,México,
865,"Grupo Gusi, S. P. R. de R. L. de C. V.",GEN.,01/02/2018,E/2013/GEN/2018,2.86,22.86,$3.14,09/04/2019,Biogás,Generador,Bioenergía,En operación,San Luis Potosí,"kilómetro 12.5 de la carretera Tamuín-San Vicente, C. P. 79200, Tamuín, San Luis Potosí.",Miguel Gutierrez Mendoza,México,
866,"Iberdrola Energía Escobedo, S. A. de C. V.",GEN.,01/02/2018,E/2014/GEN/2018,80.00,634.78,$80.47,20/12/2018,Gas Natural,Generador,Ciclo combinado,En operación,Nuevo León,"kilómetro 11+230
de la carretera 53 Monterrey-Hidalgo, C. P. 66583, El Carmen, Nuevo León.",Mexico Infrastructure Partners (MIP),México,
867,"Parque de Tecnología Electrónica, S. A. de C. V. ",GEN.,01/02/2018,E/2015/GEN/2018,1.90,3.84,$2.17,22/09/2018,Sol,Generador,Fotovoltaica,En operación,Chihuahua,"Boulevard Independencia número 4240, colonia Lote Bravo,
C. P. 32695, Ciudad Juárez,
Chihuahua",Flextronics,Estados Unidos,
868,"Comercializadora de Lácteos y Derivados, S. A. de C. V.",GEN.,15/02/2018,E/2018/GEN/2018,6.67,56.08,$7.34,30/12/2019,Gas Natural,Generador,Cogeneración Eficiente,Por iniciar obras,Coahuila,"Roberto Dávila número 50, colonia Ciudad Industrial Torreón,
C. P. 27088, Torreón, Coahuila.","Grupo Industrial Lala, S. A. de C. V.",México,
869,"Compañía de Electricidad Los Ramones, S. A. P. I. de C. V.",GEN.,15/02/2018,E/2019/GEN/2018,768.00,4762.00,$515.00,11/12/2020,Gas Natural y Diésel,Generador,Turbogás,En operación,Nuevo León,"kilómetro 87 de la carretera Monterrey-Reynosa,
Col. El Empalme Herrera, Los Ramones, 
C. P. 66800, Nuevo León.",Salomón Camhaji Samra,México,Subasta 3
870,"Energía San Luis de la Paz, S. A. de C. V.",GEN.,15/02/2018,E/2020/GEN/2018,60.00,489.25,$22.13,14/12/2018,Gas Natural,Generador,Ciclo combinado,En operación,Guanajuato,"kilómetro 82.7 de
la carretera federal 57, Las Delicias, C. P. 37900, San Luis de la Paz, Guanajuato","InterGen Bajio, B. V.",Canadá y China,
871,"Agroindustrial Uumbal, S. A. P. I. de C. V.",GEN.,16/03/2018,E/2025/GEN/2018,1.30,3.87,$0.85,09/04/2018,Biomasa,Generador,Bioenergía,En operación,Chiapas,"kilómetro 133 de la carretera federal No. 186 Villahermosa-Escárcega, O, C. P. 29962, Palenque, Chiapas.",Grupo AlEn,México,
872,"El Gritón Solar, S. A. de C. V.",GEN.,16/03/2018,E/2026/GEN/2018,314.43,966.33,$279.07,21/04/2027,Sol,Generador,Fotovoltaica,Por iniciar obras,Zacatecas,"kilómetro 3.3 del camino Buenavista-San Nicolás, congregación Ojo de Agua de La Palma, aproximadamente a 30 kilómetros al suroeste del municipio de Pinos,C.P. 98979, Pinos, Zacatecas",Juan Camilo Echeverri Parra,México,
873,"Sunmex Renovables, S. A. de C. V.",GEN.,16/03/2018,E/2028/GEN/2018,102.79,266.05,$96.75,31/07/2024,Sol,Generador,Fotovoltaica,Por iniciar obras,Sonora,"Km 136.3 de la carretera 15 Los Mochis-Navojoa,
Ejido Felipe Ángeles, Navojoa, Sonora","Univergy International, S. L.",España,Subasta 3
874,Parque Solar Los Cuervos S. de R. L. de C. V.,GEN.,28/03/2018,E/2032/GEN/2018,200.00,608.05,$215.92,01/02/2023,Sol,Generador,Fotovoltaica,En operación,Aguascalientes,"Rancho San Bartolo de la localidad El Camposanto, cerca de la carretera 69 que une a las carreteras federales número 70 y 45, colonia Los Cuervos, Aguascalientes, Aguascalientes",Baywa,Alemania,
875,"Parque Eólico de Fenicias, S. de R. L. de C. V.",AUT.,28/03/2018,E/2034/AUT/2018,168.00,611.42,$336.00,10/06/2024,Viento,Generador,Eólica,En operación,Nuevo León,"kilómetro 165 de la carretera 40 libre Monterrey-Reynosa, C. P. 67010,General Bravo, Nuevo León, el punto de interconexión estará ubicado en Reynosa, Tamaulipas","Bimbo, S. A. de C. V.",México,
876,"Parque de Tecnología Electrónica, S. A. de C. V., Central 2",GEN.,19/04/2018,E/2036/GEN/2018,0.96,1.82,$1.02,28/07/2018,Sol,Generador,Fotovoltaica,En operación,Jalisco,"Carretera Base Aérea No. 5850, colonia La Mora, coordenadas 20° 44.586' N, 103° 26.855' O, Zapopan, Jalisco",Flextronics,Estados Unidos,
877,"CFE - Generación II, Central Manzanilllo I",GEN.,04/05/2018,E/2038/GEN/2018,3123.05,24124.23,$0.00,01/09/1982,Gas Natural y Combustóleo,Generador,Ciclo combinado,En operación,Colima,"A 3 kilómetros al sur del Puerto de Manzanillo, en el margen de la laguna de Cuyutlán, ejido de Campos, C. P. 28809, Manzanillo, Colima.",Comisión Federal de Electricidad,México,
878,"CFE - Generación III, Central Tijuana",GEN.,04/05/2018,E/2039/GEN/2018,366.00,3110.47,$0.00,11/09/1982,Gas Natural,Generador,Turbogás,En operación,Baja California,"kilómetro 23.5 de la carretera libre Tijuana-Ensenada, C. P. 22710, Playas de Rosarito, Baja California.",Comisión Federal de Electricidad,México,
879,"ESJ Renovable I, S. de R. L. de C. V.",GEN.,04/05/2018,E/2041/GEN/2018,100.00,299.17,$102.78,11/12/2023,Sol,Generador,Fotovoltaica,En operación,Aguascalientes,"en Kilómetro 10.8 de la Carretera Federal 22 (Rincón de Romos–Loreto), perpendicular al Kilómetro 23.8 de la Carretera Federal 71 (Luis Moya–San Francisco de los Romo), Municipio de Tepezalá, Estado de Aguascalientes.","Energía Sierra Juárez Holding, S. de R. L. de C. V.",Estados Unidos,Subasta 2
880,"Flextronics Technologies San Luis, S. A. de C. V.",GEN.,04/05/2018,E/2042/GEN/2018,1.56,2.94,$1.02,28/07/2018,Sol,Generador,Fotovoltaica,En operación,Sonora,"Avenida de la Industria número 208, colonia Parque Industrial, C. P. 83455, San Luis Río Colorado, Sonora.",MCI (Mirror Controls International) Netherlands B.V.,Países Bajos,
881,"CE G. Sanborns 2, S. A. de C. V.",GEN.,17/05/2018,E/2044/GEN/2018,1.00,8.25,$1.28,30/05/2019,Gas Natural,Generador,Combustión Interna,En operación,Ciudad de México,"Periférico números 3276 y 3278, colonia Esperanza, C. P. 09910, Iztapalapa, Ciudad de México.",Grupo Carso,México,
882,"CE G. Sanborns 2, S. A. de C. V.",GEN.,17/05/2018,E/2045/GEN/2018,1.00,8.25,$1.28,30/05/2019,Gas Natural,Generador,Combustión Interna,En operación,Puebla,"Calzada Ignacio Zaragoza número 410, colonia Corredor Industrial La Ciénega, C. P. 72220, Puebla, Puebla.",Grupo Carso,México,
883,"Tamazunchale Energía, S. A. P. I. de C. V.",GEN.,17/05/2018,E/2046/GEN/2018,532.00,4427.00,$400.00,07/05/2022,Gas Natural,Generador,Ciclo combinado,En operación,San Luis Potosí,"Predio denominado El Tepetate, sobre la margen izquierda del río Moctezuma, aproximadamente en el kilómetro 15 de la carretera Tampacán-Tamazunchale, C. P. 79980, Tamazunchale, San Luis Potosí. ",Mexico Infrastructure Partners (MIP),México,
884,"Engie Abril PV, S. de R. L. de C. V.",GEN.,31/05/2018,E/2047/GEN/2018,108.00,280.06,$92.43,29/09/2021,Sol,Generador,Fotovoltaica,En operación,Sonora,"Al norte del kilómetro 57+150 de la carretera estatal número 37, 
Caborca-Puerto Peñasco,
C. P. 83714, Caborca. Sonora.","Solar PV Holdings México, S. de R. L. de C. V.",Francia,Subasta 3
885,"Buenos Días Energía, S. de R. L. de C. V., Central Xcala",GEN.,31/05/2018,E/2048/GEN/2018,217.08,486.31,$168.40,26/07/2023,Sol,Generador,Fotovoltaica,En operación,Tlaxcala,"Al suroeste del kilómetro 178 de la carretera México M40D Arco Norte, San Antonio Calpulalpan, 
C. P. 90210, Calpulalpan, Tlaxcala. ",Engie,Francia,Subasta 3
886,"Iberdrola Energía Noroeste, S. A. de C. V.",GEN.,31/05/2018,E/2050/GEN/2018,87.00,610.46,$46.15,01/04/2020,Gas Natural,Generador,Ciclo combinado,En operación,Sinaloa,"Sitio Choacahui II, localizado al norte de la Ciudad de los Mochis aproximadamente a 5 kilómetros al noroeste del poblado de San Miguel Zapotitlán a la altura del kilómetro 19+350 de la Carretera Federal número 15 Los Mochis–Navojoa, Coordenadas 25° 57.86",Mexico Infrastructure Partners (MIP),México,
887,"Unión Fenosa México, S. A. de C. V.",GEN.,31/05/2018,E/2051/GEN/2018,160.56,471.02,$128.23,06/08/2026,Sol,Generador,Fotovoltaica,Por iniciar obras,Durango,"Kilómetro 30+115 de la carretera Durango-Gómez Palacio, Col. 27 de Noviembre, C. P. 34398, Durango, Durango","GPG Mexico, B. V.",Holanda,
888,"NP Energía La Lucha, S. A. de C. V.",GEN.,14/06/2018,E/2054/GEN/2018,130.72,377.60,$121.50,28/06/2023,Sol,Generador,Fotovoltaica,En operación,Durango,"ejido La Lucha en el kilómetro 131 de la carretera 49 JiménezTorreón, coordenadas 26° 33.429’ N, 104° 08.685’ O, C. P. 35214, Mapimí,
Durango.","NP Desarrollo en Energía de México, S. A. de C. V.",México,
889,"Energía de Baja California, S. de R. L. de C. V.",A.EXP,28/06/2018,AUT/003/2018,337.05,2952.12,$0.00,16/07/2018,Gas Natural,Exportación,Ciclo combinado,En operación,Baja California,"lote número 46, a 20 kilómetros de la Ciudad de Mexicali, Colonia Progreso, Sección Cuarta del Municipio de Mexicali, carretera número 2, Mexicali-Tijuana, Baja California",Sempra Energy,Estados Unidos,
890,"CGS Solarmex I, S. A. P. I. de C. V.",GEN.,28/06/2018,E/2056/GEN/2018,89.00,259.40,$88.94,30/06/2021,Sol,Generador,Fotovoltaica,Por iniciar obras,Zacatecas,"Rancho San José en el kilómetro 1 de la carretera estatal Camino a Berriozábal, C. P. 98710, Ojocaliente, Zacatecas.","Centro de Gestión Sostenible y Renovables, S. L.",España,
891,"Fuerza y Energía de Naco-Nogales, S. A. de C. V.",GEN.,28/06/2018,E/2059/GEN/2018,26.00,57.17,$4.29,13/08/2019,Gas Natural,Generador,Ciclo combinado,En operación,Sonora,"“El Fresnal”, 14 kilómetros al suroeste de la población de Agua Prieta, Agua Prieta, Sonora.",Naturgy,España,
892,"Recursos Solares PV de México II, S. A. de C. V.",GEN.,28/06/2018,E/2060/GEN/2018,100.00,290.75,$106.00,30/11/2023,Sol,Generador,Fotovoltaica,En operación,Sonora,"kilómetro 57 de la carretera estatal 61 San Luis-La Bandera, C. P. 83316, Hermosillo, Sonora","Desarrollos Solares Mexicanos, S. L.",España,Subasta 3
893,"Operadora Tecnoambiental SEA, S. A. de C. V., Central Chapultepec",GEN.,28/06/2018,E/2061/GEN/2018,4.28,34.10,$5.35,26/12/2021,Gas Natural,Generador,Combustión Interna,Por iniciar obras,Ciudad de México,"Avenida Chapultepec, número 28, colonia Doctores, C. P. 06720, Cuauhtémoc, Ciudad de México","Proyectos Tecnoambientales SEA, S. A. P. I. de C. V.",México,
894,"Versalles de las Cuatas Uno, S. A. P. I. de C. V.",GEN.,16/07/2018,E/2065/GEN/2018,22.50,42.51,$17.71,30/10/2020,Sol,Industrias Diversas,Fotovoltaica,En operación,Durango,"lotes 1, 2 y 3 del fraccionamiento Las Cuatas y Quiñones y fracción sur del predio Versalles, coordenadas 24° 00.586’ N, 104° 35.133’ O, 34308, Durango, Durango","EOSOL Energy de México, S. A. P. I. de C. V.",España,
895,"Versalles de las Cuatas Dos, S. A. P. I. de C. V.",GEN.,16/07/2018,E/2066/GEN/2018,22.50,42.51,$17.71,30/10/2020,Sol,Industrias Diversas,Fotovoltaica,En operación,Durango,"lotes 1, 2 y 3 del fraccionamiento Las Cuatas y Quiñones y fracción sur del predio Versalles, coordenadas 24° 00.586’ N, 104° 35.133’ O, 34308, Durango, Durango","EOSOL Energy de México, S. A. P. I. de C. V.",España,
896,"Versalles de las Cuatas Tres, S. A. P. I. de C. V.",GEN.,16/07/2018,E/2067/GEN/2018,22.50,42.51,$17.71,30/10/2020,Sol,Industrias Diversas,Fotovoltaica,En operación,Durango,"lotes 1, 2 y 3 del fraccionamiento Las Cuatas y Quiñones y fracción sur del predio Versalles, coordenadas 24° 00.586’ N, 104° 35.133’ O, 34308, Durango, Durango","EOSOL Energy de México, S. A. P. I. de C. V.",España,
897,"Energía del Sureste El Ramonal, S. A. P. I. de C. V.",GEN.,03/08/2018,E/2072/GEN/2018,50.75,106.52,$65.53,01/12/2019,Sol,Generador,Fotovoltaica,Por iniciar obras,Quintana Roo,"kilómetro 37 de la Carretera Federal 307 Cancún-Chetumal, C.P. 77905, Bacalar, Quintana Roo.",Next Energy,México,
898,"Igsapak Cogeneración, S. A. P. I. de C. V., Central 2",GEN.,03/08/2018,E/2073/GEN/2018,6.00,50.46,$3.54,01/12/2018,Vapor,Generador,Termoeléctrica Convencional,En operación,Hidalgo,"kilómetro 20 de la carretera Pachuca-Cd. Sahagún, número 1, C. P. 43960, Emiliano Zapata, Hidalgo.","Grupo Industrial IGSA, S. A. de C. V.",México,
899,"FRV Potrero Solar, S. de R. L. de C. V.",GEN.,16/08/2018,E/2077/GEN/2018,270.00,728.72,$292.00,18/09/2021,Sol,Generador,Fotovoltaica,En operación,Jalisco,"kilómetro 12.5 de la carretera libre estatal número 302 Lagos de Moreno-Unión de San Antonio, 
C. P. 47450, Lagos de Moreno, Jalisco.","FRV Solar Holdings VI, B. V.",España,
900,"Químicos y Plásticos Centurión, S. A. de C. V.",GEN.,16/08/2018,E/2079/GEN/2018,1.20,9.79,$0.81,26/09/2018,Gas Natural,Generador,Combustión Interna,En operación,Hidalgo,"Diligencias, número 197, colonia Tepojaco, C. P. 43823, Tizayuca, Hidalgo.",José Luis Ramírez Cavarrubias,México,
901,"Parque Solar Alsacia I, S. A. de C. V.",GEN.,16/08/2018,E/2082/GEN/2018,300.00,772.08,$282.15,30/06/2021,Sol,Generador,Fotovoltaica,Por iniciar obras,Chihuahua,"kilómetro 140 de la carretera federal 45 Ciudad Juárez-Chihuahua, rancho Alsacia y El Sueco, al sur de la cabecera municipal de Villa Ahumada, C. P. 32800, Ahumada, Chihuahua.","Desarrollos Solares Mexicanos, S. L.",España,
902,"Polímeros y Derivados, S. A. de C. V.",GEN.,16/08/2018,E/2083/GEN/2018,5.00,26.66,$3.79,01/04/2019,Gas Natural,Generador,Cogeneración Eficiente,En operación,Guanajuato,"Boulevard Hidalgo número 2004, Colonia San José del Consuelo, C.P. 37140, Municipio de León, Guanajuato",Polímeros y Derivados,México,
903,"BMW SLP, S. A. de C. V.",GEN.,13/09/2018,E/2089/GEN/2018,10.00,20.15,$4.08,01/03/2019,Sol,Generador,Fotovoltaica,En operación parcial,San Luis Potosí,"Boulevard BMW número 655, Parque Industrial Desarrollo 
Logistik II, C. P. 79526, Villa de Reyes, San Luis Potosí.",BMW,Alemania,
904,"Kenergreen, S. A. P. I. de C. V.",GEN.,13/09/2018,E/2090/GEN/2018,223.92,559.97,$202.17,15/07/2020,Sol,Generador,Fotovoltaica,En operación,Sonora,"A 8 kilómetros al sureste del kilómetro 5 de la carretera Navajoa-Alamos, C. P. 85227, Navojoa, Sonora.","Kenergy Ventures, B. V.",Canadá,Subasta 3
905,"Energía Solar Cuncunul, S. de R. L. de C. V.",GEN.,13/09/2018,E/2091/GEN/2018,70.00,176.48,$90.00,31/03/2020,Sol,Generador,Fotovoltaica,Por iniciar obras,Yucatán,"kilómetro 148 de la carretera federal 180 Valladolid-Mérida km 148, colonia Ebtún, C. P. 97766, Valladolid, Yucatán.","Jinkosolar Investment, PTE. LTD",China,Subasta 1
906,"Rosch América, S. A. de C. V.",GEN.,13/09/2018,E/2092/GEN/2018,7.42,43.36,$18.00,30/04/2020,Energía Cinética,Generador,Energía Cinética,Por iniciar obras,Baja California Sur,"Lote de terreno rústico, fracción ""J"" del predio denominado ""Cabo San Lucas"", Los Cabos, Baja California Sur.","KPD, S. R. de C. V.",Suiza,
907,"Sky EPS Supply SM, S. A. de C. V.",GEN.,13/09/2018,E/2093/GEN/2018,8.00,66.58,$7.13,14/12/2018,Gas Natural,Generador,Cogeneración Eficiente,En operación,Puebla,"Lote 2, Manzana 2, colonia Corredor Industrial Quetzalcóatl, coordenadas 19° 16.328’ N, 98° 24.926’ O, 74129, población San Baltazar Temaxcalac, San Martín Texmelucan, Puebla","Sandy Cassab Harari/Grupo Casime, S. A. de C. V.",México,
908,"Balaga Potencia, S. A. P. I. de C. V.",GEN.,27/09/2018,E/2094/GEN/2018,130.00,1104.64,$111.70,26/05/2021,Gas Natural,Generador,Ciclo combinado,En construcción,Baja California,"Ejido Lic. Benito Juárez, en el kilómetro 40.6 de la carretera federal Mexicali-Tijuana 2D, C. P. 21510, Tecate, Baja California.",Macquarie Energy LLC,Estados Unidos,
909,"Cimarrón Solar, S. de R. L. de C. V.",GEN.,27/09/2018,E/2095/GEN/2018,300.25,892.51,$320.00,02/06/2027,Sol,Generador,Fotovoltaica,Por iniciar obras,Sonora,"A la altura del kilómetro 239+450 de la carretera México 15 Guaymas-Hermosillo, población Los Chinos, C. P. 83307, Hermosillo, Sonora.",David López Huguez,México,
910,"Fuerza y Energía de Hermosillo, S. A. de C. V.",GEN.,27/09/2018,E/2096/GEN/2018,13.50,31.30,$3.75,20/12/2018,Gas Natural,Generador,Ciclo combinado,En operación,Sonora,"a 3.3 kilómetros al norte del kilómetro 14 de la carretera a Bahía de Kino, colonia La Manga, C. P. 83220, Hermosillo, Sonora.",Naturgy,España,
911,"Granjas Carroll de México, S. de R. L. de C. V., Cogeneración II",GEN.,27/09/2018,E/2097/GEN/2018,9.30,61.20,$7.31,28/08/2019,Gas Natural y Diésel,Generador,Combustión Interna,En operación,Puebla,"La fracción primera de la Ex Hacienda San Antonio Virreyes, en el kilómetro 66+200 de la carretera federal 129 tramo Amozoc-Teziutlán, C. P. 75020, Oriental, Puebla.","Agroindustrias Unidas de México, S. A. de C. V.",Estados Unidos,
912,"Ingenio La Margarita, S. A. de C. V.",GEN.,27/09/2018,E/2099/GEN/2018,15.90,30.00,$2.91,01/11/2018,Bagazo de Caña,Generador,Bioenergía,En operación,Oaxaca,"Kilómetro 69 F. F. C. C. Córdoba-Tierra Blanca, Estación Vicente, C. P. 68422, Acatlán de Pérez Figueroa, Oaxaca.",IngenioLa Margarita,México,
913,"Eólica del Mayab, S. A. P. I. de C. V.",GEN.,11/10/2018,E/2102/GEN/2018,71.40,347.00,$112.84,27/06/2024,Viento,Generador,Eólica,Por iniciar obras,Yucatán,"Predios rústicos de Santa Marta y Santa María Hatal, al norte del kilómetro 9 de la carretera Timul, C. P. 97343, Ixil, Yucatán","Eoliatec de México, S. A. de C. V.",México,
914,"Generación Natural de Juárez, S. A. de C. V.",GEN.,11/10/2018,E/2103/GEN/2018,3.60,5.00,$1.62,12/12/2018,Gas Natural,Generador,Combustión Interna,En operación,Chihuahua,"Calle Barranco Azul, número 657, Colonia Cereso, C. P. 32675, Ciudad Juárez, Chihuahua.",Octavio Fuentes Tellez,México,
915,"Energía Renovable de la Península, S. A. P. I. de C. V.",GEN.,11/10/2018,E/2104/GEN/2018,92.40,315.67,$167.00,28/07/2020,Viento,Generador,Eólica,En operación,Yucatán,"Predio denominado Tierras de Uso Común del Ejido de Progreso, a un costado del km 4.5 de la Carretera Progreso-Chicxulub, colonia Ejido Progreso, C. P. 97320, Mérida, Yucatán.","Inco Renovables, S. A. P. I. de C. V.",México,Subasta 2
916,"Arroyo Viento del Norte, S. de R. L. de C. V.",GEN.,26/10/2018,E/2107/GEN/2018,250.00,1044.10,$331.16,15/07/2027,Viento,Generador,Eólica,En construcción,Nuevo León,"Kilómetro 150.5 de la autopista Reynosa-Monterrey, C. P. 67000, General Bravo, Nuevo León. ",Oak Creek Energy,Estados Unidos,
917,"Fuerza y Energía Limpia de Tizimín II, S. A. de C. V.",GEN.,26/10/2018,E/2108/GEN/2018,75.00,271.55,$153.90,29/06/2027,Viento,Generador,Eólica,Por iniciar obras,Yucatán,"Kilómetro 41 de la carretera Tizimín-Dzonot Carretero, C. P. 97701, Tizimín, Yucatán.","Smartener, S. L.",España,
918,"Productora Nacional de Papel, S. A. de C. V., Central II",GEN.,26/10/2018,E/2109/GEN/2018,9.94,82.64,$8.15,22/11/2019,Gas Natural,Generador,Combustión Interna,En operación,San Luis Potosí,"Domicilio conocido S/N, Ejido de San Miguel, aproximadamente a 1.5 kilómetros de la carretera Villa de Reyes-San Felipe, C. P. 79500, Villa de Reyes, San Luis Potosí.","Productora e Importadora de Papel, S. A. de C. V. (PIPSA)",México,
919,"Gis Power Services, S. A. de C. V.",GEN.,12/11/2018,E/2112/GEN/2018,9.37,55.48,$9.00,30/11/2018,Gas Natural y Diésel,Generador,Combustión Interna,En operación,San Luis Potosí,"Lote 2429 de la avenida Asia esquina avenida Munich, colonia Parque Industrial Logistik, C. P. 79526, Villa de Reyes, San Luis Potosí.","Green Island Solutions, S. A. de C. V.",Estados Unidos,
920,"Supermercados Internacionales HEB, S. A. de C. V.",GEN.,12/11/2018,E/2113/GEN/2018,1.43,2.82,$2.69,01/03/2019,Sol,Generador,Fotovoltaica,En construcción,Nuevo León,"Kilómetro 28.5 del anillo periférico, vía Monterrey-Torreón, colonia Lázaro Cárdenas, C. P. 66050, General Escobedo, Nuevo León.","HEB Supermercados de México, S. A. de C. V.",México,
921,"Central Progreso, S. A. de C. V.",GEN.,06/12/2018,E/2120/GEN/2018,6.00,11.00,$2.05,30/01/2019,Bagazo de Caña,Generador,Bioenergía,En operación,Veracruz,"domicilio conocido S/N, en el kilómetro 2 del camino Paso del Macho-San José Balsa Camarón de la carretera estatal Córdoba-Soledad del Doblado, C. P. 94970, Paso del Macho, Veracruz.",Ingenio Central Progreso,México,
922,"DRG Solar I, S. A. P. I. de C. V.",GEN.,06/12/2018,E/2121/GEN/2018,59.08,158.82,$55.04,15/04/2020,Sol,Generador,Fotovoltaica,Por iniciar obras,Durango,"Eejido Los Cuatillos, en el kilómetro 173.5 de la carretera libre federal Durango-Gómez Palacio, C. P. 35817, Cuencamé, Durango.","Aleph Ventures, S. L.",España,
923,"Ingenio José María Morelos, S. A. de C. V.",GEN.,06/12/2018,E/2122/GEN/2018,4.50,9.30,$1.54,30/01/2019,Bagazo de Caña,Generador,Bioenergía,En operación,Jalisco,"Calle Álvaro Obregón, número 275, colonia centro, C. P. 48930, Casimiro Castillo, Jalisco.","Grupo Industrial More, S. A. de C. V.",México,
924,"Energía Solar de Poniente, S. de R. L. de C. V., Central Andalucía II",GEN.,06/12/2018,E/2127/GEN/2018,82.86,243.91,$104.48,23/01/2020,Sol,Generador,Fotovoltaica,En operación,Coahuila,"Ejido Benito Juárez a 3.6 kilómetros al este del kilómetro 3.5 del libramiento norte Matamoros-La Partida, C. P. 27465, Matamoros, Coahuila de Zaragoza","OPDE Participaciones Industriales, S. L.",España,Subasta 2
925,"Infraestructura Energética del Norte, S. de R. L. de C. V.",GEN.,06/12/2018,E/2128/GEN/2018,37.32,70.63,$46.69,28/04/2020,Sol,Generador,Fotovoltaica,En operación,Aguascalientes,"Carretera 69 a San Bartolo número 6+880, San Bartolo, C. P. 20395, Aguascalientes, Aguascalientes.","OPDE Participaciones Industriales, S. L.",España,Subasta 2
926,"Tai Durango Cinco P-10, S. A. P. I. de C. V.",GEN.,06/12/2018,E/2129/GEN/2018,10.00,21.90,$15.00,07/02/2020,Sol,Generador,Fotovoltaica,En operación,Durango,"Calle sin nombre FR 4 SG, ejido 27 de Noviembre, coordenadas 24° 10.968’ N, 104° 30.167’ O, C. P. 34398, Durango, Durango.","EOSOL Energy de México, S. A. P .I de C. V",España,
927,"Tai Durango Cinco P-15, S. A. P. I. de C. V.",GEN.,06/12/2018,E/2130/GEN/2018,15.00,28.95,$22.50,07/02/2020,Sol,Generador,Fotovoltaica,En operación,Durango,"Calle sin nombre FR 4 SG Ejido 27 de noviembre, C. P. 34398, Durango, Durango.","EOSOL Energy de México, S. A. P .I de C. V",España,
928,"Tai Durango Cuatro Neo, S. A. P. I. de C. V.",GEN.,06/12/2018,E/2131/GEN/2018,23.00,49.59,$34.50,09/03/2021,Sol,Generador,Fotovoltaica,En operación,Durango,"calle sin nombre FR 4 SG, ejido 27 de Noviembre, C. P. 34398, Durango, Durango.","EOSOL Energy de México, S. A. P .I de C. V",España,
929,"Agrícola Ganadera Los Luján, S. P. R. de R. L. de C. V.",GEN.,13/12/2018,E/2133/GEN/2018,0.80,5.06,$2.65,26/09/2019,Biogás,Generador,Bioenergía,En construcción,Chihuahua,"Kilómetro 5.5 de la carretera Delicias-Saucillo, colonia La Quemada, C. P. 33000, Delicias, Chihuahua.",Agrícola Ganadera,México,
930,"Energeo Los Molinos, S. A. P. I. de C. V.",AUT.,24/01/2019,E/2138/AUT/2019,171.00,656.40,$342.00,06/07/2027,Viento,Industrias Diversas,Eólica,En construcción,Tamaulipas,"Rancho el Apagón, en el kilómetro 7 del camino estatal a El Mezquital, Matamoros, Tamaulipas.",Deacero,México,
931,"Alten Energías Renovables México Siete, S. A. de C. V., ",GEN.,30/01/2019,E/2139/GEN/2019,278.64,691.50,$242.16,10/02/2026,Sol,Industrias Diversas,Fotovoltaica,Por iniciar obras,Puebla,"Carretera federal 140 Veracruz-Xalapa, entre el kilómetro 81 y el entronque de San José Alchichica, C. P. 73996, Tepeyahualco, Puebla.","Alten Energías Renovables,",España,
932,"Energía Sierra Juárez, S. de R. L. de C. V., Central Dos",GEN.,30/01/2019,E/2141/GEN/2019,108.00,391.70,$150.69,12/12/2021,Viento,Industrias Diversas,Eólica,En operación,Baja California,"Kilómetro 64 de la carretera federal 2D de cuota Mexicali-Tijuana, 
ejido Jacume, Tecate, 
21510, Baja California.",Sempra Infraestructura,Estados Unidos,
933,"Ingeniería y Proyectos M+R, S. A. de C. V.",GEN.,30/01/2019,E/2145/GEN/2019,2.12,4.19,$2.27,09/12/2019,Sol,Industrias Diversas,Fotovoltaica,En operación,Hidalgo,"Carretera San José Palma Gorda, número 301,
Col. Carboneras, Mineral de la Reforma,
42183, Hidalgo.","Ingeniería y Proyectos M+R,",México,
934,"MG HR, S. de R. L. de C. V.",GEN.,30/01/2019,E/2147/GEN/2019,35.28,98.98,$60.00,07/10/2022,Sol,Industrias Diversas,Fotovoltaica,En operación,Baja California Sur,"Lote rústico número 12 en Carretera Federal No.1 Tijuana-San José del Cabo, 
Fernando de la Toba, Comondú, 
23700, Baja California Sur.","Invenergy Wind Development México, S. de R. L. de C. V.",Luxemburgo,
935,"Pemex Exploración y Producción, Plataforma de Producción Abkatun-A2",GEN.,30/01/2019,E/2148/GEN/2019,30.90,259.70,$20.50,31/03/2019,Gas Metano y Diésel,Petrolero,Turbogás,En operación,Campeche,"Plataforma de Producción Abkatun-A2, aproximadamente a 145 kilómetros de la Terminal Marítima Dos Bocas, Carmen, Campeche.",Pemex,México,
936,"Vientos de Coahuila, S. A. de C. V.",GEN.,30/01/2019,E/2150/GEN/2019,96.00,380.00,$144.66,31/07/2023,Viento,Industrias Diversas,Eólica,En operación,Coahuila,"Kilómetro 66.074 de la carretera federal 40 tramo Saltillo-Torreón, C. P. 25935, entre los municipios de Ramos Arizpe y General Cepeda, Coahuila.","Tarcan, B. V.",Países Bajos,
937,"Photoemeris Sustentable, S. A. de C. V.",GEN.,30/01/2019,E/2151/GEN/2019,30.00,55.65,$39.72,30/06/2019,Sol,Industrias Diversas,Fotovoltaica,En operación,Yucatán,"carretera Mérida-Chetumal tramo Muna-Felipe Carrillo Puerto, 
Poblado Justicia Social, Peto, 
97937, Yucatán.",Altersun,España,Subasta 1
938,"Bimbo, S. A. de C. V., Planta Azcapotzalco",GEN.,21/05/2019,E/2153/GEN/2019,1.80,2.99,$0.64,26/02/2021,Sol,Generador,Fotovoltaica,En operación,Ciudad de México,"Calle 16 de septiembre número 31, colonia Santo Domingo, C. P. 02160, Azcapotzalco, Ciudad de México.",Grupo Bimbo,México,
939,"Comisión Federal de Electricidad, Planta Santa María",GEN.,21/05/2019,E/2155/GEN/2019,30.00,191.70,$53.42,28/02/2025,Agua,Generador,Hidroeléctrica,En construcción,Sinaloa,"Kilómetro 31 de la carretera Estatal Rosario-Santa María, C. P. 82834, Población Santa María, Rosario, Sinaloa.",Comisión Federal de Electricidad,México,
940,"Pactiv Foodservice México, S. de R. L. de C. V.",GEN.,21/05/2019,E/2160/GEN/2019,9.30,65.50,$0.46,11/06/2019,Gas Natural,Generador,Cogeneración Eficiente,En operación,Jalisco,"Carretera a Base Aérea, número 555, colonia San Juan de Ocotán, C. P. 45019, Zapopan, Jalisco.",Pacyiv Food,México,
941,"Compañía Eólica Casas, S. A. de C. V.",AUT.,21/05/2019,E/2161/AUT/2019,100.00,332.88,$200.00,31/01/2023,Viento,Industrias Diversas,Eólica,Por iniciar obras,Tamaulipas,"Finca 1045, en el kilómetro 43 de la carretera 97 Reynosa-San Fernando, colonia Pedro José Méndez, C. P. 88880, Méndez, Tamaulipas.",Deacero,México,
942,"Compañía Eólica de Reynosa, S. A. de C. V.",AUT.,21/05/2019,E/2162/AUT/2019,140.00,466.03,$280.00,31/01/2023,Viento,Industrias Diversas,Eólica,Por iniciar obras,Tamaulipas,"Finca 1045, en el kilómetro 43 de la carretera 97 Reynosa-San Fernando, colonia Pedro José Méndez, C. P. 88880, Méndez, Tamaulipas.",Deacero,México,
943,"Compañía Eólica El Cielo, S. A. de C. V.",AUT.,21/05/2019,E/2163/AUT/2019,60.00,199.73,$120.00,31/01/2024,Viento,Industrias Diversas,Eólica,Por iniciar obras,Tamaulipas,"Finca 1045, en el kilómetro 43 de la carretera 97 Reynosa-San Fernando, colonia Pedro José Méndez, C. P. 88880, Méndez, Tamaulipas.",Deacero,México,
944,"Compañía Eólica El Palmar, S. A. de C. V.",AUT.,21/05/2019,E/2164/AUT/2019,60.00,199.73,$120.00,31/07/2024,Viento,Industrias Diversas,Eólica,Por iniciar obras,Tamaulipas,"finca 1045, en el kilómetro 43 de la carretera 97 Reynosa-San Fernando, colonia Pedro José Méndez, C. P. 88880, Méndez, Tamaulipas.
",Deacero,México,
945,"Compañía Eólica Río Bravo, S. A. de C. V.",AUT.,21/05/2019,E/2165/AUT/2019,66.00,219.70,$132.00,31/07/2024,Viento,Industrias Diversas,Eólica,Por iniciar obras,Tamaulipas,"finca 1045, en el kilómetro 43 de la carretera 97 Reynosa-San Fernando, colonia Pedro José Méndez, C. P. 88880, Méndez, Tamaulipas.",Deacero,México,
946,"Compañía Eoloeléctrica Matamoros, S. A. de C. V.",AUT.,21/05/2019,E/2166/AUT/2019,84.00,279.62,$168.00,31/01/2024,Viento,Industrias Diversas,Eólica,Por iniciar obras,Tamaulipas,"Finca 1045, en el kilómetro 43 de la carretera 97 Reynosa-San Fernando, colonia Pedro José Méndez, C. P. 88880, Méndez, Tamaulipas.",Deacero,México,
947,"Green Hub, S. de R. L. de C. V.",GEN.,21/05/2019,E/2168/GEN/2019,30.00,80.80,$45.00,15/12/2021,Sol,Generador,Fotovoltaica,En operación,Guanajuato,"Carretera Federal Querétaro—San Miguel Allende, Kilómetro 17, Rancho Guadalupe hacia San Antonio del Varal, San Miguel de Allende, Guanajuato",GR Equity Wind And Solar,España,Subasta 2
948,"Eólica Coromuel, S. de R. L. de C. V.",GEN.,21/05/2019,E/2170/GEN/2019,50.40,165.62,$84.57,13/02/2022,Viento,Generador,Eólica,En operación,Baja California Sur,"kilómetro 40 de la carretera Transpeninsular tramo La Paz-Ciudad Constitución, Alfredo Vladimir Bonfil, C. P. 23203, La Paz, Baja California Sur.","Energía Veleta, S. de R.L. de C.V.",Países Bajos,
949,"Inmobiliaria Montevi, S. A. de C. V.",GEN.,27/06/2019,E/2172/GEN/2019,1.92,16.85,$3.11,01/09/2019,Gas Natural,Generador,Combustión Interna,En construcción,Nuevo León,"avenida Constitución, número 1965, colonia Obispado,  C. P. 64060, Monterrey, Nuevo León","Inmobiliaria Montevi, S. A. de C. V.",México,
950,"Optimaize, S. A. de C. V.",GEN.,27/06/2019,E/2173/GEN/2019,9.45,54.76,$5.33,31/12/2019,Gas Natural,Generador,Cogeneración Eficiente,En operación,Estado de México,"Prolongación Toltecas, número 4, colonia Los Reyes Ixtacala, C. P. 54090, Tlalnepantla, Estado de México",Grupo Minsa,México,
951,"Energía Sierra Juárez, S. de R. L. de C. V.",A.IMP,28/06/2019,AUT/004/2019,6.00,3.00,$0.00,12/12/2021,Importación,Importación,Importación,En operación,"California, E.U.","kilómetro 64 de la carretera federal 2D de cuota Mexicali-Tijuana, en el ejido Jacume,   C. P. 21510, Tecate, Baja California
",Sempra Infraestructura,Estados Unidos,
952,"Clarimex, S. A. de C. V.",GEN.,19/07/2019,E/2176/GEN/2019,0.82,6.80,$1.66,18/06/2021,Gas Natural,Generador,Combustión Interna,Por iniciar obras,Hidalgo,"kilómetro 26 de la carretera Jorobas-Tula, Parque Industrial Tula, 42970, Atitalaquia, Hidalgo","Adminvest, S. A. de C. V.",México,
953,"Desarrollo Marina Vallarta, S. A. de C. V., Central Grand Luxxe Riviera Maya",GEN.,19/07/2019,E/2177/GEN/2019,0.69,1.23,$0.87,07/09/2019,Sol,Generador,Fotovoltaica,En operación,Quintana Roo,"kilómetro 48 de la carretera federal Cancún-Playa del Carmen, manzana 002, lote 085-2, Playa Paraíso, 77730, Solidaridad, Quintana Roo","Operadora Vactur, S. A. de C. V.",México,
954,"Desarrollo Marina Vallarta, S. A. de C. V., Central Grand Mayan Riviera Maya",GEN.,19/07/2019,E/2178/GEN/2019,1.75,2.88,$1.46,07/09/2019,Sol,Generador,Fotovoltaica,En operación,Quintana Roo,"kilómetro 48 de la carretera federal Cancún-Playa del Carmen, manzanas 021 y 022, lotes 056 y 022, Playa Paraíso, 77730, Solidaridad, Quintana Roo","Operadora Vactur, S. A. de C. V.",México,
955,"Laboratorios Liomont, S. A. de C. V.",GEN.,19/07/2019,E/2179/GEN/2019,1.04,8.66,$2.17,19/09/2019,Gas Natural,Generador,Combustión Interna,En operación,Estado de México,"Acueducto del Alto Lerma, número 6, colonia Zona Industrial de San Pedro Cholula, 
52740, Ocoyoacac, Estado de México","Sofindec, S. A. de C. V.",México,
956,"Palmas de Candelaria, S. A. de C. V.",GEN.,19/07/2019,E/2181/GEN/2019,3.90,17.28,$3.70,02/09/2019,Biomasa y Diésel,Generador,Bioenergía,En operación,Campeche,"finca Tres Cruces, en el kilómetro 210 de la carretera federal 186 Villahermosa-Escárcega, 24317, Carmen, Campeche.",Palmas de Candelaria,Guatemala,
957,"Energía Azteca X, S. A. de C. V.",GEN.,13/08/2019,E/2184/GEN/2019,173.07,1444.20,$17.05,13/08/2019,Gas Natural,Generador,Turbogás,En operación,Baja California,"Predio “Las Palmas” lote 45, a 20 km de Mexicali,
Col. Progreso, Sección Cuarta del Municipio de Mexicali, carretera número 2 Mexicali-Tijuana, Mexicali, 
21610, Baja California.",Saavi,Inglaterra,
958,"Energía Sierra Juárez, S. de R. L. de C. V.",A.EXP,30/09/2019,AUT/005/2019,108.00,391.70,$0.00,12/12/2021,Viento,Generador,Eólica,En operación,Baja California,"kilómetro 64 de la carretera federal 2D de cuota Mexicali-Tijuana, ejido Jacume, 21510, Tecate, Baja California.","Sempra Energy Mexico, S.A. de C.V.",Estados Unidos,
959,"Compañía Eléctrica Carolina, S. A. de C. V.",GEN.,30/09/2019,E/2190/GEN/2019,8.46,61.95,$23.56,12/02/2025,Agua,Generador,Hidroeléctrica,En construcción,Guanajuato,"Matamoros número 101, colonia Barrio de San Juan, 38900, Salvatierra, Guanajuato.","Generación Enersi, S. A. de C. V.",México,
960,"Energías Alternas, Estudios y Proyectos, S. A. de C. V.",GEN.,30/09/2019,E/2193/GEN/2019,56.00,416.10,$115.72,17/12/2027,Calor Geotérmico,Generador,Geotérmica,Por iniciar obras,Guanajuato,"kilómetro 44.2 de la carretera Panamericana, colonia Andador Industrial, 38160, Apaseo el Grande, Guanajuato","Carso Electric, S. A. de C. V.",México,
961,"Fortius Electromecánica, S. A. de C. V.",GEN.,30/09/2019,E/2194/GEN/2019,91.43,201.67,$104.10,30/06/2021,Sol,Generador,Fotovoltaica,En construcción,Jalisco,"Fracción “A” del predio rústico denominado Las Jícamas a 6 kilómetros al Suroeste de Tlajomulco de Zúñiga, colonia Buenavista, 45640, Tlajomulco de Zúñiga, Jalisco.",David Andrade Alcalde,México,
962,"Gas y Petroquímica de Occidente, S. A. de C. V.",GEN.,30/09/2019,E/2195/GEN/2019,18.00,157.68,$9.90,31/03/2027,Vapor,Generador,Termoeléctrica Convencional,En construcción,Sinaloa,"kilómetro 18+600 de la carretera Mochis-Topolobampo, C. P. 81370, Ahome, Sinaloa","PETRO-PINSA, S. A. de C. V",México,
963,"Pronumex, S. de R. L. de C. V.",GEN.,30/09/2019,E/2200/GEN/2019,1.43,11.32,$2.52,18/06/2021,Gas Natural,Generador,Combustión Interna,Por iniciar obras,Estado de México,"Vía pública lote 13, San Cayetano Morelos, Parque Industrial Global Park, coordenadas, 50200, Toluca, Estado de México.","Kellogg Company México, S. de R. L. de C. V.",Estados Unidos,
964,"Recursos Solares PV de México V, S. A. de C. V.",GEN.,30/09/2019,E/2203/GEN/2019,198.00,472.37,$180.19,15/06/2021,Sol,Generador,Fotovoltaica,Por iniciar obras,Campeche,"kilómetro 181 de la carretera federal 186 Villahermosa-Escárcega, C. P. 24324, Carmen, Campeche","Desarrollos Solares Mexicanos, S. L.",España,
965,"Tiger Energy, S. de R. L. de C. V.",GEN.,30/09/2019,E/2206/GEN/2019,207.21,1698.00,$131.10,05/08/2022,Gas Natural,Generador,Combustión Interna,Por iniciar obras,Jalisco,"kilómetro 23+250 de la carretera Al Castillo, C. P. 45685, El Salto, Jalisco. ","Tiger Energy Holdings, S. de R. L. de C. V.",Estados Unidos,
966,"Ultra Energía de México, S. de R. L. de C. V.",GEN.,30/09/2019,E/2207/GEN/2019,204.22,1673.00,$131.10,03/06/2022,Gas Natural,Generador,Combustión Interna,Por iniciar obras,Aguascalientes,"kilómetro 5+500 de la carretera Campestre, en el lote 7 del fraccionamiento rancho Ojo Zarco, C. P. 20684, Pabellón de Arteaga, Aguascalientes","EMA POWER COMPANY, S.A.P.I. DE C.V.",Estados Unidos,
967,"Desarrollo de Fuerzas Renovables, S. de R. L. de C. V.",GEN.,30/09/2019,E/2214/GEN/2019,399.75,1150.00,$419.24,14/02/2027,Sol,Generador,Fotovoltaica,Por iniciar obras,Zacatecas,"kilómetro 685+600 de la carretera federal Saltillo-Zacatecas, rancho Majoma, 98279, Mazapil, Zacatecas.",Enel Green Power,Italia,
968,"Eólica Guadalupe, S. de R. L. de C. V.",GEN.,30/09/2019,E/2215/GEN/2019,300.00,1156.00,$480.04,31/12/2025,Viento,Generador,Eólica,En construcción,Tamaulipas,"carretera estatal de Nuevo León 22, aproximadamente a 52 kilómetros al sur de Linares, en el Ejido Guadalupe, 87896, Villagrán, Tamaulipas.","CEMEX, S. A. B. de C. V.",México,
969,"Más Energía, S. de R. L. de C. V.",GEN.,30/09/2019,E/2217/GEN/2019,150.00,447.37,$157.95,19/02/2027,Sol,Generador,Fotovoltaica,Por iniciar obras,Coahuila,"kilómetro 11 de la carretera federal 40D Saltillo-Matamoros, colonia Ejido Emiliano Zapata, C. P. 27487, Viesca, Coahuila.",Enel Green Power,Italia,
970,"Sol de Insurgentes, S. de R. L. de C. V.",GEN.,30/09/2019,E/2218/GEN/2019,27.20,75.00,$36.00,25/06/2021,Sol,Generador,Fotovoltaica,En operación,Baja California Sur,"kilómetro 230.5 de la carretera internacional Constitución-Insurgentes, lote 21, colonia Fernando de la Tova, Valle de Santo Domingo, código postal 23700, Comondú, Baja California Sur.","Thermion Solar PV Holdings, S.AP.I. de C.V.",México,Subasta 1
971,"México Lindo Solar PV I, S. A. de C. V.",GEN.,29/11/2019,E/2221/GEN/2019,65.00,149.23,$51.53,30/06/2021,Sol,Generador,Fotovoltaica,Por iniciar obras,Coahuila,"kilómetro 10 de la carretera municipal Frontera-Pozuelos de Arriba, C. P.  25644, Frontera, Coahuila","SDC Tecnoambiente-Aljaval, S. A. de C. V.",España,
972,"Next Energy del Centro, S. de R. L. de C. V.",GEN.,29/11/2019,E/2222/GEN/2019,21.46,56.53,$24.03,01/04/2020,Sol,Generador,Fotovoltaica,En construcción,Aguascalientes,"kilómetro 2.4 de la carretera Aguascalientes 40, s/n, colonia Las Cañadas, C. P. 20320, localidad Gral. José María Morelos y Pavón, Aguascalientes, Aguascalientes",Eugenio Javier Máiz Domene,México,
973,PEMEX Exploración y Producción,GEN.,29/11/2019,E/2223/GEN/2019,26.78,210.05,$20.95,30/11/2019,Gas Natural,Generador,Combustión Interna,En operación,Campeche,"Plataforma de Producción Akal-J3, aproximadamente a 95 kilómetros al norte de Ciudad del Carmen Campeche y a 150 kilómetros de la Terminal Marítima Dos Bocas, Carmen, Campeche.",Pemex,México,
974,"Servicios Compresión de Gas CA-KU-A1, S. A. P. I. de C. V.",GEN.,29/11/2019,E/2225/GEN/2019,14.83,77.56,$29.35,29/02/2020,Gas combustible y Diésel,Generador,Combustión Interna,En operación,Campeche,"Plataforma de Producción CA-KU-A1, aproximadamente a 102 kilómetros del puerto de Ciudad del Carmen Campeche y a 159 kilómetros del puerto de Dos Bocas, Carmen, Campeche.","Dragados Offshore de México, S. A. de C. V.",España,
975,"Solar Energy I, S. de R. L. de C. V.",GEN.,29/11/2019,E/2226/GEN/2019,188.70,466.90,$140.00,30/03/2022,Sol,Generador,Fotovoltaica,Por iniciar obras,Hidalgo,"kilómetro 10 de la carretera federal México 88 Emiliano Zapata-Ciudad Sahagún, C. P.  43968, Emiliano Zapata, Hidalgo","Inmobiliaria Tamanche, S. A. de C. V.",México,
976,"Genomma Lab Internacional, S. A. B. de C. V.",GEN.,27/02/2020,E/2232/GEN/2020,2.00,16.40,$3.07,26/11/2020,Gas Natural,Generador,Combustión Interna,En operación,Estado de México,"kilómetro 13.5 de la carretera Toluca-Atlacomulco número 112, C. P. 50295, Toluca, Estado de México","Banco Invex, S. A.",México,
977,"La Pimienta Solar, S. de R. L. de C. V.",GEN.,27/02/2020,E/2234/GEN/2020,357.50,772.53,$349.70,31/12/2025,Sol,Generador,Fotovoltaica,En operación,Campeche,"kilómetro 167+500 de la carretera federal 186 Villahermosa-Escárcega, C. P. 24317, Carmen, Campeche","Atlas Renawable Energy Mexico, S. de R. L. de C. V.",España,Subasta 1
978,"Látex Mexicana, S. A. de C. V.",GEN.,27/02/2020,E/2235/GEN/2020,1.00,6.75,$1.54,13/01/2021,Gas Natural,Generador,Turbogás,En operación,Jalisco,"calzada González Gallo número 4100, San Pedro Tlaquepaque, C. P. 45580, Tlaquepaque, Jalisco","Latex Occidental Corporativo, S.A. de C.V.",México,
979,"PF Protón I, S. A. P. I. de C. V.",GEN.,27/02/2020,E/2236/GEN/2020,104.50,284.25,$106.97,15/12/2025,Sol,Generador,Fotovoltaica,En construcción,Aguascalientes,"kilómetro 8 de la carretera estatal 36, tramo San Isidro-Bajío de San José, C. P. 20386, Aguascalientes, Aguascalientes","Indi Infraestructura, S. A. de C. V.",México,
980,"Plasti-Envases, S. A. de C. V.",GEN.,27/02/2020,E/2237/GEN/2020,2.00,3.09,$5.14,31/07/2020,Sol,Generador,Fotovoltaica,En construcción,Estado de México,"avenida Hidalgo número 101, parque industrial Cartagena, C. P. 54918, Tultitlán, Estado de México",Eugenia Braun Pérez Verdia,México,
981,"Radiomóvil Dipsa, S. A. de C. V.",GEN.,27/02/2020,E/2239/GEN/2020,7.00,61.32,$8.56,01/11/2024,Gas Natural,Generador,Combustión Interna,En operación,Estado de México,"calle Valparaíso Sur, manzana 2, lote 4, barrio San Pedro, C. P. 50773, Ixtlahuaca, Estado de México","SERCOTEL, S. A. de C. V.",México,
982,"AE Mex Global, S. de R. L. de C. V.",GEN.,27/02/2020,E/2241/GEN/2020,138.00,565.88,$276.00,20/12/2020,Viento,Generador,Eólica,En operación,Tamaulipas,"predio rústico el Roble en el kilómetro 88+568.54 de la carretera San Fernando-Reynosa, tramo Tejón Reynosa, colonia Santa Cruz, C. P. 88650, Reynosa, Tamaulipas.",Acciona,España,
983,"CFE Generación I, Central Valle De México",GEN.,29/10/2020,E/2245/GEN/2020,1287.92,9815.52,$425.31,15/04/1963,Gas Natural,Generador,Ciclo Combinado,En operación,Estado de México,"Carretera Transmetropolitana Tramo San Bernardino kilómetro 38, Colonia Guadalupe Victoria, C. P. 55885, Población Tepexpan, Acolman, Estado de México",Comisión Federal de Electricidad,México,
984,"CFE Generación I, Central Termoeléctrica Ciclo Combinado Tula",GEN.,29/10/2020,E/2246/GEN/2020,566.69,3487.00,$312.25,28/11/2020,Gas Natural,Generador,Ciclo Combinado,En operación,Hidalgo,"Carretera Jorobas - Tula kilómetro 28, El Llano Segunda Sección, Tula de Allende, Hidalgo.",Comisión Federal de Electricidad,México,
985,"Veolus Servicios Energéticos II, S. A. de C. V., Central 4",GEN.,29/10/2020,E/2247/GEN/2020,1.20,812.00,$1.77,25/04/2022,Gas Natural,Generador,Combustión Interna,En construcción,Estado de México,"Parque Industrial, en la avenida Isidro Fabela Norte número 1238, Delegación Atzcapotzaltongo, C. P. 50290, Toluca, Estado de México",Veolus Energía y Gestión Técnica S.A. de C.V.,México,
986,"Veolus Servicios Energéticos II, S. A. de C. V., Central 3",GEN.,29/10/2020,E/2248/GEN/2020,1.20,812.00,$2.49,18/03/2022,Gas Natural,Generador,Combustión Interna,En construcción,Ciudad de México,"Avenida División del Norte, número 3377-I, colonia El Rosario, C. P. 04380, Coyoacán, Ciudad de México",Veolus Energía y Gestión Técnica S.A. de C.V.,México,
987,"Veolus Servicios Energéticos II, S. A. de C. V., Central 2",GEN.,29/10/2020,E/2249/GEN/2020,1.20,812.00,$2.39,27/06/2022,Gas Natural,Generador,Combustión Interna,En construcción,Ciudad de México,"Calle Poniente 150, número 764, interior 2, colonia Industrial Vallejo, C. P. 02300, Azcapotzalco, Ciudad de México",Veolus Energía y Gestión Técnica S.A. de C.V.,México,
988,"Veolus Servicios Energéticos II, S. A. de C. V., Central 1",GEN.,29/10/2020,E/2250/GEN/2020,1.20,967.00,$1.06,25/12/2021,Gas Natural,Generador,Combustión Interna,En construcción,Ciudad de México,"Boulevard Ferrocarriles número 277, colonia Industrial Vallejo, C. P. 02300, Azcapotzalco, Ciudad de México",Veolus Energía y Gestión Técnica S.A. de C.V.,México,
989,"CFE Generación III, Central San Luis Río Colorado I",GEN.,27/11/2020,E/2251/GEN/2020,790.00,5058.11,$332.55,31/12/2025,Gas Natural,Generador,Ciclo Combinado,En construcción,Sonora,"Parcela 39-1 Parque Industrial Internacional al sureste de San Luis Río Colorado, acceso sobre el km 4+450 Libramiento Golfo de Santa Clara-Ejido la Islita, coordenadas 32° 25.280’ N, 114° 42.800’ O, C. P. 83520, San Luis Río Colorado, Sonora",Comisión Federal de Electricidad,México,
990,PEMEX Exploración y Producción,GEN.,26/01/2021,E/2252/GEN/2021,1.36,1.96,$2.18,06/06/2021,Diésel,Petróleo,Combustión Interna,En operación,Tabasco,"Plataforma Habitacional Litoral A2, aproximadamente a 40 kilómetros al norte de la Ciudad de Frontera, 18° 52.523’ N, 92° 37.170’ O, C. P. 86750, Centla, Tabasco",Pemex,México,
991,"Flex Américas, S. A. de C. V.",GEN.,13/08/2021,E/2254/GEN/2021,15.11,70.08,$10.24,05/01/2022,Gas natural,Generador,Combustión Interna,En operación,Tamaulipas,"Boulevard de los Ríos número 5680 Z, Puerto Industrial, C. P. 89603, Altamira, Tamaulipas",Sirikanta Kuamr Biswal y Upet Pte. Ltd,Noruega - India,
992,"ENI México, S. de R. L. de C. V.",GEN.,28/02/2022,E/2261/GEN/2022,107.60,407.34,$40.00,20/02/2022,Gas natural y diésel,,Termoeléctrica Convencional,En operación,Tabasco,"Provincia petrolera cuencas del sureste, Sánchez Magallanes a 32 kilómetros del puerto de Dos Bocas",Eni,Italia,
993,"Hokchi Energy, S. A. de C. V.",GEN.,25/05/2022,E/2267/GEN/2022,40.38,144.21,$37.50,28/06/2022,Gas Natural,Generador,Combustión Interna,En operación,Tabasco,"Kilómetro 8.6 de la carretera Estatal Paraíso-Barra de Tupilco, Ranchería Las Flores Segunda Sección, coordenadas 18° 26.081’ N, 93° 15.140’ O, C. P. 86600, Paraíso, Tabasco.",Hokchi Ibérica,España,
994,"Pemex Transformación Industrial, Dos Bocas",GEN.,29/06/2022,E/2268/GEN/2022,341.08,2287.00,$325.21,25/10/2026,Gas Natural,Petroquímica,Cogeneración,En construcción,Tabasco,"Carretera federal Paraíso-El Bellote 105-A, colonia Ría. Ceiba, C. P. 86610, Paraíso, Tabasco.",PEMEX,México,
995,"Aeropuerto Internacional Felipe Ángeles, S. A. de C. V.",GEN.,14/07/2022,E/2269/GEN/2022,20.70,160.68,$3.43,30/08/2022,Gas Natural,Gobierno,Cogeneración,En operación,Estado de México,"Kilómetro 42.5 de la carretera federal número 85 México–Pachuca, en el campo militar 37–D, Santa Lucía, C. P. 55640, Zumpango, Estado de México.",SEDENA,México,
996,"Aeropuerto Internacional Felipe Ángeles, S. A. de C. V.",GEN.,14/07/2022,E/2270/GEN/2022,0.80,1.68,$1.21,30/08/2022,Sol,Gobierno,Fotovoltaica,En operación,Estado de México,"Kilómetro 42.5 de la carretera federal número 85 México–Pachuca, en el campo militar 37–D, Santa Lucía, C. P. 55640, Zumpango, Estado de México.",SEDENA,México,
997,"CFE Generación I, Nonoalco",GEN.,30/08/2022,E/2271/GEN/2022,91.02,64.62,$62.40,10/12/2023,Gas Natural,Generador,Turbogás,En construcción,Ciudad de México,"Calle Luna número 254, colonia Guerrero, C. P. 06300, Cuauhtémoc, Ciudad de México.",Comisión Federal de Electricidad,México,
998,"CFE Generación III, Puerto Peñasco",GEN.,30/08/2022,E/2272/GEN/2022,457.21,1041.74,$815.62,11/09/2024,Sol,Generador,Fotovoltaica,En operación,Sonora,"Ejido Miramar en el kilómetro 24 de la carretera Puerto Peñasco-Caborca, C. P. 83550, Puerto Peñasco, Sonora.",Comisión Federal de Electricidad,México,
999,"RMCS Comercio, S. A. P. I. de C. V.",GEN.,21/09/2022,E/1510/GEN/2015,30.00,70.95,$45.00,24/02/2027,Sol,Industrias Diversas,Fotovoltaica,En construcción,Chihuahua,"Carretera Cd. Juárez-Casas
Grandes, kilómetro 36 al 41, Secc. C, Fracción 2, Parcela 13, (Coordenadas 31°
36' 10.17"" N, 106° 52' 57.91"" 0), Ejido Cuauhtémoc, Ascensión, Chihuahua.","Grupo Trimex, S. A. de C. V.",México,
1000,"Energía Villa de Arriaga, S. de R. L. de C. V.",GEN.,29/09/2022,E/1339/GEN/2015,94.00,270.60,$141.00,20/04/2027,Sol,Industrias Diversas,Fotovoltaica,En construcción,San Luis Potosí,"Carretera Villa de
Arriaga-Laguna de Guadalupe, kilómetro 6.5, 78490, Villa de Arriaga, San Luis Potosí.","Solairedirect Participations, S. A. R. L.",Francia,
1001,"Viento de Bella Unión, S. de R. L. de C. V.",GEN.,29/09/2022,E/1366/GEN/2015,50.00,140.00,$75.00,05/03/2027,Sol,Industrias Diversas,Fotovoltaica,En construcción,Coahuila,"kilómetro 218 S/N de la carretera Matehuala-Saltillo, ejido Los Llanos, Arteaga, Coahuila.Coahuila.",Luis Eduardo Corral Andujo,México,
1002,"Sol de Los Manzanos, S. de R. L. de C. V.",GEN.,29/09/2022,E/1367/GEN/2015,30.00,59.00,$45.00,24/02/2025,Sol,Industrias Diversas,Fotovoltaica,En construcción,Chihuahua,"Kilómetro 4 del Periférico Gómez Morín, Valle de Anáhuac, Cuauhtémoc, 31619, Chihuahua.",X-Elio Energy S. A. de C. V.,España,
1003,"Fotovoltaica ENH, S. A. de C. V.",GEN.,29/09/2022,E/1492/GEN/2015,25.00,68.20,$37.50,01/02/2021,Sol,Industrias Diversas,Fotovoltaica,En operación,Sonora,"Polígono Al en el Kilómetro 23 de la carretera a bahía de Kino, San Juan Nepomuceno, Hermosillo, Sonora","Sport City, S. A. de C. V.",México,
1004,"Altair Importación y Exportación, S. A. P. I. de C. V.",GEN.,29/09/2022,E/1503/GEN/2015,30.00,70.95,$45.00,24/02/2027,Sol,Industrias Diversas,Fotovoltaica,En construcción,Chihuahua,"Carretera Cd. Juárez-Casas
Grandes, kilómetro 36 al 41, Secc. C, Fracción 2, Parcela 132 (Coordenadas
31° 36' 10.17"" N, 106° 52' 57.91"" 0), Ejido Cuauhtémoc, Ascensión,
Chihuahua.","Grupo Trimex, S. A. de C. V.",México,
1005,"Cajeme Solar, S. A. P. I. de C. V.",GEN.,29/09/2022,E/1504/GEN/2015,10.00,21.55,$15.00,28/10/2024,Sol,Industrias Diversas,Fotovoltaica,En construcción,Sonora,"Parcela 15 y Fracción Central de las
Parcelas 16 y 17, Ejido de Robles Castillo Individualista (Coordenadas 27° 26'
24.37"" N, -109° 58' 47.64"" 0), 85203, Cajeme, Sonora.","Municipio de Cajeme, Estado de Sonora",México,
1006,"Energía Solar Alaia II, S. A. P. I. de C. V.",GEN.,29/09/2022,E/1505/GEN/2015,30.00,70.95,$45.00,24/02/2027,Sol,Industrias Diversas,Fotovoltaica,En construcción,Chihuahua,"Carretera Cd. Juárez-Casas
Grandes, kilómetro 36 al 41, Secc. C, Fracción 2, Parcela 132 (Coordenadas
31° 19' 31.93"" N, 106° 27' 11.55"" 0), Ejido Cuauhtémoc, Ascensión,
Chihuahua.","Codere México, S. A. de C. V.",España,
1007,"Energía Solar Alaia III, S. A. P. I. de C. V.",GEN.,29/09/2022,E/1506/GEN/2015,30.00,70.95,$45.00,24/02/2027,Sol,Industrias Diversas,Fotovoltaica,En construcción,Chihuahua,"Carretera Cd. Juárez-Casas
Grandes, kilómetro 36 al 41, Secc. C, Fracción 2, Parcela 132 (Coordenadas
31° 36' 10.17"" N, 106° 52' 57.91"" 0), Ejido Cuauhtémoc, Ascensión,
Chihuahua.","Codere México, S. A. de C. V.",España,
1008,"Energía Solar Alaia IV, S. A. P. I. de C. V.",GEN.,29/09/2022,E/1507/GEN/2015,30.00,70.95,$45.00,24/02/2027,Sol,Industrias Diversas,Fotovoltaica,Por iniciar obras,Chihuahua,"Carretera Cd. Juárez-Casas
Grandes, kilómetro 36 al 41, Secc. C, Fracción 2, Parcela 132 (Coordenadas
31° 36' 10.17"" N, 106° 52' 57.91"" 0), Ejido Cuauhtémoc, Ascensión,
Chihuahua","Codere México, S. A. de C. V.",España,
1009,"Energía Solar Alaia V, S. A. P. I. de C. V.",GEN.,29/09/2022,E/1508/GEN/2015,30.00,70.95,$45.00,24/02/2027,Sol,Industrias Diversas,Fotovoltaica,En construcción,Chihuahua,"Carretera Cd. Juárez-Casas
Grandes, kilómetro 36 al 41, Secc. C, Fracción 2, Parcela 132 (Coordenadas
31° 36' 10.17"" N, 106° 52' 57.91"" 0), Ejido Cuauhtémoc, Ascensión,
Chihuahua.","Codere México, S. A. de C. V.",España,
1010,"Tampico Renewable Energy, S. A. P. I. de C. V., Central III",GEN.,21/10/2022,E/2273/GEN/2022,74.00,271.47,$20.43,01/06/2027,Bagazo de Caña,Azucarero,Bioenergía,En construcción,Tamaulipas,"Avenida General Aarón Sáenz Garza número 901 interior A, colonia
Obrera 1, coordenadas 22° 43.697’ N, 98° 58.669’ O, C. P. 89870, El Mante,
Tamaulipas.",Mesoamerica Sugar Investments Coöperatief U. A.,Países Bajos,
1011,"CFE Generación III, CC González Ortega",GEN.,21/10/2022,E/2274/GEN/2022,790.00,5989.00,$498.47,31/03/2025,Gas Natural,Generación,Ciclo Combinado,En construcción,Baja California,"kilómetro 5 de la carretera estatal número 2 en el tramo Mexicali-Ejido Michoacán de Ocampo aproximadamente a 280 metros del Libramiento Mexicali-Tijuana, C. P. 21620, Mexicali, Baja California",Comisión Federal de Electricidad,México,
1012,"Piasa Ingenio Plan de San Luis, S. A. de C. V.",GEN.,21/10/2022,E/2275/GEN/2022,20.00,47.00,$46.82,30/11/2022,Bagazo de caña,Azucarero,Bioenergía,En operación,San Luis Potosí,"Carretera La Hincada-El Naranjo número 42, colonia Ampliación la Hincada, coordenadas 22° 13.018’ N, 99° 13.962’ O, C. P. 79235, Ciudad Valles, San Luis Potosí.",Piasa Ingenio Plan de San Luis,México,
1013,"Silkimya, S. A. de C. V.",GEN.,22/11/2022,E/2279/GEN/2022,1.55,13.22,$1.90,31/12/2023,Gas Natural,,Cogeneración,En construcción,Tamaulipas,"Boulevard de los Ríos s/n, localidad Puerto Industrial, coordenadas 22° 27.444' N, 97° 53.878' O, C. P. 89603, Altamira, Tamaulipas.","Silkimya, S. A. de C. V.",México,
1014,"Destiladora de Alcoholes y Mieles, S. A. de C. V.",GEN.,22/11/2022,E/2280/GEN/2022,1.52,11.98,$1.02,01/01/2023,Biogás y combustóleo,,Cogeneración,En construcción,Veracruz,"Kilómetro 44 de la carretera federal Córdoba - La Tinaja, localidad Palma Sola, coordenadas 18° 44.568' N, 96° 35.547' O, C. P. 94910, Cuitláhuac, Veracruz.","Destiladora de Alcoholes y Mieles, S. A. de C. V.",México,
1015,"Availmed, S. A. de C. V.",GEN.,22/11/2022,E/2281/GEN/2022,5.00,41.36,$5.73,10/06/2024,Gas Natural,,Cogeneración,En operación,Baja California,"Avenida Industrial número 20905, interior A, colonia Ciudad Industrial, coordenadas 32° 32.319' N, 116° 54.514' O, C. P. 22444, Tijuana, Baja California","Pacific Device, Inc.",Estados Unidos,
1016,"Ingenio El Mante, S. A. de C. V.",GEN.,22/11/2022,E/2282/GEN/2022,27.50,88.20,$7.44,29/02/2024,Bagazo de Caña,,Cogeneración,En operación,Tamaulipas,"Avenida General Aarón Sáenz Garza número 901 interior A, colonia Obrera 1, coordenadas 22° 43.615’ N, 98° 58.654’ O, C. P. 89870, El Mante, Tamaulipas.",Mesoamerica Sugar Investments Coöperatief U. A.,Paises Bajos,
1017,"Tampico Renewable Energy, S. A. P. I. de C. V.",GEN.,22/11/2022,E/2283/GEN/2022,15.00,75.60,$9.27,30/11/2022,Bagazo de Caña,,Cogeneración,En operación,Veracruz,"Calle Laguna número 101, colonia Alto del Estero, coordenadas 22° 00.986’ N, 98° 10.816’ O, C. P. 92000, Pánuco, Veracruz.",Mesoamerica Sugar Investments Coöperatief U. A.,Paises Bajos,
1018,"Servicios Integrales en Reúso de Agua, S. A. de C. V.",GEN.,29/11/2022,E/2285/GEN/2022,1.43,12.15,$2.92,30/12/2022,Biogás,,Cogeneración,En operación,Chihuahua,"Kilómetro 6.1 del Boulevard Juan Pablo II, colonia Aeropuerto, coordenadas 28° 40.110’ N, 106° 00.265’ O, C. P. 31384, Chihuahua, Chihuahua.","La Peninsular Compañía Constructora, S. A. de C. V.",México,
1019,"Malta Texo de México, S. A. de C. V.",GEN.,13/12/2022,E/2286/GEN/2022,1.14,8.68,$1.55,30/06/2025,Gas Natural,,Cogeneración,En construcción,Estado de México,"Kilómetro 16.3 de la carretera Los Reyes Texcoco Libramiento Lechería y Texcoco, San Bernardino, coordenadas 19° 28.370’ N, 98° 53.633’ O, C. P. 56260, Texcoco, Estado de México","Malta Industries, S. A. de C. V.",México,
1020,"Industrial Oleopalma, S. A. de C. V.",GEN.,13/12/2022,E/2287/GEN/2022,1.20,4.15,$2.38,03/04/2023,Biomasa,,Cogeneración,En construcción,Tabasco,"Kilómetro 1 de la carretera Ejido-Aquiles Serdán, San Miguel de Afuera, coordenadas 17° 44.445’ N, 92° 47.080’ O, C. P. 86850, Jalapa, Tabasco.","Oleoquímica Mexicana, S. A. de C. V.",México,
1021,"American Beef, S. A. de C. V.",GEN.,20/12/2022,E/2288/GEN/2022,2.12,13.52,$2.77,18/12/2023,Gas Natural,,Cogeneración,En construcción,Chihuahua,"Retorno Pablo Neruda número 107, complejo Industrial Chihuahua, coordenadas 28° 43.143’ N, 106° 07.672’ O, C. P. 31136, Chihuahua, Chihuahua","American Beef, S. A. de C. V.",México,
1022,"México FLNG, S. de R. L. de C. V.",GEN.,17/02/2023,E/2289/GEN/2023,63.28,217.82,$22.50,31/08/2023,Gas Natural,,Turbogás,En operación,Tamaulipas,"Plataforma marina localizada aproximadamente a 15 kilómetros aguas adentro de la costa de Aldama, Tamaulipas y a 25 kilómetros del Puerto de Altamira Tamaulipas, en el Golfo de México",FLNG Globlal Production CO. Limited,Reino Unido/Estados Unidos,
1023,"Papel y Empaques Gondi Monterrey, S. de R. L. de C. V.",GEN.,15/03/2023,E/2291/GEN/2023,39.67,281.32,$88.90,22/01/2027,Gas Natural,Papelero,Cogeneración,En construcción,Nuevo León,"Calle Murillo 1070, Parque Industrial Nexxus, Guadalupe, Nuevo León.","Gondi, S. de R. L. de C. V.",México,
1024,"PLEXUS ELECTRONICA, S. DE R.L. DE C.V.",GEN.,18/05/2023,E/2292/GEN/2023,1.00,6.81,$2.73,30/12/2023,Gas Natural,Industrias Diversas,Turbogás,En construcción,Jalisco,"Avenida Guadalupe 920 C, San Juan Ocotán, coordenadas 20° 43.518’ N, 103° 28.894’ O, C. P. 45019, Zapopan, Jalisco.","Electrónica Las Torres, S. A. de C. V.",México,
1025,"Iberdrola Renovables del Bajío, S. A. de C. V.",GEN.,09/06/2023,E/2293/GEN/2023,105.00,367.56,$157.50,15/09/2023,Viento,Industrias Diversas,Eólica,En operación,Guanajuato,"Ejido San Pedro Almoloyan, coordenadas 21° 42.236’ N, 101° 12.077’ O, C. P. 37610, San Felipe, Guanajuato",Iberdrola,España,
1026,"Audi México, S. A. de C. V.",GEN.,29/06/2023,E/2294/GEN/2023,4.20,12.76,$4.31,30/08/2024,Sol,Industrias Diversas,Fotovoltaica,En construcción,Puebla,"Boulevard Q5 número 1, coordenadas 19° 13.383’ N, 97° 45.555’ O, C. P. 75012, San José Chiapa, Puebla",Audi AG,Alemania,
1027,Gobierno de la Ciudad de México,GEN.,29/06/2023,E/2295/GEN/2023,16.00,25.26,$35.28,20/12/2024,Sol,Gobierno,Fotovoltaica,En operación,Ciudad de México,"Avenida Canal de Río Churubusco s/n esquina Canal de Apatlaco, Colonia Central de Abastos, coordenadas 19° 22.674’ N, 99° 05.565’ O, C. P. 09040, Iztapalapa, Ciudad de México",Gobierno de la Ciudad de México,México,
1028,"Energía Sierra Juárez, S. de R. L. de C. V.",A.IMP,20/07/2023,AUT/006/2023,15.20,7.60,$546.64,01/10/2025,Importación,Generación,Importación,En construcción,Baja California,"Calle del ejido 405589 a la altura del kilómetro 71 de la carretera libre Tecate-Mexicali, colonia Ejido Aubanel Vallejo, coordenadas 32° 28.965’ N, 116° 00.850’ O, C. P. 21400, Tecate, Baja California",Sempra Infraestructura,Estados Unidos,
1029,"Energía Sierra Juárez, S. de R. L. de C. V.",A.EXP,20/07/2023,AUT/007/2023,318.60,1170.80,$546.64,01/10/2025,Viento,Generación,Eólica,En construcción,Baja California,"Calle del ejido 405589 a la altura del kilómetro 71 de la carretera libre Tecate-Mexicali, colonia Ejido Aubanel Vallejo, coordenadas 32° 28.965’ N, 116° 00.850’ O, C. P. 21400, Tecate, Baja California",Sempra Infraestructura,Estados Unidos,
1030,"Perenco México, S. A. de C. V.",GEN.,20/07/2023,E/2296/GEN/2023,5.20,30.19,$3.97,24/10/2023,Gas Natural,Petróleo,Combustión Interna,En construcción,Tabasco,"Batería de separación Santuario Bloque Noreste, en el kilómetro 2+283 de la carretera que interconecta la  Ranchería el Guayo con el poblado Carlos Greene, coordenadas 18° 16.697’ N, 93° 27.774’ O, C. P. 86630, Comalcalco, Tabasco",Petrofac Netherlands Holding B. V.,Reino Unido,
1031,"Aligntech de México, S. de R. L. de C. V.",GEN.,20/07/2023,E/2297/GEN/2023,1.68,3.66,$2.21,15/01/2025,Sol,IndustriasDiversas,Fotovoltaica,En construcción,Chihuahua,"Avenida Intermex 1357, Parque Industrial Intermex, coordenadas 31° 37.955’ N, 106° 23.220’ O, C.P. 32575, Ciudad Juárez, Chihuahua","Align Technology, Inc.",Estados Unidos,
1032,"Ecoplexus, S. de R. L. de C. V.",GEN.,20/07/2023,E/2298/GEN/2023,165.00,505.01,$137.50,30/06/2025,Sol,Generación,Fotovoltaica,En construcción,Guanajuato,"Kilómetro 34.8 de la carretera Federal número 90, tramo Irapuato-Zapotlanejo, coordenadas 
20° 29.182’ N, 101° 34.696’ O, C. P. 36985, Abasolo, Guanajuato",Ecoplexus Inc.,Estados Unidos,
1033,"Energía Sierra Juárez, S. de R. L. de C. V.",GEN.,20/07/2023,E/2299/GEN/2023,318.60,1170.80,$546.64,01/10/2025,Viento,Generación,Eólica,En construcción,Baja California,"Calle del ejido 405589 a la altura del kilómetro 71 de la carretera libre Tecate-Mexicali, colonia Ejido Aubanel Vallejo, coordenadas 32° 28.965’ N, 116° 00.850’ O, C. P. 21400, Tecate, Baja California",Sempra Infraestructura,Estados Unidos,
1034,"Cogen Tepetlaoxtoc, S. A. P. I. de C. V.",GEN.,30/08/2023,E/2301/GEN/2023,16.80,135.46,$24.46,31/03/2025,Gas Natural,Generación,Combustión Interna,En construcción,Estado de México,"Calle del Panteón número 8, barrio la Columna, Primera Demarcación, coordenadas  
19° 34.260’ N, 98° 49.971’ O, C. P. 56070, Tepetlaoxtoc, Estado de México.","Enefi Corp México, S. de R. L. de C. V.",México,
1035,"Energía Nuevo Parque Industrial San Juan, S. A. P. I. de C. V.",GEN.,30/08/2023,E/2302/GEN/2023,3.17,25.98,$8.85,15/08/2025,Gas Natural,Industrias Varias,Combustión Interna,En construcción,Querétaro,"Avenida Aztecas s/n, Parque Industrial Nuevo San Juan, coordenadas 20° 21.636’ N,  
99° 57.524’ O, C. P. 76806, San Juan del Río, Querétaro.","INCO Renovables, S. A. P. I. de C. V.",México,
1036,"Amaunet, S. de R. L. de C. V.",GEN.,28/09/2023,E/2303/GEN/2023,159.44,954.34,$206.04,13/11/2023,Gas Natural y Diésel,Generador,Turbogás,En operación,Baja California Sur,"Carretera federal número 11 Baja California Sur La Paz-El Tecolote, colonia Terminal de Transbordadores Pichilingue, coordenadas 24° 16.380’ N, 110° 19.495’ O, C. P. 23010, La Paz, Baja California Sur",NFE BCS Holdings LLC,Estados Unidos,
1037,"CFE Generación I, Central Ciclo Combinado Salamanca",GEN.,28/09/2023,E/2304/GEN/2023,1010.70,8227.70,$614.12,31/12/2026,Gas Natural,Generador,Ciclo Combinado,En construcción,Guanajuato,"Prolongación Avenida Faja de Oro, Colonia Centro, coordenadas 20° 33.917’ N, 101° 10.133’ O, C. P. 36700, Salamanca, Guanajuato.",Comisión Federal de Electricidad,México,
1038,"Igsabil, S. A. de C. V.",GEN.,28/09/2023,E/2305/GEN/2023,17.22,143.30,$31.32,17/07/2025,Gas Natural,Industrias Diversas,Turbogás,En construcción,Jalisco,"Avenida Guadalupe número 420 A, Guadalajara Technology Park, coordenadas 20° 43.341’ N, 103° 29.059’ O, C. P. 45222, Zapopan, Jalisco.","Grupo Industrial IGSA, S. A. de C. V.",México,
1039,"TRANSPORTADORA DE GAS SIERRA MADRE, S. DE R.L. DE C.V., Estación de Compresión CS-2",GEN.,30/10/2023,E/2306/GEN/2023,6.90,38.76,$7.42,01/02/2029,Gas Natural,Industrias Diversas,Combustión Interna,En construcción,Chihuahua,"Zona rural aproximadamente a 6.3 km en línea recta del poblado Juan Mata Ortiz, a 8 km aproximadamente de la carretera estatal número 4 Casas Grandes-Juan Mata Ortiz, coordenadas 30° 09.562’ N, 108° 05.037’ O,  C. P. 31861, Casas Grandes, Chihuahua.","México Pacific Asseets Holding, S. de R. L. de C. V.",México,
1040,"TRANSPORTADORA DE GAS SIERRA MADRE, S. DE R.L. DE C.V., Estación de Medición, Regulación y Compresión CS-4",GEN.,30/10/2023,E/2307/GEN/2023,8.38,51.68,$28.04,01/02/2029,Gas Natural,Industrias Diversas,Combustión Interna,En construcción,Sonora,"kilómetro 111 de la carretera número 2, Santa Ana Caborca, coordenadas 30° 33.581’ N, 111° 14.039’O,  C. P. 84600, Santa Ana, Sonora.","México Pacific Asseets Holding, S. de R. L. de C. V.",México,
1041,"México Pacific Land Holdings, S. de R.L. de C.V.",GEN.,30/10/2023,E/2308/GEN/2023,140.96,1158.14,$102.67,01/03/2029,Gas Natural,Industrias Diversas,Combustión Interna,En construcción,Sonora,"Carretera estatal 36 Norte S/N, Puerto Libertad coordenadas 29° 52.788’ N, 112° 39.443’ O , C. P. 83974, Pitiquito, Sonora.","México Pacific Asseets Holding, S. de R. L. de C. V.",México,
1042,"TRANSPORTADORA DE GAS SIERRA MADRE, S. DE R.L. DE C.V., Estación de Compresión CS-3",GEN.,30/10/2023,E/2309/GEN/2023,6.90,38.76,$7.42,01/02/2029,Gas Natural,Industrias Diversas,Combustión Interna,En construcción,Sonora,"Aproximadamente a 6 kilómetros en línea recta de la localidad Los Hoyos, coordenadas 30° 10.520’ N, 109° 45.814’ O,  C. P. 84500, Cumpas, Sonora","México Pacific Asseets Holding, S. de R. L. de C. V.",México,
1043,"TRANSPORTADORA DE GAS SIERRA MADRE, S. DE R.L. DE C.V., CS-1 Estación de Medición, Regulación y Compresión",GEN.,30/10/2023,E/2310/GEN/2023,6.90,38.76,$7.42,01/02/2029,Gas Natural,Industrias Diversas,Combustión Interna,En construcción,Chihuahua,"kilómetro 213+18 de la carretera Villa Ahumada-Ciudad Juárez, coordenadas 30° 23.821’ N, 106° 31.286’ O,  C. P. 32800, Villa Ahumada, Chihuahua","México Pacific Asseets Holding, S. de R. L. de C. V.",México,
1044,"Iberdrola Energía Monterrey, S. A. de C. V.",GEN.,22/11/2023,E/205/GEN/2002,677.90,5579.26,$752.44,30/05/2002,Gas Natural,Industrias Diversas,Ciclo combinado,En operación,Nuevo León,"Sitio denominado ""La Camisa"", Pesquería, Nuevo León",Mexico Infrastructure Partners (MIP),México,
1045,"Encon Monterrey, S.A. de C.V.",GEN.,30/11/2023,E/1055/GEN/2013,338.00,2671.00,$372.30,01/10/2016,Gas Natural,Industrias Diversas,Ciclo combinado,En operación,Nuevo León,"kilómetro 12.5 de la Carretera a Dulces Nombres, Pesquería, 66650, Nuevo León",Iberdrola,España,
1046,"Hidroelectricidad del Pacífico, S. de R.L. de C.V.",GEN.,30/11/2023,E/147/GEN/99,9.15,37.00,$13.73,01/04/2003,Agua,Maquilador,Hidroeléctrica,En operación,Jalisco,"Presa Trojes, sobre el Río Barrenas, Pihuamo, Jalisco","Exportex, S. A. de C. V.",México,
1047,"Akin Solar, S. A. de C. V.",GEN.,30/11/2023,E/1501/GEN/2015,100.00,298.69,$150.00,09/12/2019,Sol,Industrias Diversas,Fotovoltaica,En operación,Sonora,"Parcela 71 Z-1 P1/1/1, ejido Puerto Libertad, 
Pitiquito, 83970, Sonora.","Grupo Famsa, S. A. B. de C. V.",México,
1048,"Encon Monterrey, S.A. de C.V.",GEN.,30/11/2023,E/2311/GEN/2023,64.30,393.26,$0.00,01/04/2024,Gas Natural,Industrias Diversas,Ciclo Combinado,En construcción,Nuevo León,"Miguel Barragán Pte. 702, Colonia Industrial, Monterrey, coordenadas 25° 41.557' N, 100° 19.185' O, C. P. 64440, Nuevo León","Iberdrola Energía, S. A. de C. V.",España,
1049,"WIND PRO, S.A.P.I. DE C.V.",A.IMP,20/12/2023,AUT/008/2023,5.30,3.00,$20.79,31/08/2027,Importación,Industrias Diversas,Importación,Por iniciar obras,Baja California,"kilómetro 90 de la carretera federal 2 libre MexicaliTijuana, en el tramo Tecate-La Rumorosa, coordenadas 32° 32.958’ N,  116° 07.306’ O, C. P. 21511, Tecate, Baja California.","Ignis Energy México, S. A. P. I. de C. V.",México,
1050,"WIND PRO, S.A.P.I. DE C.V.",A.EXP,20/12/2023,AUT/009/2023,320.40,950.00,$20.79,31/08/2027,Viento,Industrias Diversas,Eólica,Por iniciar obras,Baja California,"kilómetro 90 de la carretera federal 2 libre Mexicali-Tijuana, en el tramo Tecate-La Rumorosa, coordenadas 32° 32.958’ N, 116° 07.306’ O, C. P. 21511, Tecate, Baja California.","Ignis Energy México, S. A. P. I. de C. V.",México,
1051,"WIND PRO, S.A.P.I. DE C.V.",GEN.,20/12/2023,E/2312/GEN/2023,320.40,1213.00,$459.95,31/08/2027,Viento,Industrias Diversas,Eólica,Por iniciar obras,Baja California,"kilómetro 90 de la carretera federal 2 libre Mexicali-Tijuana, en el tramo Tecate-La Rumorosa, coordenadas 32° 32.958’ N, 116° 07.306’ O, C. P. 21511, Tecate, Baja California.","Ignis Energy México, S. A. P. I. de C. V.",México,
1052,"TIME CERAMICS, S.A. DE C.V.",GEN.,20/12/2023,E/2313/GEN/2023,18.98,126.16,$16.67,06/12/2023,Gas Natural,Industrias Diversas,Combustión Interna,En construcción,Hidalgo,"kilómetro 19+200 de la carretera Calpulalpan-El Ocote S/N, Ejido de Emiliano Zapata, coordenadas  19° 38.333’ N, 98° 32.667 O, C. P. 43964, Emiliano Zapata, Hidalgo.","Times Ceramics Group, CO. Limited",China,
1053,"Microsoft 6394 México, S. de R. L. de C. V.",GEN.,30/01/2024,E/2315/GEN/2024,10.33,45.10,$33.36,25/03/2024,Gas Natural,Industrias Diversas,Combustión Interna,En construcción,Querétaro,"Calle Nube número 1, colonia La Esperanza, coordenadas 20° 39.570’ N, 100° 06.470’ O, C. P. 76296, Colón, Querétaro.",Microsoft Corp,EUA,
1054,"Trane Technologies Manufactura, S. de R. L. de C. V.",GEN.,30/01/2024,E/2316/GEN/2024,5.31,8.77,$8.35,01/04/2025,Sol,Industrias Diversas,Fotovoltaica,En construcción,Nuevo León,"Nafta número 750, colonia Parque Industrial Stiva Aeropuerto, coordenadas 25° 46.474’ N, 
100° 08.745’ O, C. P. 66600, Apodaca, Nuevo León.","Trane Technologies Latin America, B. V.",Países Bajos,
1055,"CFE GENERACION III, C. H. Picachos",GEN.,28/02/2024,E/2317/GEN/2024,6.40,35.79,$33.74,21/12/2025,Agua,Industrias Diversas,Hidroeléctrica,En construcción,Sinaloa,"Presa Picachos en el kilómetro 32.5 de la carretera El Habal a Las Iguanas, coordenadas 23° 28.762’ N, 106° 12.198’ O, C. P. 82643, Concordia, Sinaloa",Comisión Federal de Electricidad,México,
1056,"ENERGIA SIERRA JUAREZ HOLDING, S. DE R. L. DE C.V.",GEN.,26/03/2024,E/2318/GEN/2024,72.10,189.80,$63.69,31/05/2024,Sol,Industrias Diversas,Fotovoltaica,En construcción,Baja California,"kilómetro 42 de la carretera federal 2D Mexicali- Tijuana, coordenadas 32° 35.158’ N, 115° 55.028’ O, C. P. 21510, Tecate, Baja California.","Controladora Sierra Juárez, S. de R. L. de C. V.",Estados Unidos,
1057,"Molinos Azteca, S. A. de C. V.",GEN.,29/04/2024,E/2319/GEN/2024,2.47,20.96,$2.84,25/08/2026,Gas Natural,Alimentos,Combustión Interna,En construcción,Guanajuato,"Ejido Refugio de los Sauces, coordenadas 21° 00.710’ N, 101° 31.579’ O, C. P. 36275, Silao de la Victoria, Guanajuato",Gruma,México,
1058,"Prolade, S. A. P. I. de C. V.",GEN.,30/05/2024,E/2321/GEN/2024,2.47,5.54,$2.83,26/06/2024,Biomasa y Diésel,Industrias Diversas,Bioenergía,En operación,Tabasco,"Kilómetro 36.5 de la vía Huimanguillo al poblado Francisco Rueda, Rancho San Francisco, colonia José María Pino Suárez, coordenadas 17° 45.593’ N, 93° 39.093’ O, C. P. 86432, Huimanguillo, Tabasco",Luis Eduardo Tejado Bárcena,México,
1059,"CFE - Generación VI, Central Termoeléctrica Mérida II",GEN.,30/05/2024,E/2322/GEN/2024,780.00,5276.18,$562.52,12/03/1982,Combustóleo y Gas natural,Generador,Ciclo Combinado,En operación parcial,Yucatán,"Kilómetro 8 de la carretera Mérida - UMAN, colonia Industrial, coordenadas 20° 55.505’ N, 89° 41.290’ O, C. P. 97288, Mérida, Yucatán",Comisión Federal de Electricidad,México,
1060,"GCC SOLAR SAMALAYUCA, S.A. DE C.V.",GEN.,27/06/2024,E/2323/GEN/2024,22.20,59.23,$19.42,30/06/2026,Sol,Industrias Diversas,Fotovoltaica,Por iniciar obras,Chihuahua,"kilómetro 332 de la carretera 45 Miguel Ahumada-Juárez, coordenadas 31° 25.240' N, 106° 27.656' O, C. P. 32575, Juárez, Chihuahua",GCC Generación S. A. de C. V.,México,
1061,VIENTOS DE SUCILÁ SA DE CV,GEN.,27/06/2024,E/2324/GEN/2024,148.50,544.80,$177.40,30/12/2025,Viento,Industrias Diversas,Eólica,En construcción,Yucatán,"Kilómetro 127 de la carretera federal 175 Mérida-Tizimín, coordenadas 21° 12.018’ N, 88° 27.593’ O, C. P. 97630, Sucilá, Yucatán.","Enerfin Enervento Exterior, S. L. U.",España,
1062,"TERRONERA PRECIOUS METALS, S.A. DE C.V.",GEN.,30/07/2024,E/2325/GEN/2024,12.58,72.27,$12.23,01/09/2025,Gas Natural,Industrias Diversas,Combustión Interna,En construcción,Jalisco,"Camino a San Felipe paraje El Mondeño, en el Ejido Santiago de Pinos, coordenadas  20° 47.988’ N, 104° 50.651’ O, C. P. 46960, San Sebastián del Oeste, Jalisco","Endeavour Gold Corporation, S. A. de C. V.",México,
1063,"ATLACOMULCO SOLAR, S.A. DE C.V.",GEN.,30/07/2024,E/2326/GEN/2024,104.30,274.13,$73.93,29/03/2026,Sol,Industrias Diversas,Fotovoltaica,En construcción,Estado de México,"Avenida del Canal, casi esquina con la carretera Toluca-Atlacomulco a la altura del kilómetro 17, Santa Juana II Sección, coordenadas 19° 26.981’ N, 99° 43.539’ O, C. P. 50920, Almoloya de Juárez, Estado de México.","Cox Energy Solar, S .A.",España,
1064,MINERA MEDIA LUNA SA DE CV,GEN.,29/08/2024,E/2327/GEN/2024,8.45,18.60,$9.81,30/09/2024,Sol,Industrias Diversas,Fotovoltaica,En construcción,Guerrero,"Kilómetro 170 de la carretera Federal México 1-95, asentamiento Real de Limón, coordenadas 18° 00.704’ N, 99° 42.953’ O, C. P. 40592, Cocula, Guerrero","TGRXM, S. A. de C. V.",Canadá,
1065,"“NFE ALTAMIRA ONSHORE”, S.  DE R.L. DE C.V. ",GEN.,29/08/2024,E/2328/GEN/2024,47.35,208.05,$45.00,03/05/2026,Gas Natural,Industrias Diversas,Turbogás,En construcción,Tamaulipas,"Río Palmas S/N, México Puerto Industrial, coordenadas 22° 29.647’ N, 97° 53.620’ O, C. P. 89603, Altamira, Tamaulipas.",NFE FLNG 2 LC,Estados Unidos,
1066,"Tlalnepantla Cogeneración, S. A. P. I. de C. V.",GEN.,29/08/2024,E/2329/GEN/2024,13.00,108.19,$11.70,01/07/2012,Gas Natural,Industrias Diversas,Turbogás,En operación,Estado de México,"Calle San Nicolás 18-A, Col. Fraccionamiento Industrial Tlaxcolpan, coordenadas 19° 32.967’ N, 99° 12.250’ O, C. P. 54030, Tlalnepantla, Estado de México","CPIngredientes, S. A. de C. V.",México,
1067,"CFE GENERACION III, Central Hidroeléctrica Amata",GEN.,29/11/2024,E/2330/GEN/2024,10.00,48.85,$37.24,20/05/2026,Agua,Industrias Diversas,Hidroeléctrica,En construcción,Sinaloa,"En el kilómetro 165 + 250 de la Carretera Federal Número 15 (Tramo Mazatlán-CuIiacán), coordenadas 240 30.561' N, 1060 55.644' O, C. P. 80770, Cosalá, Sinaloa















I2
En el kilómetro 165 + 250 de la Carretera Federal Número 15 (",Comisión Federal de Electricidad,México,
1068,"CFE GENERACION III, Central Combustión Interna Altar",GEN.,29/11/2024,E/2331/GEN/2024,206.40,596.67,$187.72,26/06/2025,Gas Natural,Industrias Diversas,Combustión Interna,En construcción,Sonora,"Parcela 39-2 del Parque Industrial Internacional, localizado al sureste de la ciudad de la ciudad de San Luis Río Colorado, coordenadas 320 25.096' N, 1140 42.891' O, C. P. 83520, San Luis Río Colorado, Sonora.















I3
Parcela 3",Comisión Federal de Electricidad,México,
1069,"CFE GENERACION VI, Complejo Termoeléctrico Tuxpan",GEN.,13/12/2024,E/2332/GEN/2024,3336.60,9831.31,$0.79,30/06/1991,Combustóleo y Gas natural,Industrias Diversas,Termoeléctrica,En operación parcial,Veracruz,"Kilómetro 6 al Norte de la Desembocadura del Río Tuxpan, coordenadas 21° 00.573’ N, 97° 19.940’ O, C. P. 92800, Población Isla Potreros, Tuxpan, Veracruz.",CFE Generación VI,México,
1070,"CFE GENERACION III, Central de Combustión Interna Mexicali",GEN.,13/12/2024,E/2333/GEN/2024,436.32,1261.31,$406.41,30/06/2025,Gas natural,Industrias Diversas,Combustión Interna,En construcción,Baja California,"Ejido Cuernavaca a 1 kilómetro al norte del kilómetro 46+300 de la carretera Federal Número 2, San Luis Río Colorado – Mexicali, coordenadas 32° 33.843’ N, 115° 17.276’ O, C. P. 21395, Mexicali, Baja California",Comisión Federal de Electricidad,México,
1071,"ENERGIA DE APIZACO, S.A.P.I. DE C.V.",GEN.,13/12/2024,E/2334/GEN/2024,18.00,120.00,$17.20,01/03/2009,Gas natural,Industrias Diversas,Turbogás,En operación,Tlaxcala,"km 115 de la Carretera Los Reyes-Zacatepec, C.P. 90300, Población Santa Úrsula Zimatec, Municipio de Yauhquemehcan, Estado de Tlaxcala.",Trydan Energía,México,
1072,SECRETARIA DE MEDIO AMBIENTE Y RECURSOS NATURALES COMISION NACIONAL DE AREAS NATURALES PROTEGIDAS,GEN.,16/12/2024,E/2335/GEN/2024,4.17,8.32,$4.45,31/01/2025,diesel,Industrias Diversas,Combustión Interna y fotovoltaica,En construcción,Nayarit,"Puerto Balleto en la Isla Madre de las Islas Marías, coordenadas 21° 38.243’ N, 106° 32.799’ O, C. P. 63779, San Blas, Nayarit","Secretaría de Medio Ambiente y Recursos Naturales, Comisión Nacional de Áreas Naturales Protegidas",México,
1073,SATURNO SOLAR S.A. DE C.V.,GEN.,17/01/2025,E/2336/GEN/2025,155.52,463.10,$101.00,04/03/2027,Sol,Industrias Diversas,Fotovoltaica,En construcción,Hidalgo,"Ejidos Epazoyucan, Santa Mónica, Escobillas y Alfajayucan, aproximadamente a 5.5 kilómetros hacia el sur de la carretera federal 130 Pachuca-Tulancingo, coordenadas 19° 59.377’ N, 98° 35.714’ O, C. P. 43592, Epazoyucan, Hidalgo","Dhamma Energy Management, S. L.",España,
1074,GUACAMAYO SOLAR S.A. DE C.V.,GEN.,17/01/2025,E/2337/GEN/2025,155.52,483.00,$101.00,17/03/2027,Sol,Industrias Diversas,Fotovoltaica,En construcción,Tlaxcala,"Kilómetro 156 de la carretera federal 136 HuamantlaCuapiaxtla, colonia San José Xicoténcatl, coordenadas 19° 19.837’ N, 97° 49.601’ O, C. P. 90515, Humantla, Tlaxcala.","Dhamma Energy Management, S. L.",España,
1075,COLIBRI SOLAR S.A. DE C.V.,GEN.,27/01/2025,E/2338/GEN/2025,103.13,312.00,$70.00,30/11/2026,Sol,Industrias Diversas,Fotovoltaica,En construcción,Tlaxcala,"Kilómetro 136 de la carretera federal número 136 Apizaco-Huamantla, colonia San Diego Xalpatlahuaya, coordenadas 19° 21.292’ N, 97° 58.599’ O, C. P. 90513, Huamantla, Tlaxcala.","Dhamma Energy Management, S. L.",España,
1076,AKUWA SOLAR S.A. DE C.V.,GEN.,31/01/2025,E/2339/GEN/2025,130.96,389.50,$86.00,18/03/2027,Sol,Industrias Diversas,Fotovoltaica,En construcción,Hidalgo,"Ejidos Epazoyucan, Santa Mónica, Escobillas y Jalapilla, aproximadamente a 2 kilómetros hacia el sur de la carretera federal 130 Pachuca-Tulancingo, coordenadas 20° 00.465’ N, 98° 33.981’ O, C. P. 43592, Epazoyucan, Hidalgo.","Dhamma Energy Management, S. L.",España,
1077,IGSABIL S.A. DE C.V.,GEN.,14/02/2025,E/2340/GEN/2025,17.22,143.30,$31.32,21/08/2026,Turbogás,Industrias Diversas,Turbogás,En construcción,Jalisco,"Avenida Guadalupe número 420 A, Guadalajara Technology Park, coordenadas 20° 43.341’ N, 103° 29.059’ O, C. P. 45222, Zapopan, Jalisco","Grupo Industrial IGSA, S. A. de C. V.",México,
1078,"CFE GENERACION III, Unidad de Central Eléctrica Móvil González Ortega-01",GEN.,27/02/2025,E/2341/GEN/2025,31.00,89.62,$30.53,30/06/2025,Gas Natural,Industrias Diversas,Turbogás,En construcción,Baja California,"Parcela 79 del ejido Cuernavaca, el acceso es a la altura del kilómetro 46+500 de la carretera federal número 2 en el tramo San Luis Río Colorado-Mexicali, coordenadas 32° 34.026’ N, 115° 17.448’ O, C. P. 21395, Mexicali, Baja California.",Comisión Federal de Electricidad,México,
1079,"CFE GENERACION III, Unidad de Central Eléctrica Móvil González Ortega-02",GEN.,27/02/2025,E/2342/GEN/2025,31.00,89.62,$30.53,30/06/2025,Gas natural,Industrias Diversas,Turbogás,En construcción,Baja California,"Parcela 79 del ejido Cuernavaca, el acceso es a la altura del kilómetro 46+500 de la carretera federal número 2 en el tramo San Luis Río Colorado-Mexicali, coordenadas 32° 34.026’ N, 115° 17.448’ O, C. P. 21395, Mexicali, Baja California.",Comisión Federal de Electricidad,México,
1080,"CFE GENERACION III, Unidad de Central Eléctrica Móvil González Ortega-03",GEN.,27/02/2025,E/2343/GEN/2025,31.00,89.62,$30.53,30/06/2025,Gas natural,Industrias Diversas,Turbogás,En construcción,Baja California,"Parcela 79 del ejido Cuernavaca, el acceso es a la altura del kilómetro 46+500 de la carretera federal número 2 en el tramo San Luis Río Colorado-Mexicali, coordenadas 32° 34.026’ N, 115° 17.448’ O, C. P. 21395, Mexicali, Baja California.",Comisión Federal de Electricidad,México,
1081,"CFE GENERACION III, Unidad de Central Eléctrica Móvil González Ortega-04",GEN.,27/02/2025,E/2344/GEN/2025,30.00,89.62,$30.53,30/06/2025,Gas natural,Industrias Diversas,Turbogás,En construcción,Baja California,"Parcela 79 del ejido Cuernavaca, el acceso es a la altura del kilómetro 46+500 de la carretera federal número 2 en el tramo San Luis Río Colorado-Mexicali, coordenadas 32° 34.026’ N, 115° 17.448’ O, C. P. 21395, Mexicali, Baja California.",Comisión Federal de Electricidad,México,
1082,"CFE GENERACION III, Unidad de Central Eléctrica Móvil González Ortega-05",GEN.,27/02/2025,E/2345/GEN/2025,31.00,89.62,$30.53,30/06/2025,Gas natural,Industrias Diversas,Turbogás,En construcción,Baja California,"Parcela 79 del ejido Cuernavaca, el acceso es a la altura del kilómetro 46+500 de la carretera federal número 2 en el tramo San Luis Río Colorado-Mexicali, coordenadas 32° 34.026’ N, 115° 17.448’ O, C. P. 21395, Mexicali, Baja California.",Comisión Federal de Electicidad,México,
1083,"CFE GENERACION III, Unidad de Central Eléctrica Móvil González Ortega-06",GEN.,27/02/2025,E/2346/GEN/2025,31.00,89.62,$30.53,30/06/2025,Gas natural,Industrias Diversas,Turbogás,En construcción,Baja California,"Parcela 79 del ejido Cuernavaca, el acceso es a la altura del kilómetro 46+500 de la carretera federal número 2 en el tramo San Luis Río Colorado-Mexicali, coordenadas 32° 34.026’ N, 115° 17.448’ O, C. P. 21395, Mexicali, Baja California.",Comisión Federal de Electricidad,México,
1084,"CFE GENERACION III, Unidad de Central Eléctrica Móvil González Ortega-07",GEN.,27/02/2025,E/2347/GEN/2025,31.00,89.62,$30.53,30/06/2025,Gas natural,Industrias Diversas,Turbogás,En construcción,Baja California,"Parcela 79 del ejido Cuernavaca, el acceso es a la altura del kilómetro 46+500 de la carretera federal número 2 en el tramo San Luis Río Colorado-Mexicali, coordenadas 32° 34.026’ N, 115° 17.448’ O, C. P. 21395, Mexicali, Baja California.",Comisión Federal de Electricidad,México,
1085,"CFE GENERACION III, Unidad de Central Eléctrica Móvil González Ortega-08",GEN.,27/02/2025,E/2348/GEN/2025,31.00,89.62,$30.53,30/06/2025,Gas natural,Industrias Diversas,Turbogás,En construcción,Baja California,"Parcela 79 del ejido Cuernavaca, el acceso es a la altura del kilómetro 46+500 de la carretera federal número 2 en el tramo San Luis Río Colorado-Mexicali, coordenadas 32° 34.026’ N, 115° 17.448’ O, C. P. 21395, Mexicali, Baja California.",Comisión Federal de Electricidad,México,
1086,"SUNSTONE POWER, S. DE R.L. DE C.V.",GEN.,27/02/2025,E/2349/GEN/2025,350.57,935.59,$308.22,30/06/2028,Sol,Industrias Diversas,Fotovoltaica,En construcción,Campeche,"Kilómetro 276+085 de la carretera Escárcega-Villahermosa, La Misteriosa, coordenadas 18° 34.802’ N, 90° 57.863’ O, C. P. 24357, Escárcega, Campeche","Sunstone Power Holdco, S. A. de C. V.",México,
1087,"CFE GENERACION IV, Central Ciclo Combinado Dos Bocas",GEN.,27/02/2025,E/2350/GEN/2025,452.00,2771.68,$0.00,06/05/1975,Gas natural,Industrias Diversas,Ciclo Combinado,Operando,Veracruz,"kilómetro 7.5 de la carretera Veracruz – Medellín, colonia Dos Bocas, coordenadas 19° 05.422’ N, 96° 08.847’ O, C. P. 94271, Población Dos Bocas, Medellín, Veracruz.",Comisión Federal de Electricidad,México,
